precision,recall,threshold
0.23222748815165878,1.0,8.206491363322399e-05
0.23228542914171657,1.0,0.00013357222439061274
0.2323433990516596,1.0,0.00017067400367133505
0.2324013979031453,1.0,0.00017292040350226566
0.2324594257178527,1.0,0.00018795058554930388
0.23251748251748253,1.0,0.00018898480438190367
0.23257556832375717,1.0,0.00020013118515583043
0.23263368315842078,1.0,0.00023503413052557737
0.23269182704323918,1.0,0.0002718152549055558
0.23275,1.0,0.0002778304298289778
0.23280820205051264,1.0,0.0002930382333791497
0.2328664332166083,1.0,0.00030022607441412624
0.2329246935201401,1.0,0.00032421437659294533
0.23298298298298298,1.0,0.0003301856092133993
0.2330413016270338,1.0,0.00034352647406533395
0.23309964947421133,1.0,0.000346379831898556
0.2331580265464563,1.0,0.0003532103532803119
0.23321643286573146,1.0,0.0003664397193892323
0.23327486845402154,1.0,0.0003889732287664058
0.23333333333333334,1.0,0.00039664518684471276
0.23339182752569565,1.0,0.0004111573675214016
0.23345035105315948,1.0,0.00041231919675782896
0.23350890393779783,1.0,0.0004221860150986214
0.23356748620170598,1.0,0.0004278095135790073
0.23362609786700125,1.0,0.0004316468501504691
0.23368473895582328,1.0,0.0004364247261163448
0.23374340949033393,1.0,0.00043700474744508896
0.23380210949271724,1.0,0.00044001310264103505
0.2338608389851796,1.0,0.00044412119938637336
0.23391959798994974,1.0,0.0004463145287914134
0.23397838652927871,1.0,0.00044765891705496823
0.23403720462543992,1.0,0.0004703637552096117
0.2340960523007292,1.0,0.00048073483012037903
0.23415492957746478,1.0,0.000480961744704065
0.2342138364779874,1.0,0.0004959745498399649
0.2342727730246603,1.0,0.0005010061010507519
0.2343317392398691,1.0,0.0005024871931240001
0.23439073514602216,1.0,0.0005116204837232542
0.23444976076555024,1.0,0.0005208861942356376
0.2345088161209068,1.0,0.0005242125536181859
0.2345679012345679,1.0,0.0005249157387319151
0.23462701612903225,1.0,0.0005416935339707943
0.23468616082682128,1.0,0.0005476168008785019
0.23474533535047906,1.0,0.0005547178868971909
0.2348045397225725,1.0,0.0005560596087926556
0.23486377396569122,1.0,0.0005560937293602773
0.23492303810244763,1.0,0.000566761280719989
0.23498233215547704,1.0,0.0005696893909417339
0.23504165614743752,1.0,0.0005704836648044653
0.2351010101010101,1.0,0.0005724886803359973
0.2351603940388987,1.0,0.0005727121115756948
0.23521980798383021,1.0,0.0005731312931911627
0.23527925195855445,1.0,0.0005915157554150724
0.2353387259858443,1.0,0.0005939334156527516
0.23539823008849559,1.0,0.0005951570399798438
0.23545776428932727,1.0,0.0005987208366819189
0.23575588756647253,1.0,0.000600333353677347
0.23581560283687944,1.0,0.0006100266434894821
0.23587534836584748,1.0,0.0006101791191646346
0.23593512417638116,1.0,0.00062259384565365
0.23599493029150823,1.0,0.0006260510371135226
0.2360547667342799,1.0,0.0006321947698995884
0.23611463352777073,1.0,0.0006331653797254368
0.23617453069507863,1.0,0.0006346444685122082
0.23623445825932504,1.0,0.0006402146070484013
0.23629441624365483,1.0,0.0006424472424621431
0.23659466327827192,1.0,0.0006426494907508974
0.23665480427046262,1.0,0.0006450564496156372
0.23671497584541062,1.0,0.0006511286199526016
0.23683541083693715,1.0,0.0006527681800917018
0.23689567430025446,1.0,0.000655605300165336
0.23713703515028017,1.0,0.0006564624350861581
0.23719745222929936,1.0,0.0006610772047229397
0.2372579001019368,1.0,0.0006619534072288713
0.237318378791741,1.0,0.0006622817485286784
0.23743942871716398,1.0,0.0006637522311923886
0.2375,1.0,0.0006651558807062515
0.23756060219443736,1.0,0.0006664762884833536
0.23762123532414497,1.0,0.0006721076839492869
0.23768189941281592,1.0,0.000684964593155649
0.2377425944841675,1.0,0.0006860273377895535
0.23786407766990292,1.0,0.0006876726436963647
0.23792486583184258,1.0,0.000687960314761489
0.23798568507157464,1.0,0.0006905453291916361
0.2381074168797954,1.0,0.0007008568388422085
0.23816832949603478,1.0,0.0007024296875715405
0.23822927328556806,1.0,0.0007043404723348203
0.23829024827233172,1.0,0.0007044406098668241
0.23835125448028674,1.0,0.0007045886827120504
0.2384122919334187,1.0,0.000711733314567179
0.2384733606557377,1.0,0.0007132561260669386
0.2385344606712785,1.0,0.0007154589518003538
0.23859559200410047,1.0,0.0007168088734582422
0.23865675467828762,1.0,0.0007236213484967266
0.2387179487179487,1.0,0.0007273653587861782
0.23877917414721722,1.0,0.0007308098755439455
0.2388404309902514,1.0,0.0007369779984917796
0.23890171927123427,1.0,0.0007455366542680973
0.2389630390143737,1.0,0.000747936840635736
0.23908577298407807,1.0,0.0007494524088691395
0.23914718725918316,1.0,0.0007506429578912759
0.2392086330935252,1.0,0.0007528439865241119
0.23927011051143665,1.0,0.0007570253417145846
0.23933161953727505,1.0,0.0007658943499715348
0.23939316019542298,1.0,0.000766789458897538
0.23945473251028807,1.0,0.0007696755790068456
0.23951633650630305,1.0,0.0007736372610285601
0.2395779722079259,1.0,0.0007754909677494212
0.23963963963963963,1.0,0.0007782665689446216
0.23970133882595263,1.0,0.0007851817010477455
0.23976306979139841,1.0,0.000790332701362514
0.2398248325605358,1.0,0.0007903985103901916
0.23988662715794898,1.0,0.0007979071130983825
0.23994845360824743,1.0,0.000800388623580208
0.24007220216606498,1.0,0.0008033345221952036
0.2401341243229301,1.0,0.0008058352645301304
0.24019607843137256,1.0,0.0008075484277904499
0.2403200826019618,1.0,0.000807619654568317
0.24038213271365866,1.0,0.0008107419066775217
0.24044421487603307,1.0,0.0008107713763146417
0.24050632911392406,1.0,0.0008110331902575693
0.2405684754521964,1.0,0.000812097002834527
0.24069286452947258,1.0,0.0008142795364960275
0.24081738230729435,1.0,0.0008173465728257709
0.24087968952134542,1.0,0.0008193389727340493
0.24094202898550723,1.0,0.0008201701563816761
0.24100440072482526,1.0,0.0008214476950666723
0.24106680476437078,1.0,0.000825218539056278
0.24112924112924114,1.0,0.0008289045289659008
0.2411917098445596,1.0,0.0008305071917912017
0.2412542109354755,1.0,0.0008316440888020833
0.24131674442716433,1.0,0.0008349206864135589
0.24144190871369295,1.0,0.0008356499564259399
0.24150453955901427,1.0,0.0008378135219506419
0.24156720290607162,1.0,0.0008462141439673922
0.2416298987801713,1.0,0.0008521010247049577
0.2416926272066459,1.0,0.0008531190413624667
0.24175538821085432,1.0,0.0008608256333166635
0.24188100805404,1.0,0.0008643277055982214
0.24194386694386694,1.0,0.0008807896382044921
0.2420067585131271,1.0,0.0008815427649707355
0.2420696827873115,1.0,0.0008827718215611919
0.24219562955254942,1.0,0.0008847276269663783
0.24225865209471767,1.0,0.0008853957127496119
0.24232170744403955,1.0,0.0008854899716595352
0.24238479562613902,1.0,0.0008855435387794574
0.24244791666666668,1.0,0.0008867727973913351
0.2425110705912998,1.0,0.0008882337896128556
0.24257425742574257,1.0,0.0008887930561721375
0.24263747719572581,1.0,0.000894841314518196
0.2427007299270073,1.0,0.0009007613418070347
0.2427640156453716,1.0,0.0009065314876046163
0.24282733437663015,1.0,0.0009078402475974818
0.24289068614662143,1.0,0.0009107034441088779
0.24295407098121086,1.0,0.0009139486811447835
0.2430174889062908,1.0,0.0009182478260351638
0.24308093994778068,1.0,0.0009220743883084917
0.24314442413162707,1.0,0.0009255494453628215
0.24320794148380356,1.0,0.0009288975086295886
0.24327149203031095,1.0,0.0009307421457606039
0.2433350757971772,1.0,0.0009329070692159486
0.2433986928104575,1.0,0.0009343922724441722
0.2434623430962343,1.0,0.0009403879133133606
0.24352602668061732,1.0,0.000942033674571604
0.24358974358974358,1.0,0.0009421478881736522
0.24365349384977755,1.0,0.0009463124361273806
0.243717277486911,1.0,0.0009465689115057504
0.24378109452736318,1.0,0.000949028564310619
0.24390882892323815,1.0,0.0009506525847682033
0.2439727463312369,1.0,0.0009515757308109904
0.24403669724770644,1.0,0.0009551017175936466
0.24410068169900367,1.0,0.0009563045157290816
0.24422875131164742,1.0,0.0009594524906321161
0.24435695538057742,1.0,0.0009609746668294006
0.24442110790233657,1.0,0.0009633014011870719
0.24448529411764705,1.0,0.0009645040358585182
0.24454951405306016,1.0,0.0009654866369761496
0.24461376773515503,1.0,0.0009729257152678069
0.24467805519053876,1.0,0.0009737960515905262
0.24474237644584648,1.0,0.0009773428723204513
0.24480673152774127,1.0,0.00097997181452009
0.24487112046291426,1.0,0.000980080097008416
0.24493554327808473,1.0,0.0009811024996251893
0.24506449065543565,1.0,0.0009892371226513734
0.24551687763713081,1.0,0.0009903245055802071
0.2455816407280401,1.0,0.0009923160387443498
0.24564643799472297,1.0,0.0009930163774246443
0.24571126946423857,1.0,0.000996778127969563
0.24577613516367477,1.0,0.0009973108395473556
0.24584103512014788,1.0,0.0009991965278118807
0.24590596936080295,1.0,0.0010000473381922292
0.24597093791281374,1.0,0.0010016930731354993
0.24603594080338267,1.0,0.001003298910002694
0.24610097805974096,1.0,0.0010040974039073325
0.2461660497091486,1.0,0.0010050038356209236
0.24623115577889448,1.0,0.0010054804383630898
0.2462962962962963,1.0,0.0010082823041907983
0.2463614712887007,1.0,0.0010091406874575333
0.24642668078348332,1.0,0.0010110397279994594
0.2464919248080487,1.0,0.0010114819609817738
0.2465572033898305,1.0,0.0010141253485477376
0.2466225165562914,1.0,0.0010152705255761123
0.24668786433492315,1.0,0.001019315955847888
0.24675324675324675,1.0,0.0010217451171252512
0.24714627024157154,1.0,0.0010242439758732338
0.24721189591078066,1.0,0.0010252028008652528
0.24727755644090305,1.0,0.001028069892855697
0.2473432518597237,1.0,0.0010299466478958265
0.24740898219505714,1.0,0.0010305684685435331
0.2474747474747475,1.0,0.0010309395373002909
0.24754054772666845,1.0,0.0010410782852803716
0.2476063829787234,1.0,0.0010426110235983992
0.24767225325884543,1.0,0.001045807212768469
0.24773815859499734,1.0,0.0010500310376020824
0.24780409901517167,1.0,0.001050311492619167
0.24787007454739085,1.0,0.0010510824635406278
0.24793608521970706,1.0,0.0010544147490302027
0.24800213106020244,1.0,0.001054511325486567
0.24806821209698907,1.0,0.0010546720509340855
0.24813432835820895,1.0,0.0010582955580701896
0.2482004798720341,1.0,0.0010620254420693098
0.24826666666666666,1.0,0.0010623226717239823
0.24833288877033877,1.0,0.001063314048859919
0.24846543901788098,1.0,0.0010663257960959302
0.2485981308411215,1.0,0.0010667693583568923
0.24866452991452992,1.0,0.0010679519848659613
0.24873096446700507,1.0,0.0010702750712873216
0.24886394012296179,1.0,0.0010720098756013797
0.24893048128342246,1.0,0.0010722617335052029
0.24899705803690828,1.0,0.0010743714519425322
0.24919700214132762,1.0,0.0010762372524176934
0.2493304767005892,1.0,0.0010797053380359207
0.24939726761317974,1.0,0.0010818422813738515
0.24959785522788203,1.0,0.0010828686833329968
0.24966478948779833,1.0,0.0010834867712099928
0.24973175965665237,1.0,0.0010838558198258991
0.24979876576334853,1.0,0.0010870065837460703
0.24986580783682233,1.0,0.00108741908553508
0.24993288590604026,1.0,0.0010982998612989383
0.25,1.0,0.0010987227541849173
0.25006715014773034,1.0,0.0011007829489390155
0.250201558720774,1.0,0.0011027240464403937
0.25026881720430105,1.0,0.0011051450801365795
0.25033611185802634,1.0,0.0011057448781316682
0.250403442711135,1.0,0.0011115639436323327
0.2504708097928437,1.0,0.0011123944336712459
0.25053821313240043,1.0,0.0011156248961098584
0.2506056527590848,1.0,0.001118776122958681
0.25087577472379413,1.0,0.001118999983051689
0.2509433962264151,1.0,0.0011211642968776197
0.25101105419250475,1.0,0.0011221558964710663
0.2512142471667566,1.0,0.0011243920109692204
0.2512820512820513,1.0,0.0011264910146854652
0.25134989200863933,1.0,0.0011282582159736392
0.2514177693761815,1.0,0.00112938330229253
0.2514856834143706,1.0,0.0011306842339716123
0.2516216216216216,1.0,0.0011350663163876
0.2516896458502298,1.0,0.0011355047294575413
0.2517577068685776,1.0,0.0011469599227674127
0.2518258047065188,1.0,0.0011480591368453245
0.2518939393939394,1.0,0.001150311629996375
0.25196211096075777,1.0,0.001151722307941382
0.2520303194369247,1.0,0.0011591074786079694
0.2520985648524235,1.0,0.0011595768680877452
0.2521668472372698,1.0,0.00116065498998988
0.25230352303523035,1.0,0.00116489452338681
0.2523719165085389,1.0,0.0011654678012888334
0.25285171102661597,1.0,0.0011666307443342022
0.2529204020646563,1.0,0.0011670389012427322
0.2529891304347826,1.0,0.0011670694877166405
0.2530578961674368,1.0,0.0011679835270944708
0.25312669929309406,1.0,0.0011727143308379138
0.25319553984226273,1.0,0.0011746325963251417
0.2532644178454842,1.0,0.0011789699999788193
0.25333333333333335,1.0,0.001180678860023155
0.2534022863364181,1.0,0.0011815041833943792
0.2534712768853798,1.0,0.0011829024979399141
0.25354030501089325,1.0,0.0011900604628756733
0.2536093707436666,1.0,0.0011918339817269254
0.2540938864628821,1.0,0.0011960557562826497
0.25416325416325414,1.0,0.0011974470762602047
0.2542326597487712,1.0,0.0011988657388496036
0.25430210325047803,1.0,0.0011988658500978059
0.25437158469945353,1.0,0.001200598547545197
0.2544411041268106,1.0,0.0012016759700848546
0.254510661563696,1.0,0.0012023235606950986
0.2547892720306513,1.0,0.0012093491988304432
0.25485901998357513,1.0,0.0012099296871764971
0.2549288061336254,1.0,0.0012103396497261134
0.25499863051218846,1.0,0.0012150077867301807
0.2550684931506849,1.0,0.0012175160754844378
0.25513839408057004,1.0,0.0012188784213575774
0.2552083333333333,1.0,0.0012240141439483496
0.255278310940499,1.0,0.0012268531536963538
0.2554183813443073,1.0,0.0012278283460425857
0.25548847420417126,1.0,0.00123739266916701
0.2556287753981329,1.0,0.0012406825310467275
0.25569898379566053,1.0,0.0012465452043984632
0.25576923076923075,1.0,0.0012482848391020824
0.25605060506050603,1.0,0.0012495286981165032
0.256121045392022,1.0,0.0012556236881964436
0.2561915244909191,1.0,0.0012560907867110158
0.25626204238921,1.0,0.0012574755205312924
0.25633259911894274,1.0,0.0012587862769797885
0.2564031947122005,1.0,0.0012587882265357952
0.25647382920110195,1.0,0.0012589890522063595
0.25654450261780104,1.0,0.001261013280491758
0.2566152149944873,1.0,0.0012659895550989103
0.2566859663633857,1.0,0.001266391498532704
0.25675675675675674,1.0,0.0012696087799798689
0.25682758620689655,1.0,0.0012709254309852976
0.2568984547461369,1.0,0.0012773579909113454
0.25696936240684515,1.0,0.0012783638315647136
0.2570403092214246,1.0,0.0012813385017167783
0.2571112952223143,1.0,0.0012909854432454568
0.25718232044198897,1.0,0.0012956673199342752
0.2572533849129594,1.0,0.0013002473593877167
0.25732448866777224,1.0,0.0013074274700631148
0.25739563173901026,1.0,0.0013080775398802852
0.25753803596127245,1.0,0.0013103298246030478
0.2576092971776425,1.0,0.0013113239871859075
0.25768059784112923,1.0,0.0013117153246121338
0.25775193798449614,1.0,0.0013144795290245652
0.2578233176405428,1.0,0.0013149918592659442
0.2578947368421053,1.0,0.001315341105015914
0.25796619562205597,1.0,0.0013159086206532267
0.2580376940133038,1.0,0.0013182995214219672
0.258109232048794,1.0,0.001322964647776981
0.2581808097615086,1.0,0.0013231315163054402
0.2583240843507214,1.0,0.001324262042457612
0.25839578129336666,1.0,0.0013322163607221717
0.25846751804553025,1.0,0.0013326374361852618
0.25853929464037767,1.0,0.0013356945683721765
0.2586111111111111,1.0,0.001340263211910977
0.2586829674909697,1.0,0.0013437312235088864
0.2587548638132296,1.0,0.001343900188950822
0.2588268001112038,1.0,0.0013446058792742901
0.2588987764182425,1.0,0.0013453473656295622
0.25897079276773294,1.0,0.0013483938135458889
0.2590428491930996,1.0,0.0013492554721565376
0.2591149457278041,1.0,0.0013498535993082315
0.2591870824053452,1.0,0.0013572782336126253
0.25925925925925924,1.0,0.0013593481212765476
0.25933147632311976,1.0,0.0013605587707872875
0.25940373363053776,1.0,0.0013611994061590493
0.25947603121516166,1.0,0.0013655460677211664
0.2596207473508087,1.0,0.001367253211312009
0.2596931659693166,1.0,0.0013698646096147336
0.259765625,1.0,0.0013755442941908152
0.2598381244766955,1.0,0.0013842089445499158
0.2599106644332775,1.0,0.001384827140935458
0.2599832449036582,1.0,0.001385794678596193
0.2600558659217877,1.0,0.0013868187272746374
0.2602012297372834,1.0,0.001390001835321498
0.26034675615212527,1.0,0.0013922182538967595
0.2604195804195804,1.0,0.0013934730126023609
0.260565351245452,1.0,0.0013954210143973674
0.26063829787234044,1.0,0.001395748350111995
0.2609304932735426,1.0,0.0013972083631002717
0.2610036445192038,1.0,0.0014057657711684759
0.2610768367919237,1.0,0.0014130579840666503
0.2611500701262272,1.0,0.0014133184794211837
0.2612233445566779,1.0,0.0014145126481684355
0.26129666011787817,1.0,0.0014169836016843956
0.2613700168444694,1.0,0.0014183672750829371
0.2614434147711317,1.0,0.0014213037134372128
0.2615168539325843,1.0,0.0014227437552967327
0.26159033436358525,1.0,0.0014243659982848505
0.261663856098932,1.0,0.0014276964255304997
0.2617374191734608,1.0,0.0014279416597542873
0.2618110236220472,1.0,0.0014285666445729935
0.2618846694796062,1.0,0.0014314229313533914
0.26195835678109175,1.0,0.0014321508651250633
0.2620320855614973,1.0,0.0014338407086007775
0.26210585585585583,1.0,0.0014338938037336177
0.26217966769923967,1.0,0.0014339863190606958
0.26225352112676054,1.0,0.0014340681462907039
0.26232741617357,1.0,0.0014349180510710997
0.26240135287485905,1.0,0.0014370770844805202
0.2624753312658585,1.0,0.001437591062094882
0.2625493513818387,1.0,0.0014398758074338788
0.26299435028248586,1.0,0.001450951905886294
0.2631430186546071,1.0,0.001451668922633604
0.26321741588917164,1.0,0.0014563055177708737
0.2632918552036199,1.0,0.0014613116466897533
0.2633663366336634,1.0,0.0014620461126936739
0.26344086021505375,1.0,0.0014719591163358807
0.26351542598358335,1.0,0.0014723114294723713
0.2636646842254319,1.0,0.0014747259449141763
0.26373937677053827,1.0,0.0014753027432666832
0.26381411164635876,1.0,0.0014800090266518233
0.2638888888888889,1.0,0.0014823789595198105
0.263963708534165,1.0,0.0014838522147939581
0.2640385706182643,1.0,0.0014854799600097263
0.264113475177305,1.0,0.0014889800224928645
0.2641884222474461,1.0,0.001492914424859313
0.2642634118648879,1.0,0.0014934424345549914
0.2644135188866799,1.0,0.0014947953036051223
0.26448863636363634,1.0,0.0014950929131104917
0.264563796533106,1.0,0.001498301056056128
0.26463899943149516,1.0,0.0015019908357401597
0.26524216524216526,1.0,0.001502663962910586
0.2653177543459675,1.0,0.0015028084091135308
0.2653933865450399,1.0,0.0015047853645259572
0.2654690618762475,1.0,0.0015060431858555173
0.2655447803764974,1.0,0.001506727002509165
0.26562054208273894,1.0,0.0015093401359257744
0.2656963470319635,1.0,0.0015097518090159375
0.26577219526120466,1.0,0.0015124837497363759
0.266,1.0,0.0015125294483907417
0.26607602172049155,1.0,0.0015172512974148782
0.26615208690680386,1.0,0.0015183642630999827
0.26622819559622535,1.0,0.0015196018281644348
0.266304347826087,1.0,0.0015262427510562818
0.2664567830566686,1.0,0.0015323387654339743
0.2665330661322645,1.0,0.0015382789752499864
0.26668576339157835,1.0,0.0015413668749160452
0.2667621776504298,1.0,0.001547199577897767
0.2668386357122385,1.0,0.0015490833536358146
0.2669151376146789,1.0,0.0015510390583337089
0.2671449067431851,1.0,0.0015528020750874374
0.267298306057996,1.0,0.0015555030968547635
0.26737507179781733,1.0,0.0015571580425963868
0.267451881643206,1.0,0.001558232903680664
0.26752873563218393,1.0,0.0015594405495906712
0.2676056338028169,1.0,0.0015616832924532009
0.2676825761932145,1.0,0.001570312792092993
0.2677595628415301,1.0,0.0015749753625941213
0.26783659378596086,1.0,0.0015850242671793218
0.2679136690647482,1.0,0.0015956583493683335
0.2679907887161773,1.0,0.001596855107269728
0.2680679527785776,1.0,0.0015994443284078927
0.26814516129032256,1.0,0.001599731086379011
0.26822241428983,1.0,0.0016001359655213965
0.26829971181556195,1.0,0.0016042140453371534
0.2683770539060248,1.0,0.0016042914080020146
0.2684544405997693,1.0,0.001609262285350408
0.26853187193539085,1.0,0.0016104662486396335
0.26860934795152913,1.0,0.00162014086932172
0.26876443418013857,1.0,0.001621110914497066
0.2688420444701126,1.0,0.001625675932433571
0.26891969959560946,1.0,0.0016285063847729243
0.2689973995954926,1.0,0.0016332538560244695
0.26907514450867054,1.0,0.0016378528035400845
0.26915293437409654,1.0,0.0016381440987999988
0.2692307692307692,1.0,0.001638968842665488
0.26938657407407407,1.0,0.0016391578540742064
0.26946454413892906,1.0,0.0016409007361091778
0.26954255935147653,1.0,0.0016418837503701868
0.2696206197509412,1.0,0.0016496759640415284
0.2698550724637681,1.0,0.001653995484469481
0.2699333140040591,1.0,0.001660641284488284
0.27001160092807425,1.0,0.0016641577897463474
0.2700899332753119,1.0,0.0016652204571890306
0.2701683110853163,1.0,0.001665679937780258
0.27024673439767777,1.0,0.0016682815788398053
0.27040371768806276,1.0,0.0016684058747978797
0.2704822777454968,1.0,0.001670034130558287
0.2705608834641093,1.0,0.0016732026127060378
0.27063953488372094,1.0,0.0016738614414485776
0.27071823204419887,1.0,0.0016752605324661756
0.2707969749854567,1.0,0.0016785691741195443
0.2709545983701979,1.0,0.0016802479697243123
0.2710334788937409,1.0,0.0016828311352774588
0.2711124053581829,1.0,0.001686325442154054
0.27119137780367025,1.0,0.0016912416457655875
0.2712703962703963,1.0,0.0016919901917013883
0.271349460798601,1.0,0.0016933100084557315
0.2714285714285714,1.0,0.0016937861704361045
0.27150772820064156,1.0,0.0016970415277145572
0.27158693115519256,1.0,0.0016987813268867365
0.27166618033265244,1.0,0.0016992246905823726
0.2717454757734968,1.0,0.001702303200008967
0.27182481751824816,1.0,0.0017023430527061394
0.27190420560747663,1.0,0.0017043714517164864
0.27206312098188196,1.0,0.0017046299150184074
0.27214264834843616,1.0,0.0017065404916735169
0.2722222222222222,1.0,0.0017077268219323084
0.27230184264404794,1.0,0.0017103220604691865
0.27238150965476887,1.0,0.0017173072965157134
0.2726207906295754,1.0,0.0017186784908036332
0.27270064440538955,1.0,0.001719058129855524
0.27278054497509524,1.0,0.001721687746273343
0.2728604923798359,1.0,0.0017224716495806204
0.2729404866608033,1.0,0.0017256735447037526
0.2730205278592375,1.0,0.0017301225284169673
0.2731006160164271,1.0,0.001731540686053558
0.27318075117370894,1.0,0.0017362169362193716
0.27326093337246843,1.0,0.001738688342801678
0.27334116265413977,1.0,0.0017392293514032996
0.2734214390602056,1.0,0.0017410971854930576
0.2736625514403292,1.0,0.0017414931539701
0.2737430167597765,1.0,0.0017425705581973765
0.2738235294117647,1.0,0.0017431542313509332
0.27390408943807004,1.0,0.0017492542357761673
0.27406535178098324,1.0,0.001753380991430359
0.2741460541813899,1.0,0.00175476887765729
0.27422680412371137,1.0,0.0017559504617320498
0.27430760164997053,1.0,0.0017571892082433812
0.2743884468022399,1.0,0.00176406881232029
0.27446933962264153,1.0,0.00177064297449685
0.2745502801533471,1.0,0.0017709519444507862
0.27463126843657815,1.0,0.001772044138188569
0.2747123045146061,1.0,0.0017721297313220913
0.27479338842975204,1.0,0.0017724756463127994
0.27487452022438735,1.0,0.0017725524623637993
0.27544378698224853,1.0,0.001783818694677997
0.2755253033441847,1.0,0.0017898807097524215
0.2756068679692126,1.0,0.0017932028081839582
0.2756884809002073,1.0,0.001801149908850291
0.27577014218009477,1.0,0.0018044474736181532
0.27585185185185185,1.0,0.0018111756957016768
0.27593360995850624,1.0,0.0018137588881379403
0.27601541654313666,1.0,0.001816746837530386
0.2760972716488731,1.0,0.0018177198128310368
0.27617917531889646,1.0,0.001819687358471916
0.27626112759643917,1.0,0.0018214699370936338
0.2763431285247848,1.0,0.0018215542694854047
0.2764251781472684,1.0,0.0018284420200490017
0.2765072765072765,1.0,0.0018319761448546649
0.2765894236482472,1.0,0.0018324117183718262
0.27667161961367015,1.0,0.001836346090313741
0.27675386444708683,1.0,0.0018514231694357782
0.2768361581920904,1.0,0.0018528846335064196
0.276918500892326,1.0,0.0018529896109504152
0.27700089259149063,1.0,0.0018547795720350734
0.2771658231616553,1.0,0.00185644732144784
0.27724836212030973,1.0,0.0018610453213551376
0.27733095025320226,1.0,0.0018630378089234529
0.2774135876042908,1.0,0.0018636749798281857
0.2774962742175857,1.0,0.0018638841892247128
0.2775790101371497,1.0,0.001869663333330415
0.27774463007159905,1.0,0.0018742801861357625
0.27782751417487317,1.0,0.0018817983138462255
0.27791044776119406,1.0,0.0018826524030731095
0.27799343087488804,1.0,0.0018834210763941429
0.27807646356033455,1.0,0.0018837324714212787
0.27815954586196595,1.0,0.0018898746466199895
0.27824267782426776,1.0,0.0018923131338809615
0.2783258594917788,1.0,0.00189472487798606
0.2784090909090909,1.0,0.0019060532929524494
0.27849237212084954,1.0,0.0019084770746803316
0.27857570317175345,1.0,0.0019099380592139282
0.27865908410655493,1.0,0.0019101054359183876
0.27874251497005986,1.0,0.0019129817541027778
0.27882599580712786,1.0,0.0019203756622770871
0.27890952666267227,1.0,0.0019271537140621707
0.2789931075816602,1.0,0.001928309629168265
0.2790767386091127,1.0,0.0019331038342816826
0.279160419790105,1.0,0.0019402708077504158
0.27924415116976603,1.0,0.0019406495947968277
0.27932793279327933,1.0,0.001945352807748651
0.27941176470588236,1.0,0.001953411899511737
0.279495646952867,1.0,0.0019541743548705877
0.2795795795795796,1.0,0.0019547302624067287
0.27966356263142084,1.0,0.001956393980178587
0.27974759615384615,1.0,0.0019584348088543995
0.2798316801923655,1.0,0.001964018548692746
0.28,1.0,0.0019789700667712973
0.28008423586040915,1.0,0.001989604748660757
0.28016852241950047,1.0,0.0019908843060796985
0.2802528597230584,1.0,0.001993105091761496
0.2803372478169226,1.0,0.001997388835489419
0.280421686746988,1.0,0.002001703400501282
0.2805907172995781,1.0,0.002001893613204531
0.2806753090141694,1.0,0.002003656239627696
0.2807599517490953,1.0,0.0020069332928668144
0.2808446455505279,1.0,0.002007258928043201
0.28092939046469523,1.0,0.002008717287252391
0.28101418653788107,1.0,0.002012466841524195
0.28109903381642515,1.0,0.002015934739921864
0.28118393234672306,1.0,0.002016102025665693
0.2812688821752266,1.0,0.002017347364553106
0.28135388334844363,1.0,0.002019879280537565
0.28143893591293834,1.0,0.002023486678595337
0.28160919540229884,1.0,0.0020287400996673493
0.28169440242057486,1.0,0.0020289606048391204
0.2817796610169492,1.0,0.0020314196611671722
0.28186497123826826,1.0,0.0020329273464128866
0.28195033313143547,1.0,0.0020421286016362103
0.2822067293119127,1.0,0.0020439571699139457
0.282292298362644,1.0,0.0020486937395800538
0.2823779193205945,1.0,0.002052811897600877
0.2824635922330097,1.0,0.0020535634318580246
0.2825493171471927,1.0,0.002054010633575545
0.28263509411050397,1.0,0.0020552690318750887
0.28272092317036135,1.0,0.0020563642246373363
0.2828068043742406,1.0,0.0020605874409855107
0.28297872340425534,1.0,0.0020612032162405326
0.2830647613256309,1.0,0.002062961599818945
0.2831508515815085,1.0,0.0020633489407540485
0.2832369942196532,1.0,0.002069666959756273
0.283323189287888,1.0,0.0020702632420805797
0.28340943683409436,1.0,0.002072975538725869
0.28349573690621194,1.0,0.0020734547299680432
0.28366849482023154,1.0,0.0020757134285339872
0.28375495275830537,1.0,0.002076059565525008
0.2838414634146341,1.0,0.002082662208636546
0.28392802683745044,1.0,0.0020826927908298765
0.28401464307504576,1.0,0.002091158974791255
0.2841880341880342,1.0,0.002091551910210442
0.28427480916030534,1.0,0.0020920073770443505
0.2843616371411118,1.0,0.002095715308884729
0.28444851817904065,1.0,0.0020984737331865536
0.2845354523227384,1.0,0.002108832180604576
0.28470948012232417,1.0,0.0021093383798127456
0.284796573875803,1.0,0.002111419100753652
0.28488372093023256,1.0,0.002113587697097767
0.2849709213345577,1.0,0.0021177122500271517
0.28514548238897397,1.0,0.0021194301556436697
0.2852328431372549,1.0,0.002120203377683911
0.2853202574318112,1.0,0.002129812548264436
0.2854952468567924,1.0,0.0021332141301609463
0.2855828220858896,1.0,0.002134543530094653
0.28567045105860694,1.0,0.0021359862216766097
0.28575813382443216,1.0,0.002147042771874923
0.2858458704329137,1.0,0.002147354281104397
0.28593366093366096,1.0,0.002150285559851542
0.2860215053763441,1.0,0.002151219318393386
0.28610940381069455,1.0,0.0021575040316832096
0.2861973562865048,1.0,0.0021587645831203715
0.28628536285362854,1.0,0.002158803524840944
0.28646153846153843,1.0,0.0021589283687599267
0.28654970760233917,1.0,0.002161873774108
0.28663793103448276,1.0,0.00216458958146943
0.28681454097350584,1.0,0.0021686184854174356
0.2869029275808937,1.0,0.0021705040457487322
0.2869913686806412,1.0,0.0021836321281998882
0.2870798643231576,1.0,0.002184238583205565
0.28716841455891423,1.0,0.0021845128466677194
0.28725701943844495,1.0,0.002185962326445459
0.2873456790123457,1.0,0.002187741972543577
0.2874343933312751,1.0,0.0021908076762535765
0.2875231624459543,1.0,0.0021954344357415522
0.2876119864071671,1.0,0.0021998384745488516
0.2877008652657602,1.0,0.0022010219532519726
0.28778979907264296,1.0,0.0022031955540013724
0.2878787878787879,1.0,0.002209176716549874
0.28796783173523044,1.0,0.0022096054779575124
0.2880569306930693,1.0,0.0022107117023622597
0.28814608480346643,1.0,0.0022159321975219496
0.28823529411764703,1.0,0.002217412262996061
0.2883245586869,1.0,0.002218203347446239
0.2885032537960954,1.0,0.002227688606874774
0.2887717121588089,1.0,0.002231173490492432
0.288861309339125,1.0,0.0022359940186414936
0.2889509621353197,1.0,0.002236406163157581
0.2890406705991928,1.0,0.0022420203726206773
0.2891304347826087,1.0,0.002245258974750699
0.28922025473749613,1.0,0.0022464134473343393
0.28940006216972336,1.0,0.002247534227653358
0.28949004975124376,1.0,0.0022492013337201146
0.2895800933125972,1.0,0.0022495557101932235
0.2896701929060361,1.0,0.0022537806633757137
0.289760348583878,1.0,0.0022541166594598565
0.2898505603985056,1.0,0.00225627934459885
0.28994082840236685,1.0,0.0022638669751820196
0.2900311526479751,1.0,0.002272643619175724
0.290121533187909,1.0,0.0022798585560473363
0.290211970074813,1.0,0.002292843178591264
0.2903024633613969,1.0,0.002295743227546488
0.2903930131004367,1.0,0.00230329236344358
0.29057428214731584,1.0,0.00230665785760095
0.29066500156103653,1.0,0.002306973718369338
0.29075577763897564,1.0,0.0023081524909863223
0.2908466104342393,1.0,0.002310890218323852
0.2909375,1.0,0.0023162425357106595
0.2910284463894967,1.0,0.0023240915258671536
0.29111944965603503,1.0,0.002326645173228815
0.29130162703379225,1.0,0.0023270871427982483
0.29139280125195616,1.0,0.0023283279103831107
0.291484032561052,1.0,0.002335397292890077
0.2915753210147197,1.0,0.0023414141471317595
0.2916666666666667,1.0,0.0023432072685767927
0.2917580695706675,1.0,0.0023454393537317778
0.2918495297805643,1.0,0.0023465673807927514
0.29194104735026655,1.0,0.0023479539830111758
0.29203262233375155,1.0,0.0023517185956140555
0.2921242547850643,1.0,0.002355530210459024
0.29221594475831764,1.0,0.0023578649541223925
0.2923076923076923,1.0,0.00236327790817171
0.2923994974874372,1.0,0.0023635266139341625
0.2924913603518693,1.0,0.0023657306228750813
0.2926752593524049,1.0,0.002372278897448885
0.29285938974520287,1.0,0.0023736433665348254
0.2931360201511335,1.0,0.002377321492843642
0.29322834645669293,1.0,0.002379875658234476
0.2933207309388784,1.0,0.002381291596696195
0.2934131736526946,1.0,0.0023852373356596846
0.29350567465321564,1.0,0.0023865913638047714
0.293598233995585,1.0,0.002386619493298815
0.29369085173501575,1.0,0.002387111679427685
0.2937835279267908,1.0,0.0023897554081863666
0.29387626262626265,1.0,0.002390113656741829
0.2939690558888538,1.0,0.0023921780355327295
0.29406190777005686,1.0,0.0023974585006002924
0.29415481832543444,1.0,0.002399536253634013
0.2942477876106195,1.0,0.002404048548054912
0.2943408156813152,1.0,0.0024062335350363653
0.2944339025932954,1.0,0.0024073496931220073
0.2945270484024043,1.0,0.002407834093559177
0.294620253164557,1.0,0.0024098214742297817
0.29471351693573916,1.0,0.0024137729306108933
0.2948068397720076,1.0,0.0024152934938251472
0.29490022172949004,1.0,0.002418297715113232
0.2949936628643853,1.0,0.002434033487478938
0.2950871632329635,1.0,0.0024460654371758856
0.2952743418966064,1.0,0.0024502222480503803
0.29546175817200887,1.0,0.0024506272172820907
0.29555555555555557,1.0,0.0024524838562248936
0.2956494125119085,1.0,0.0024552914133258667
0.2957433290978399,1.0,0.0024602751362789222
0.2958373053701938,1.0,0.0024607482734249936
0.29593134138588684,1.0,0.0024635372067624587
0.29602543720190777,1.0,0.002470777067361867
0.2961195928753181,1.0,0.0024755719540306294
0.2962138084632517,1.0,0.002477322934975029
0.29630808402291536,1.0,0.0024780618520487624
0.2964968152866242,1.0,0.0024799748797256988
0.2965912711054476,1.0,0.0024834802199661405
0.29668578712555765,1.0,0.0024839685266470923
0.2967803634045266,1.0,0.002491232003257789
0.296875,1.0,0.0024954422682604816
0.2971592722630067,1.0,0.0024986718796343346
0.29725415070242656,1.0,0.002501163581128327
0.2976342710997442,1.0,0.0025017401389879944
0.297729453149984,1.0,0.0025055039390009404
0.2978246960972489,1.0,0.0025114922829870606
0.2982062780269058,1.0,0.0025117404111753834
0.2983018263377123,1.0,0.0025155041715041932
0.2983974358974359,1.0,0.002519294121320496
0.2984931067649888,1.0,0.0025266984461818753
0.29858883899935856,1.0,0.0025351233826933954
0.2986846326596086,1.0,0.002536860683106651
0.29878048780487804,1.0,0.00253993286591575
0.298876404494382,1.0,0.002545870943137132
0.2989723827874117,1.0,0.0025544177083211004
0.2990684227433344,1.0,0.0025610065619850455
0.2991645244215938,1.0,0.0025611554283969116
0.29926068788171006,1.0,0.002562698776439132
0.2993569131832797,1.0,0.002572142111372707
0.29945320038597617,1.0,0.002576384197261685
0.2996459607338268,1.0,0.0025778759932489135
0.29974243399871214,1.0,0.0025908031646295344
0.3000322268772156,1.0,0.0025913735595984437
0.3001289490651193,1.0,0.002598516494046396
0.3002257336343115,1.0,0.002601761599563263
0.30032258064516126,1.0,0.0026054975136442795
0.30041949015811553,1.0,0.0026081863071668386
0.3006134969325153,1.0,0.0026172327851668245
0.3007105943152455,1.0,0.002617686733723945
0.30080775444264946,1.0,0.002624438628511618
0.3009049773755656,1.0,0.002628087540973078
0.3010022631749111,1.0,0.002628972859831214
0.30119702361695244,1.0,0.002631277782451505
0.301294498381877,1.0,0.0026315576524994643
0.30139203625768857,1.0,0.0026352487897436335
0.3014896373056995,1.0,0.0026375747463793556
0.30158730158730157,1.0,0.002639010498919812
0.3017828200972447,1.0,0.0026402616319812933
0.3018806744487678,1.0,0.0026507159053311487
0.30197859228024654,1.0,0.0026653653866076607
0.3020765736534718,1.0,0.0026671893630426493
0.3021746186303148,1.0,0.002681921121272258
0.30227272727272725,1.0,0.0026833394870311167
0.30237089964274116,1.0,0.0026840588319385194
0.3027642276422764,1.0,0.002694985989427037
0.30286271958360445,1.0,0.002697054790944123
0.30296127562642367,1.0,0.0026981953532930385
0.3030598958333333,1.0,0.0027081018983550905
0.303158580267014,1.0,0.00271438312472731
0.303257328990228,1.0,0.0027151776830469034
0.3033561420658195,1.0,0.0027163807962330986
0.30345501955671444,1.0,0.002717039949759149
0.3035539615259211,1.0,0.00272277363745098
0.3036529680365297,1.0,0.0027332990599753747
0.30385117493472585,1.0,0.00273332274626016
0.3039503754489063,1.0,0.002748371058831054
0.3040496407576747,1.0,0.0027520111843793165
0.30414897092453447,1.0,0.002752754689382457
0.30424836601307187,1.0,0.002753770284602874
0.30434782608695654,1.0,0.0027565054264239975
0.30444735120994115,1.0,0.002763894469591862
0.304546941445862,1.0,0.002773255488813671
0.30464659685863876,1.0,0.002774960136045775
0.30474631751227493,1.0,0.002787174769742874
0.3048461034708579,1.0,0.0027872113139328163
0.3049459547985588,1.0,0.002791705484770673
0.30504587155963303,1.0,0.0027991706730191653
0.3053460150869137,1.0,0.002806430732100154
0.3054461942257218,1.0,0.002811669135168562
0.3055464391204463,1.0,0.002813748968503248
0.3056467498358503,1.0,0.002815340171645746
0.3057471264367816,1.0,0.002815578766469757
0.30584756898817345,1.0,0.0028197404053434396
0.3059480775550444,1.0,0.002822312578008662
0.3060486522024984,1.0,0.0028278706255385547
0.3061492929957251,1.0,0.0028303080211498238
0.30625,1.0,0.0028308754005580148
0.30635077328068444,1.0,0.002833522707218303
0.3064516129032258,1.0,0.002834748695592621
0.3065525189331577,1.0,0.0028392972449795217
0.30665349143610016,1.0,0.0028457766948746664
0.30675453047775947,1.0,0.00284989910195042
0.3068556361239288,1.0,0.00285344689472901
0.30726072607260724,1.0,0.002854096900251614
0.30736216573126446,1.0,0.002858238588641547
0.3074636723910172,1.0,0.0028598266461820603
0.3077685950413223,1.0,0.0028629223374993873
0.30787037037037035,1.0,0.002863885615413868
0.30797221303341055,1.0,0.002864041450544607
0.30807412309728655,1.0,0.0028674448232979964
0.3081761006289308,1.0,0.0028704226041877767
0.3082781456953642,1.0,0.002871468670997039
0.3083802583636966,1.0,0.0028750502834073315
0.30848243870112657,1.0,0.002886196692675819
0.308584686774942,1.0,0.002898892789116905
0.3086870026525199,1.0,0.0029014832919150016
0.3087893864013267,1.0,0.0029045693750026818
0.3088918380889184,1.0,0.0029095811723177205
0.3089943577829406,1.0,0.0029158672162551587
0.3090969455511288,1.0,0.002923839745312773
0.30919960146130854,1.0,0.0029261995846049846
0.30930232558139537,1.0,0.0029337676747528754
0.30940511797939513,1.0,0.0029341402601270414
0.30961090788160955,1.0,0.0029363070054293583
0.3097139055222888,1.0,0.0029444318887841183
0.31002331002331,1.0,0.0029447801341772094
0.310126582278481,1.0,0.0029458491071395836
0.3102299233588804,1.0,0.002947655202554492
0.31033333333333335,1.0,0.002948627409414531
0.3104368122707569,1.0,0.0029494276650610194
0.31054036024016013,1.0,0.0029528676273941957
0.31064397731064397,1.0,0.002956938792237553
0.3107476635514019,1.0,0.002958116174386072
0.31085141903171953,1.0,0.0029584474493595803
0.3109552438209753,1.0,0.0029616020037078923
0.31105913798864016,1.0,0.002963324725268501
0.31116310160427807,1.0,0.0029633611052659174
0.3115796519410977,1.0,0.002964021781634533
0.31168396384332103,1.0,0.002973623474258941
0.31178834561286,1.0,0.0029824134569279765
0.311892797319933,1.0,0.002983916767491797
0.31199731903485256,1.0,0.0029856416798503507
0.31210191082802546,1.0,0.0029896769818199493
0.31220657276995306,1.0,0.0029945266928394416
0.3123113049312311,1.0,0.002994699237037567
0.3124161073825503,1.0,0.002998319182856651
0.3125209801946962,1.0,0.003000605552759212
0.31262592343854934,1.0,0.003002960874803658
0.31273093718508566,1.0,0.0030085595356588724
0.31283602150537637,1.0,0.003011064726185334
0.3129411764705882,1.0,0.0030135348737649003
0.31304640215198387,1.0,0.0030145065506143047
0.3131516986209216,1.0,0.003021745769257631
0.31346801346801345,1.0,0.003026994977260001
0.3136792452830189,1.0,0.0030301334325873734
0.3137849679811257,1.0,0.0030354155091558504
0.3138907619689818,1.0,0.003035949876614537
0.31399662731871836,1.0,0.0030364218465874717
0.3141025641025641,1.0,0.0030419385853702654
0.3142085723928451,1.0,0.0030450837128257447
0.31431465226198513,1.0,0.003046895122036784
0.3144208037825059,1.0,0.003047978455704306
0.314527027027027,1.0,0.003050154629423877
0.31463332206826633,1.0,0.0030538602442756217
0.31473968897903987,1.0,0.003055111730072405
0.3148461278322624,1.0,0.0030627666948183628
0.31495263870094725,1.0,0.003063079498998651
0.31505922165820643,1.0,0.0030678854023599793
0.31516587677725116,1.0,0.0030723348763424846
0.3152726041313918,1.0,0.003076268096982202
0.31537940379403795,1.0,0.0030764685038211486
0.31548627583869876,1.0,0.0030786447912334357
0.31559322033898307,1.0,0.0030880919213603923
0.31570023736859953,1.0,0.0030884887305471296
0.31580732700135683,1.0,0.003092985357601231
0.3159144893111639,1.0,0.0030955671813061468
0.31602172437202986,1.0,0.003102145193987566
0.3161290322580645,1.0,0.003103304382188822
0.31623641304347827,1.0,0.0031128344653515226
0.3163438668025824,1.0,0.0031217791891933436
0.31645139360978924,1.0,0.0031259394879951242
0.31655899353961237,1.0,0.0031290657950426926
0.31666666666666665,1.0,0.003130973107839668
0.3167744130656686,1.0,0.003149549883733676
0.31688223281143635,1.0,0.0031497649843352663
0.31699012597889004,1.0,0.003150106663860249
0.3170980926430518,1.0,0.003165661195272316
0.317206132879046,1.0,0.0031702771413892527
0.3173142467620995,1.0,0.0031751209713636584
0.31742243436754175,1.0,0.003183596577426553
0.3175306957708049,1.0,0.0031896475251119096
0.31774744027303753,1.0,0.003190653629629431
0.3178559235233868,1.0,0.003192971560714313
0.31796448087431695,1.0,0.0031984289435039374
0.31807311240177655,1.0,0.0031991847127138882
0.3181818181818182,1.0,0.0032002903595539874
0.3182905982905983,1.0,0.003202693041022763
0.3183994528043776,1.0,0.003208516459472715
0.31850838179952107,1.0,0.0032188853138118393
0.3186173853524983,1.0,0.0032224876307897004
0.3187264635398836,1.0,0.0032234552181115163
0.3188356164383562,1.0,0.00323306828696667
0.31894484412470026,1.0,0.0032338734746827406
0.31905414667580534,1.0,0.00323412678870484
0.31916352416866645,1.0,0.0032375958534901967
0.31927297668038407,1.0,0.003239463653460664
0.31938250428816467,1.0,0.0032406805720550757
0.3194921070693205,1.0,0.0032481716808422235
0.3196017851012702,1.0,0.003252133536343437
0.31971153846153844,1.0,0.0032615628977495145
0.3198213672277568,1.0,0.0032848390986845895
0.3199312714776632,1.0,0.0032917170448327026
0.32004125128910277,1.0,0.003296278860313829
0.3201513067400275,1.0,0.0033048887757853437
0.3202614379084967,1.0,0.00330645924118761
0.3203716448726772,1.0,0.0033079500111240414
0.3204819277108434,1.0,0.0033104156447289535
0.3205922865013774,1.0,0.0033179606745695174
0.32070272132276956,1.0,0.0033222302675982624
0.3208132322536182,1.0,0.0033250255474128036
0.32092381937263015,1.0,0.0033271069886411826
0.3210344827586207,1.0,0.003368988670079647
0.32114522249051397,1.0,0.003370195287511628
0.321256038647343,1.0,0.003375943582329896
0.3213669313082499,1.0,0.0033838647525310356
0.3214779005524862,1.0,0.0033860469735179834
0.32170006910850035,1.0,0.0033875576549875813
0.3218112685793294,1.0,0.003389566867940197
0.3219225449515906,1.0,0.003398320849440471
0.3220338983050847,1.0,0.003399486250763229
0.3221453287197232,1.0,0.0034020430700140675
0.32225683627552787,1.0,0.0034032318308264108
0.3223684210526316,1.0,0.003409325905250693
0.3225918225918226,1.0,0.0034182796400324196
0.32270363951473136,1.0,0.0034198947934148327
0.32281553398058255,1.0,0.0034229766326780006
0.32292750607006593,1.0,0.003428551642380009
0.32303955586398336,1.0,0.003455251269425895
0.32315168344324885,1.0,0.0034558516188697382
0.3232638888888889,1.0,0.003465192832126459
0.32337617228204235,1.0,0.0034677835558230793
0.3234885337039611,1.0,0.0034724922273991514
0.3236009732360097,1.0,0.0034772649283849348
0.32371349095966623,1.0,0.0034932042380596685
0.32393876130828114,1.0,0.003510518827734936
0.3241643454038997,1.0,0.0035132425012551825
0.32427725531173807,1.0,0.0035158171012391022
0.32439024390243903,1.0,0.00351911947669626
0.32450331125827814,1.0,0.0035211986578346254
0.32461645746164575,1.0,0.0035230568368043997
0.3247296825950471,1.0,0.0035245041080608
0.32484298674110257,1.0,0.003527028188618526
0.324956369982548,1.0,0.003531000177689212
0.32506983240223464,1.0,0.0035348901199916552
0.3251833740831296,1.0,0.0035410511320108037
0.3252969951083159,1.0,0.0035477844491184026
0.32541069556099267,1.0,0.003548430057525338
0.3255244755244755,1.0,0.0035505757345957577
0.3256383350821966,1.0,0.0035554056440513172
0.3257522743177047,1.0,0.003557527199769506
0.3258662933146657,1.0,0.0035601547500010897
0.32598039215686275,1.0,0.0035608897907823452
0.32609457092819616,1.0,0.003561572678504115
0.32620882971268395,1.0,0.003562463752656341
0.326323168594462,1.0,0.003565356783017701
0.326437587657784,1.0,0.0035728701416375356
0.3265520869870221,1.0,0.0035794993966978637
0.32666666666666666,1.0,0.0035819757384328394
0.32678132678132676,1.0,0.003582280765868675
0.32689606741573035,1.0,0.003583961644249472
0.3270108886547243,1.0,0.0036076451612883295
0.3271257905832748,1.0,0.0036102442084354927
0.3272407732864675,1.0,0.0036332269241128663
0.32735583684950775,1.0,0.0036372811020769853
0.32747098135772074,1.0,0.003638787043870124
0.3275862068965517,1.0,0.003646642816788467
0.32770151355156635,1.0,0.0036471495878247114
0.3278169014084507,1.0,0.0036472587003995483
0.3279323705530116,1.0,0.0036556641135803065
0.32804792107117686,1.0,0.003658429721645592
0.3281635530489954,1.0,0.0036614294799683245
0.3282792665726375,1.0,0.003668077494088105
0.32839506172839505,1.0,0.0036688764411701197
0.3285109386026817,1.0,0.0036743491842510874
0.3286268972820332,1.0,0.003677149821627311
0.3287429378531073,1.0,0.0036804933282093407
0.32897526501766783,1.0,0.0036960062667783723
0.3290915517850831,1.0,0.0036998919450717694
0.3292079207920792,1.0,0.003725992429093797
0.3293243721259285,1.0,0.0037300971985249217
0.3294409058740269,1.0,0.003741995176881393
0.32955752212389383,1.0,0.0037425890021807726
0.3296742209631728,1.0,0.0037435672448200364
0.3297910024796316,1.0,0.0037530254673883647
0.3299078667611623,1.0,0.0037586896135955727
0.33002481389578164,1.0,0.003759047802487914
0.3301418439716312,1.0,0.0037697009210690647
0.33025895707697767,1.0,0.0037700492329828445
0.3303761533002129,1.0,0.0037804748258025117
0.33049343272985443,1.0,0.0037839657157099933
0.3307282415630551,1.0,0.003791764889471172
0.3308457711442786,1.0,0.0038115409922160745
0.3309633842872378,1.0,0.003811938281685929
0.3310810810810811,1.0,0.003818028347368126
0.3311988616150836,1.0,0.0038183560007506927
0.3313167259786477,1.0,0.003823846150433201
0.3315527065527066,1.0,0.003832545893637408
0.3316708229426434,1.0,0.003834825521597071
0.33178902352102635,1.0,0.0038385429006447436
0.3319073083778966,1.0,0.003845882244445197
0.33202567760342366,1.0,0.0038474560319305294
0.33226266952177014,1.0,0.003849779728883038
0.332381292395573,1.0,0.0038615312046084696
0.3325,1.0,0.0038806869731567817
0.3326187924258664,1.0,0.0038832581384822163
0.3327376697641172,1.0,0.0038836400576953596
0.33285663210582767,1.0,0.003885179711533609
0.33297567954220314,1.0,0.003888740042554263
0.3330948121645796,1.0,0.0038897876186725117
0.33321403006442374,1.0,0.003894501199120085
0.3333333333333333,1.0,0.003898099689735072
0.3334527220630373,1.0,0.003898451422025547
0.3335721963453959,1.0,0.0039023282403525005
0.33369175627240144,1.0,0.0039032552400614417
0.33381140193617787,1.0,0.0039054959951004475
0.33393113342898134,1.0,0.003906045038089862
0.3340509508432006,1.0,0.0039076098524319005
0.3341708542713568,1.0,0.003908189215785109
0.33429084380610413,1.0,0.003909605532211128
0.3344109195402299,1.0,0.003911401512763825
0.3345310815666547,1.0,0.0039119546060083265
0.3346513299784328,1.0,0.003912385572463992
0.33477166486875226,1.0,0.003914003237961166
0.33489208633093526,1.0,0.003927016247330359
0.3351331893448524,1.0,0.003927972842573206
0.3352538710839035,1.0,0.003930603216430988
0.3353746397694525,1.0,0.003937272670341328
0.3354954954954955,1.0,0.003952767334184755
0.3356164383561644,1.0,0.0039616704943598565
0.33573746844572666,1.0,0.003965904021566265
0.3367088607594937,1.0,0.00397575215021038
0.33683068017366136,1.0,0.003978353197805659
0.33695258776692,1.0,0.003978806430815165
0.33707458363504705,1.0,0.0039961652848611185
0.3371966678739587,1.0,0.003998887403075549
0.3373188405797101,1.0,0.004009110260650852
0.33744110184849585,1.0,0.004014335527832917
0.33756345177664976,1.0,0.004019734186696202
0.3376858904606456,1.0,0.004020478624535909
0.33793103448275863,1.0,0.0040226714083149715
0.3380537400145243,1.0,0.00403215595298812
0.3381765346894297,1.0,0.004040003244108836
0.3382994186046512,1.0,0.00404549310519416
0.3384223918575064,1.0,0.004052847379932419
0.33854545454545454,1.0,0.004068300435769687
0.33891518019657807,1.0,0.004071562960673038
0.3390386016023307,1.0,0.0040735742290782155
0.33916211293260473,1.0,0.004075097807807743
0.3392857142857143,1.0,0.004075175106593736
0.33940940576011663,1.0,0.004087175113441791
0.33916849015317285,0.9989258861439313,0.00409012811536559
0.33929222911346224,0.9989258861439313,0.004094425128320426
0.33941605839416056,0.9989258861439313,0.004096400252851467
0.33953997809419495,0.9989258861439313,0.004114705622685449
0.33966398831263694,0.9989258861439313,0.004116482160014271
0.33978808914870295,0.9989258861439313,0.004117252071365715
0.3399122807017544,0.9989258861439313,0.004130550673277461
0.340036563071298,0.9989258861439313,0.004141506955301873
0.34053460270963015,0.9989258861439313,0.004146632918078501
0.34065934065934067,0.9989258861439313,0.004149546519094304
0.3407841700256504,0.9989258861439313,0.0041552263499031435
0.3409090909090909,0.9989258861439313,0.004155481284137807
0.341034103410341,0.9989258861439313,0.004165660671442909
0.34115920763022745,0.9989258861439313,0.004167746379281909
0.3412844036697248,0.9989258861439313,0.004171139379279736
0.34140969162995594,0.9989258861439313,0.0041721422516754
0.34153507161219243,0.9989258861439313,0.004214647647998784
0.34166054371785454,0.9989258861439313,0.004225443865230447
0.34178610804851156,0.9989258861439313,0.004225992467787404
0.34191176470588236,0.9989258861439313,0.004227182066755
0.3420375137918352,0.9989258861439313,0.004229895608125405
0.34216335540838855,0.9989258861439313,0.004246935371628548
0.3422892896577107,0.9989258861439313,0.004248257409557284
0.34241531664212077,0.9989258861439313,0.004252306583341217
0.3425414364640884,0.9989258861439313,0.004255465130525607
0.3426676492262343,0.9989258861439313,0.004263147340638662
0.34279395503133064,0.9989258861439313,0.004265930475263613
0.34292035398230086,0.9989258861439313,0.004278033639144729
0.3430468461822206,0.9989258861439313,0.0042815355534722675
0.34317343173431736,0.9989258861439313,0.004290003915894101
0.3433001107419712,0.9989258861439313,0.004291049888855677
0.3435537495382342,0.9989258861439313,0.0042925087741946845
0.3436807095343681,0.9989258861439313,0.004300843238743915
0.3438077634011091,0.9989258861439313,0.004303727558629951
0.34393491124260356,0.9989258861439313,0.004308948920013014
0.3441894892672095,0.9989258861439313,0.004313806300723677
0.34431691965938543,0.9989258861439313,0.0043175461109739325
0.3445720637273064,0.9989258861439313,0.004318381145630957
0.3448275862068966,0.9989258861439313,0.004318634931779103
0.3449554896142433,0.9989258861439313,0.00431943985351839
0.3450834879406308,0.9989258861439313,0.004321231115409992
0.34521158129175944,0.9989258861439313,0.004322545733572937
0.3453397697734868,0.9989258861439313,0.004334199039700075
0.34546805349182763,0.9989258861439313,0.004335128775483467
0.3455964325529543,0.9989258861439313,0.004344897185252154
0.34572490706319703,0.9989258861439313,0.004348508252796391
0.34585347712904424,0.9989258861439313,0.004349289121029062
0.34598214285714285,0.9989258861439313,0.004362631993198006
0.3461109043542985,0.9989258861439313,0.0043645779322450656
0.3462397617274758,0.9989258861439313,0.004375872981498224
0.3463687150837989,0.9989258861439313,0.004377548534786776
0.3464977645305514,0.9989258861439313,0.004378732458546238
0.34662691017517705,0.9989258861439313,0.004389914308255997
0.34675615212527966,0.9989258861439313,0.004392168913314956
0.34688549048862366,0.9989258861439313,0.004392596786828967
0.34701492537313433,0.9989258861439313,0.004411492206160133
0.3471444568868981,0.9989258861439313,0.004434126565301079
0.3472740851381628,0.9989258861439313,0.004447161774032341
0.34740381023533806,0.9989258861439313,0.004455534042880687
0.3475336322869955,0.9989258861439313,0.0044733606722960955
0.34766355140186916,0.9989258861439313,0.004494532732929215
0.34779356768885566,0.9989258861439313,0.004502096036174417
0.34805389221556887,0.9989258861439313,0.004509551645413977
0.34818420067390493,0.9989258861439313,0.004510825874764854
0.34831460674157305,0.9989258861439313,0.004513500478009898
0.34844511052828775,0.9989258861439313,0.004516944918517568
0.348575712143928,0.9989258861439313,0.0045185704311590325
0.34870641169853767,0.9989258861439313,0.004519160559268444
0.3488372093023256,0.9989258861439313,0.00452347934707166
0.34896810506566606,0.9989258861439313,0.0045310415787062144
0.3490990990990991,0.9989258861439313,0.004541069842108566
0.34923019151333085,0.9989258861439313,0.004543748750431257
0.34936138241923365,0.9989258861439313,0.004544852985524295
0.34949267192784667,0.9989258861439313,0.00455555475931442
0.34962406015037595,0.9989258861439313,0.0045581737960243155
0.3497555471981948,0.9989258861439313,0.004563466809260873
0.34988713318284426,0.9989258861439313,0.004568688925400082
0.35001881821603315,0.9989258861439313,0.004577168846613061
0.3501506024096386,0.9989258861439313,0.004578890837161358
0.3502824858757062,0.9989258861439313,0.004585996632176948
0.35041446872645066,0.9989258861439313,0.004588632283336038
0.3505465510742556,0.9989258861439313,0.004641638067954821
0.3506787330316742,0.9989258861439313,0.004662496927622899
0.35081101471142967,0.9989258861439313,0.0046644134036709735
0.35094339622641507,0.9989258861439313,0.004672094187347287
0.3510758776896942,0.9989258861439313,0.00467890655171453
0.3512084592145015,0.9989258861439313,0.004680839890304158
0.3513411409142425,0.9989258861439313,0.004686502125980138
0.35147392290249435,0.9989258861439313,0.004690281791874091
0.3516068052930057,0.9989258861439313,0.0046915956911501005
0.3517397881996974,0.9989258861439313,0.0046930443238726825
0.3518728717366629,0.9989258861439313,0.004699171333838752
0.35200605601816803,0.9989258861439313,0.004700175062156403
0.35213934115865203,0.9989258861439313,0.004700758010059535
0.3522727272727273,0.9989258861439313,0.004709491607112983
0.35240621447518,0.9989258861439313,0.00471816908577734
0.3525398028809704,0.9989258861439313,0.004721879646672031
0.35267349260523323,0.9989258861439313,0.004736419928116266
0.3528072837632777,0.9989258861439313,0.004741528327809834
0.35294117647058826,0.9989258861439313,0.0047512248737944535
0.3530751708428246,0.9989258861439313,0.004753619121821681
0.3532092669958223,0.9989258861439313,0.004754913465424361
0.3533434650455927,0.9989258861439313,0.004762406449132176
0.35347776510832385,0.9989258861439313,0.0047646122797233206
0.35361216730038025,0.9989258861439313,0.004765285298515558
0.35374667173830354,0.9989258861439313,0.004766718859462575
0.3538812785388128,0.9989258861439313,0.004771139737363781
0.3540159878188047,0.9989258861439313,0.004773634286783019
0.3541507996953541,0.9989258861439313,0.0047835720746034534
0.35428571428571426,0.9989258861439313,0.004790180531893024
0.3544207317073171,0.9989258861439313,0.0048135634720241054
0.3545558520777735,0.9989258861439313,0.004817681298165106
0.35469107551487417,0.9989258861439313,0.004830968539548404
0.3548264021365891,0.9989258861439313,0.004846530305728089
0.3549618320610687,0.9989258861439313,0.0048484664515536504
0.3550973654066438,0.9989258861439313,0.00487673008255828
0.3552330022918258,0.9989258861439313,0.004876731993595204
0.3553687428353076,0.9989258861439313,0.004880902560097267
0.3555045871559633,0.9989258861439313,0.004884478046171114
0.35564053537284895,0.9989258861439313,0.004886699587933375
0.35577658760520275,0.9989258861439313,0.004889880705997916
0.3559127439724455,0.9989258861439313,0.004893482454221164
0.3560490045941807,0.9989258861439313,0.004906886764666144
0.3561853695901953,0.9989258861439313,0.004909512967224156
0.3563218390804598,0.9989258861439313,0.004915634386337734
0.3564584131851284,0.9989258861439313,0.004926240016237099
0.3565950920245399,0.9989258861439313,0.004926568942617198
0.3567318757192175,0.9989258861439313,0.004934990924918715
0.35686876438986953,0.9989258861439313,0.004941676002886643
0.3570057581573896,0.9989258861439313,0.004942481845708179
0.3574173712528824,0.9989258861439313,0.0049618416465704255
0.3575547866205306,0.9989258861439313,0.00496936957130221
0.3576923076923077,0.9989258861439313,0.005003830166643043
0.357829934590227,0.9989258861439313,0.005004893006870338
0.3579676674364896,0.9989258861439313,0.005008643595201733
0.3581055063534848,0.9989258861439313,0.005011293015836826
0.35824345146379044,0.9989258861439313,0.00502269306147813
0.3583815028901734,0.9989258861439313,0.005045520593864863
0.35851966075558983,0.9989258861439313,0.005047006754744011
0.3586579251831855,0.9989258861439313,0.0050582529708163605
0.3587962962962963,0.9989258861439313,0.00506240332872481
0.3589347742184485,0.9989258861439313,0.005091015107254895
0.3590733590733591,0.9989258861439313,0.005105658541374513
0.35921205098493625,0.9989258861439313,0.005107913723364466
0.35935085007727974,0.9989258861439313,0.00511400799663818
0.3594897564746811,0.9989258861439313,0.005124489182524332
0.35962877030162416,0.9989258861439313,0.005134145219841245
0.35990712074303405,0.9989258861439313,0.005139461589796156
0.3600464576074332,0.9989258861439313,0.0051396845626916965
0.3601859024012393,0.9989258861439313,0.005157034464352024
0.3603254552499031,0.9989258861439313,0.005160542189092106
0.36046511627906974,0.9989258861439313,0.005165709243919133
0.3606048856145793,0.9989258861439313,0.005181379309129242
0.360744763382467,0.9989258861439313,0.005192360122218426
0.3608847497089639,0.9989258861439313,0.005204672160638927
0.3610248447204969,0.9989258861439313,0.005227931809165664
0.3611650485436893,0.9989258861439313,0.005230975078151433
0.3613053613053613,0.9989258861439313,0.005233743222769465
0.3614457831325301,0.9989258861439313,0.005252360605518291
0.36158631415241055,0.9989258861439313,0.005260147972395044
0.3617269544924154,0.9989258861439313,0.005262844823835601
0.36186770428015563,0.9989258861439313,0.005276352827097788
0.36200856364344103,0.9989258861439313,0.005277193291416874
0.3621495327102804,0.9989258861439313,0.005290432762904703
0.362290611608882,0.9989258861439313,0.005294117561476592
0.36243180046765394,0.9989258861439313,0.005297466203260574
0.36257309941520466,0.9989258861439313,0.0053261122449067425
0.3627145085803432,0.9989258861439313,0.005331441760791632
0.3628560280920796,0.9989258861439313,0.005341156918072431
0.3629976580796253,0.9989258861439313,0.0053479326006295605
0.3631393986723936,0.9989258861439313,0.00536339156711165
0.36328125,0.9989258861439313,0.005372127525426017
0.3634232121922626,0.9989258861439313,0.005382411360542789
0.36370746969104417,0.9989258861439313,0.005390158539667127
0.36384976525821594,0.9989258861439313,0.00540807062162778
0.3639921722113503,0.9989258861439313,0.0054102138709158235
0.36413469068128423,0.9989258861439313,0.005415141724727999
0.36427732079905994,0.9989258861439313,0.0054153244665860875
0.36442006269592475,0.9989258861439313,0.0054163667726855125
0.364562916503332,0.9989258861439313,0.005420379611925615
0.36470588235294116,0.9989258861439313,0.005432617853129212
0.3648489603766183,0.9989258861439313,0.005445471545702363
0.3649921507064364,0.9989258861439313,0.005447374888098587
0.3651354534746761,0.9989258861439313,0.005449701887485812
0.3652788688138256,0.9989258861439313,0.005461289685998747
0.36556603773584906,0.9989258861439313,0.005464998096751114
0.3657097915847424,0.9989258861439313,0.005472325390958514
0.36585365853658536,0.9989258861439313,0.005474214875990313
0.36560409287682016,0.9978517722878625,0.005477405419965691
0.365748031496063,0.9978517722878625,0.005480064221237597
0.36589208349743996,0.9978517722878625,0.005482022924594848
0.3660362490149724,0.9978517722878625,0.005505314608961478
0.3661805281828932,0.9978517722878625,0.0055124430784266034
0.3663249211356467,0.9978517722878625,0.005529939324748318
0.36646942800788956,0.9978517722878625,0.00554298927953117
0.36675878405053297,0.9978517722878625,0.005556686547503978
0.3669036334913112,0.9978517722878625,0.0055599174874486484
0.36704859739233503,0.9978517722878625,0.005599188626072918
0.36719367588932805,0.9978517722878625,0.005620648477218745
0.36733886911822855,0.9978517722878625,0.005633009022791208
0.3674841772151899,0.9978517722878625,0.005638442034678718
0.36762960031658093,0.9978517722878625,0.005702054396317785
0.3677751385589865,0.9978517722878625,0.00570576080417683
0.3679207920792079,0.9978517722878625,0.005747550936791792
0.36806656101426305,0.9978517722878625,0.005777597135908606
0.36821244550138726,0.9978517722878625,0.005798607950819983
0.36835844567803333,0.9978517722878625,0.005800427846152832
0.3689436060365369,0.9978517722878625,0.005805579525358299
0.3690901867302344,0.9978517722878625,0.0058081760577740164
0.36923688394276627,0.9978517722878625,0.005813762923440905
0.36938369781312125,0.9978517722878625,0.005816271656181196
0.36953062848050916,0.9978517722878625,0.005843949202538138
0.3696776760843613,0.9978517722878625,0.005844431090595073
0.3698248407643312,0.9978517722878625,0.005856467574440634
0.3699721226602947,0.9978517722878625,0.0058609743295966075
0.3701195219123506,0.9978517722878625,0.005868981074430741
0.37026703866082106,0.9978517722878625,0.005886945681357701
0.370414673046252,0.9978517722878625,0.005898324972193413
0.3705624252094136,0.9978517722878625,0.005899810206906292
0.3707102952913009,0.9978517722878625,0.0059206000946749665
0.3708582834331337,0.9978517722878625,0.005924255555627747
0.3711546144626448,0.9978517722878625,0.005925420924120764
0.37130295763389287,0.9978517722878625,0.005929780218726861
0.3714514194322271,0.9978517722878625,0.005939924915169816
0.3716,0.9978517722878625,0.005965179780233267
0.37174869947979194,0.9978517722878625,0.005970224211818905
0.3718975180144115,0.9978517722878625,0.0059780032392359106
0.37204645574689627,0.9978517722878625,0.005981588269210233
0.37219551282051283,0.9978517722878625,0.006001754007139037
0.37234468937875753,0.9978517722878625,0.006005449981982356
0.37249398556535684,0.9978517722878625,0.006023478157418961
0.37264340152426795,0.9978517722878625,0.0060645232399480645
0.37279293739967895,0.9978517722878625,0.006090958196128892
0.37294259333600965,0.9978517722878625,0.006091591862155246
0.37309236947791163,0.9978517722878625,0.0061061291943543886
0.37324226597026916,0.9978517722878625,0.006153793154169364
0.3733922829581994,0.9978517722878625,0.006158893173426301
0.37354242058705267,0.9978517722878625,0.006161626949389036
0.37369267900241354,0.9978517722878625,0.00617442574933357
0.3738430583501006,0.9978517722878625,0.006189593822282412
0.37399355877616747,0.9978517722878625,0.006192090303234233
0.37414418042690295,0.9978517722878625,0.006198980308239392
0.3742949234488316,0.9978517722878625,0.006206789879826202
0.37444578798871425,0.9978517722878625,0.006217227186548048
0.37459677419354837,0.9978517722878625,0.006220576538498877
0.37474788221056876,0.9978517722878625,0.0062275386255822495
0.3748991121872478,0.9978517722878625,0.006242666435100243
0.3750504642712959,0.9978517722878625,0.006254896871567164
0.37520193861066237,0.9978517722878625,0.006310223884965263
0.37535353535353533,0.9978517722878625,0.006325962235757241
0.3755052546483428,0.9978517722878625,0.006338504317665643
0.3756570966437525,0.9978517722878625,0.006352079338098167
0.37580906148867316,0.9978517722878625,0.006362239468288372
0.37596114933225416,0.9978517722878625,0.006368960421987622
0.37611336032388665,0.9978517722878625,0.006393056151747748
0.37626569461320375,0.9978517722878625,0.0064106845943739735
0.376418152350081,0.9978517722878625,0.0064357341320188015
0.3765707336846372,0.9978517722878625,0.0064375616444323144
0.3767234387672344,0.9978517722878625,0.006437966921298152
0.3768762677484787,0.9978517722878625,0.006438130872764709
0.3770292207792208,0.9978517722878625,0.006452247573424019
0.37718229801055625,0.9978517722878625,0.0064578955516182476
0.3773354995938262,0.9978517722878625,0.006473439031525909
0.37748882568061765,0.9978517722878625,0.006529764098368637
0.3776422764227642,0.9978517722878625,0.00653870323550066
0.3777958519723465,0.9978517722878625,0.006551337769278753
0.37794955248169243,0.9978517722878625,0.0065736271178168
0.37810337810337813,0.9978517722878625,0.00657830782495628
0.37856560717196414,0.9978517722878625,0.006585599426858672
0.37871993477374644,0.9978517722878625,0.0065908221616246335
0.37887438825448616,0.9978517722878625,0.00660046247798238
0.37902896776825784,0.9978517722878625,0.006615110702293194
0.37918367346938775,0.9978517722878625,0.0066204434477564284
0.37933850551245407,0.9978517722878625,0.006621005414051921
0.37949346405228757,0.9978517722878625,0.006626889363072654
0.37964854924397223,0.9978517722878625,0.006707230126511742
0.3798037612428455,0.9978517722878625,0.0067184191679212
0.37995910020449897,0.9978517722878625,0.006745713073232417
0.3801145662847791,0.9978517722878625,0.006765057394989321
0.38027015963978716,0.9978517722878625,0.006778144328733593
0.38042588042588044,0.9978517722878625,0.006783721946100897
0.38073770491803277,0.9978517722878625,0.006826115487528313
0.3808938089380894,0.9978517722878625,0.006826687022954877
0.3810500410172272,0.9978517722878625,0.006827529599886946
0.38120640131308986,0.9978517722878625,0.006833480564135067
0.38136288998357964,0.9978517722878625,0.006842082528220396
0.38151950718685834,0.9978517722878625,0.006859918286905719
0.38167625308134756,0.9978517722878625,0.006871778977252125
0.38183312782572953,0.9978517722878625,0.0068826875708846635
0.38199013157894735,0.9978517722878625,0.006900517720589118
0.3821472645002057,0.9978517722878625,0.006906897725932326
0.3823045267489712,0.9978517722878625,0.006917677252734676
0.38246191848497324,0.9978517722878625,0.006932114112588961
0.3826194398682043,0.9978517722878625,0.006933067645026847
0.3827770910589205,0.9978517722878625,0.006996270012004558
0.3829348722176422,0.9978517722878625,0.0070046740988214465
0.38309278350515463,0.9978517722878625,0.00701995810528854
0.38325082508250824,0.9978517722878625,0.007026804536969038
0.3834089971110194,0.9978517722878625,0.007050901752260836
0.38356729975227083,0.9978517722878625,0.007060071651352413
0.38372573316811237,0.9978517722878625,0.0070802601418597086
0.38388429752066117,0.9978517722878625,0.0070811890587994045
0.3840429929723026,0.9978517722878625,0.007094348894630253
0.38420181968569067,0.9978517722878625,0.007101979166309977
0.38436077782374845,0.9978517722878625,0.007101994642474523
0.3845198675496689,0.9978517722878625,0.007105236808227824
0.3846790890269151,0.9978517722878625,0.00713844450776874
0.3849979278905926,0.9978517722878625,0.0071556185620149345
0.3851575456053068,0.9978517722878625,0.0071796048969420614
0.38531729572791373,0.9978517722878625,0.007200967563443361
0.38547717842323653,0.9978517722878625,0.007207710121169902
0.38563719385637196,0.9978517722878625,0.007232871831684663
0.385797342192691,0.9978517722878625,0.007303648821441114
0.38595762359783964,0.9978517722878625,0.007328989127409222
0.386118038237739,0.9978517722878625,0.007337709480141273
0.3862785862785863,0.9978517722878625,0.007379733238000144
0.38643926788685523,0.9978517722878625,0.007428733998945168
0.38660008322929673,0.9978517722878625,0.007456354804095231
0.3867610324729392,0.9978517722878625,0.007456498035641612
0.38692211578508956,0.9978517722878625,0.007465542678668702
0.38708333333333333,0.9978517722878625,0.007492457789410157
0.38724468528553563,0.9978517722878625,0.007500405052769163
0.38740617180984155,0.9978517722878625,0.007507194387403164
0.3877295492487479,0.9978517722878625,0.007509381750719123
0.38789144050104385,0.9978517722878625,0.007524319494966788
0.3882156289176766,0.9978517722878625,0.0075742728123912
0.3883779264214047,0.9978517722878625,0.007596905203878378
0.38854035968214135,0.9978517722878625,0.00761156605767448
0.3887029288702929,0.9978517722878625,0.007641825495647666
0.38886563415655084,0.9978517722878625,0.007665397970592817
0.3890284757118928,0.9978517722878625,0.0076705610983610235
0.3887725178047759,0.9967776584317938,0.007673631107302167
0.3889354568315172,0.9967776584317938,0.0077067095451760605
0.3890985324947589,0.9967776584317938,0.007717827234475393
0.38926174496644295,0.9967776584317938,0.007734709134028963
0.38942509441879986,0.9967776584317938,0.007736039888824553
0.3895885810243493,0.9967776584317938,0.007792578348691896
0.3897522049559009,0.9967776584317938,0.007809628181072327
0.3899159663865546,0.9967776584317938,0.007833395859541827
0.3900798654897016,0.9967776584317938,0.00784750632931738
0.3902439024390244,0.9967776584317938,0.007865982615496824
0.3904080774084981,0.9967776584317938,0.007878221237657879
0.39057239057239057,0.9967776584317938,0.007880209594395466
0.39073684210526316,0.9967776584317938,0.007885605398403182
0.3909014321819714,0.9967776584317938,0.007945287551466219
0.3910661609776654,0.9967776584317938,0.007953698528162705
0.3912310286677909,0.9967776584317938,0.008013280173171267
0.39139603542808943,0.9967776584317938,0.00802109822677063
0.39172646686365553,0.9967776584317938,0.008043515602129597
0.3918918918918919,0.9967776584317938,0.00804407188193324
0.39205745669624,0.9967776584317938,0.008051386637637563
0.39222316145393066,0.9967776584317938,0.008055551412038165
0.39238900634249474,0.9967776584317938,0.008084576687470013
0.3925549915397631,0.9967776584317938,0.008086497853678893
0.392721117223868,0.9967776584317938,0.00808777760302937
0.392887383573243,0.9967776584317938,0.00810641290045426
0.39305379076662433,0.9967776584317938,0.008113997127308785
0.39322033898305087,0.9967776584317938,0.008140238278694352
0.3933870284018652,0.9967776584317938,0.008149759090624263
0.3935538592027142,0.9967776584317938,0.00815259778695484
0.39372083156554943,0.9967776584317938,0.008164404692729986
0.3938879456706282,0.9967776584317938,0.00821537913553836
0.3940552016985138,0.9967776584317938,0.008253413647463962
0.39422259983007646,0.9967776584317938,0.00825606686436116
0.3943901402464938,0.9967776584317938,0.008271675698688967
0.3945578231292517,0.9967776584317938,0.00828002708423992
0.39472564866014465,0.9967776584317938,0.008304251832971558
0.3948936170212766,0.9967776584317938,0.008332956019871258
0.3950617283950617,0.9967776584317938,0.008343603067857294
0.39522998296422485,0.9967776584317938,0.00837346673010342
0.3955669224211424,0.9967776584317938,0.008391398829349132
0.3957356076759062,0.9967776584317938,0.008409822959804192
0.39590443686006827,0.9967776584317938,0.008507888882753577
0.3960734101579172,0.9967776584317938,0.00851443405033397
0.3962425277540564,0.9967776584317938,0.008521964707484151
0.3964117898334045,0.9967776584317938,0.008533993394977353
0.39658119658119656,0.9967776584317938,0.008578637192783812
0.39675074818298417,0.9967776584317938,0.008578673831600804
0.39692044482463645,0.9967776584317938,0.008580571228855808
0.3970902866923406,0.9967776584317938,0.008600057515297415
0.3972602739726027,0.9967776584317938,0.008653775437856349
0.3976006855184233,0.9967776584317938,0.00865494847324043
0.39777111015859407,0.9967776584317938,0.008687860895048657
0.3979416809605489,0.9967776584317938,0.008691329184678584
0.3981123981123981,0.9967776584317938,0.00869539831497015
0.3982832618025751,0.9967776584317938,0.008701562496435389
0.3984542722198368,0.9967776584317938,0.00870245388837661
0.39862542955326463,0.9967776584317938,0.008720002527939818
0.39879673399226473,0.9967776584317938,0.008745930804686133
0.3989681857265692,0.9967776584317938,0.008758546906385377
0.3991397849462366,0.9967776584317938,0.008792140526931015
0.3993115318416523,0.9967776584317938,0.008800030170267292
0.3994834266035299,0.9967776584317938,0.00882779173199923
0.3996554694229113,0.9967776584317938,0.008854285446833667
0.3998276604911676,0.9967776584317938,0.008868206871784067
0.4,0.9967776584317938,0.008879479641124993
0.4001724881414403,0.9967776584317938,0.00889113696386872
0.40051791109192925,0.9967776584317938,0.008901198878931153
0.4006908462867012,0.9967776584317938,0.008910012461518273
0.4008639308855292,0.9967776584317938,0.008920102800241886
0.4010371650821089,0.9967776584317938,0.008953095459571165
0.40121054907047127,0.9967776584317938,0.009021212210958524
0.4013840830449827,0.9967776584317938,0.009023852942384246
0.4015577672003462,0.9967776584317938,0.009052212664009348
0.4017316017316017,0.9967776584317938,0.0090547459888383
0.4019055868341273,0.9967776584317938,0.009104962933789392
0.4020797227036395,0.9967776584317938,0.009115170046260607
0.40225400953619417,0.9967776584317938,0.009157187574705229
0.40242844752818735,0.9967776584317938,0.009159499694342344
0.40260303687635574,0.9967776584317938,0.009173278709578278
0.4027777777777778,0.9967776584317938,0.00926091822338477
0.4029526704298741,0.9967776584317938,0.009272749400843815
0.40312771503040834,0.9967776584317938,0.009293098834090087
0.40330291177748806,0.9967776584317938,0.009303986551586084
0.40347826086956523,0.9967776584317938,0.009304974494898033
0.40365376250543716,0.9967776584317938,0.00930689409704897
0.40382941688424717,0.9967776584317938,0.009311985664846246
0.4040052242054854,0.9967776584317938,0.009371613729440306
0.40418118466898956,0.9967776584317938,0.00941906950045611
0.40435729847494556,0.9967776584317938,0.009447574515329573
0.4045335658238884,0.9967776584317938,0.009516395135676254
0.404709986916703,0.9967776584317938,0.009548602978918339
0.4048865619546248,0.9967776584317938,0.009588296301338787
0.4050632911392405,0.9967776584317938,0.009588371325792778
0.4052401746724891,0.9967776584317938,0.009618394212751626
0.4054172127566623,0.9967776584317938,0.00963008622020204
0.40559440559440557,0.9967776584317938,0.009637945017747139
0.40577175338871885,0.9967776584317938,0.009638460049492818
0.40594925634295714,0.9967776584317938,0.009655997318506948
0.4061269146608315,0.9967776584317938,0.009719326874540034
0.4063047285464098,0.9967776584317938,0.009746214489818009
0.40648269820411737,0.9967776584317938,0.009779909740403877
0.406660823838738,0.9967776584317938,0.009784149445550448
0.4068391056554143,0.9967776584317938,0.009788301750868549
0.4070175438596491,0.9967776584317938,0.009804491968709757
0.40719613865730586,0.9967776584317938,0.009865487545598801
0.4073748902546093,0.9967776584317938,0.009871439923808378
0.4075537988581467,0.9967776584317938,0.009873878117269362
0.4077328646748682,0.9967776584317938,0.009879200238347905
0.40791208791208794,0.9967776584317938,0.009907547032922502
0.4080914687774846,0.9967776584317938,0.009936136888786012
0.4082710074791025,0.9967776584317938,0.009943709189795692
0.4084507042253521,0.9967776584317938,0.009944335483137761
0.408630559225011,0.9967776584317938,0.01002062448495795
0.40881057268722465,0.9967776584317938,0.010023278119595833
0.40899074482150727,0.9967776584317938,0.010062124702888633
0.4091710758377425,0.9967776584317938,0.01013271981731487
0.4093515659461844,0.9967776584317938,0.010220024790234079
0.4095322153574581,0.9967776584317938,0.01023141885216401
0.40971302428256073,0.9967776584317938,0.010257151422507575
0.41007512152010606,0.9967776584317938,0.010261599978753031
0.41025641025641024,0.9967776584317938,0.010265442584265644
0.410437859354268,0.9967776584317938,0.010267973269607508
0.41061946902654867,0.9967776584317938,0.010291527962228219
0.41080123948649844,0.9967776584317938,0.010321508816467791
0.41098317094774134,0.9967776584317938,0.0103421968281025
0.41116526362428,0.9967776584317938,0.010344345720018867
0.41134751773049644,0.9967776584317938,0.01038644665343505
0.411529933481153,0.9967776584317938,0.010407230971445693
0.41171251109139306,0.9967776584317938,0.010421920602471674
0.4118952507767421,0.9967776584317938,0.010423250984139288
0.41207815275310833,0.9967776584317938,0.010423765898725765
0.41226121723678366,0.9967776584317938,0.010447919889753148
0.41244444444444445,0.9967776584317938,0.010465414323839612
0.4126278345931525,0.9967776584317938,0.010478196845370255
0.4128113879003559,0.9967776584317938,0.010490794868165898
0.4129951045838896,0.9967776584317938,0.010499968556533222
0.41317898486197685,0.9967776584317938,0.010516461940178344
0.4133630289532294,0.9967776584317938,0.010563358352711954
0.41354723707664887,0.9967776584317938,0.010570423558262987
0.4137316094516273,0.9967776584317938,0.010598333329326847
0.41391614629794826,0.9967776584317938,0.010606587298678022
0.4141008478357876,0.9967776584317938,0.010623971452725145
0.4142857142857143,0.9967776584317938,0.010694665937674198
0.41447074586869137,0.9967776584317938,0.010809810298462733
0.41465594280607687,0.9967776584317938,0.010956467928257357
0.4148413053196245,0.9967776584317938,0.010964125594833642
0.4150268336314848,0.9967776584317938,0.010988782322743628
0.4152125279642058,0.9967776584317938,0.011058283768364867
0.41539838854073413,0.9967776584317938,0.011086696533325701
0.4155844155844156,0.9967776584317938,0.011099366996638767
0.4157706093189964,0.9967776584317938,0.011159549692010131
0.4159569699686239,0.9967776584317938,0.011197282418215458
0.41614349775784754,0.9967776584317938,0.01120121496811809
0.41633019291161955,0.9967776584317938,0.011236794279274374
0.41651705565529623,0.9967776584317938,0.011252040702428266
0.4167040862146385,0.9967776584317938,0.011253800234777069
0.4168912848158131,0.9967776584317938,0.011289674109689504
0.41707865168539326,0.9967776584317938,0.011396886195230917
0.4172661870503597,0.9967776584317938,0.011431438649237902
0.41745389113810166,0.9967776584317938,0.011432920771003338
0.41764176417641763,0.9967776584317938,0.01148750521649905
0.4178298063935164,0.9967776584317938,0.011495783966905423
0.418018018018018,0.9967776584317938,0.011507687909421917
0.4182063992789545,0.9967776584317938,0.01151900264822335
0.41839495040577096,0.9967776584317938,0.01152821166166361
0.41858367162832655,0.9967776584317938,0.01155046390923574
0.4187725631768953,0.9967776584317938,0.011555438176080858
0.418961625282167,0.9967776584317938,0.01158313035377849
0.41915085817524844,0.9967776584317938,0.01159864055940265
0.4193402620876638,0.9967776584317938,0.011615155931903341
0.41952983725135623,0.9967776584317938,0.011691272850977163
0.41971958389868835,0.9967776584317938,0.0117400278582703
0.41990950226244345,0.9967776584317938,0.01179338881485905
0.4200995925758262,0.9967776584317938,0.011799707024783192
0.42028985507246375,0.9967776584317938,0.011801766820696799
0.4204802899864069,0.9967776584317938,0.011808440511969403
0.42067089755213055,0.9967776584317938,0.011855156134263956
0.42086167800453517,0.9967776584317938,0.011856087930004311
0.42105263157894735,0.9967776584317938,0.01187029753644099
0.4212437585111212,0.9967776584317938,0.011881285863946706
0.4214350590372389,0.9967776584317938,0.01191506530405354
0.4216265333939119,0.9967776584317938,0.011997072796817252
0.4218181818181818,0.9967776584317938,0.012003640495230013
0.4220100045475216,0.9967776584317938,0.012055769343772185
0.4222020018198362,0.9967776584317938,0.012180746862693298
0.42239417387346384,0.9967776584317938,0.012181948779921323
0.4225865209471767,0.9967776584317938,0.012194529746373237
0.42277904328018223,0.9967776584317938,0.012220911411120446
0.422971741112124,0.9967776584317938,0.012245613455414476
0.42316461468308253,0.9967776584317938,0.012255188885393706
0.4233576642335766,0.9967776584317938,0.012336440793845917
0.42355089000456414,0.9967776584317938,0.012354554748962793
0.4232876712328767,0.9957035445757251,0.01236227192765067
0.4242562929061785,0.9957035445757251,0.012434678414368542
0.42445054945054944,0.9957035445757251,0.01248422792846442
0.4246449839670179,0.9957035445757251,0.012520078433984023
0.424839596700275,0.9957035445757251,0.01257303630118849
0.4250343878954608,0.9957035445757251,0.012593092183684682
0.4252293577981651,0.9957035445757251,0.012645647771036684
0.42542450665442866,0.9957035445757251,0.012677760406488882
0.4256198347107438,0.9957035445757251,0.01270257903993972
0.42581534221405604,0.9957035445757251,0.012713131283469932
0.4260110294117647,0.9957035445757251,0.012728113559827128
0.4262068965517241,0.9957035445757251,0.012776627582290048
0.4264029438822447,0.9957035445757251,0.01281666305203917
0.4265991716520939,0.9957035445757251,0.012836656992348146
0.42679558011049723,0.9957035445757251,0.012920040129746225
0.4269921695071396,0.9957035445757251,0.01295514197288941
0.4271889400921659,0.9957035445757251,0.013002610241071284
0.42738589211618255,0.9957035445757251,0.013047512190687269
0.4275830258302583,0.9957035445757251,0.013048674010944864
0.42778034148592525,0.9957035445757251,0.013153163033380932
0.4279778393351801,0.9957035445757251,0.01315677400663529
0.428175519630485,0.9957035445757251,0.013169894732860172
0.42837338262476893,0.9957035445757251,0.013184597755959315
0.42857142857142855,0.9957035445757251,0.013185860330918345
0.42876965772432934,0.9957035445757251,0.013203790154383705
0.4289680703378066,0.9957035445757251,0.013265450699581564
0.42916666666666664,0.9957035445757251,0.013265643639811546
0.42936544696618806,0.9957035445757251,0.0132873580187858
0.4295644114921223,0.9957035445757251,0.013296638300851808
0.4297635605006954,0.9957035445757251,0.013369174909760615
0.4299628942486085,0.9957035445757251,0.013393410832320353
0.4301624129930394,0.9957035445757251,0.01345378699078065
0.43036211699164345,0.9957035445757251,0.013543315915514605
0.43056200650255455,0.9957035445757251,0.013565865221028484
0.43076208178438663,0.9957035445757251,0.013576081967483361
0.4309623430962343,0.9957035445757251,0.013580617776367331
0.43116279069767444,0.9957035445757251,0.013656208964264673
0.4313634248487669,0.9957035445757251,0.013667199843461375
0.43156424581005587,0.9957035445757251,0.013680736009530521
0.43176525384257103,0.9957035445757251,0.013717288934378383
0.4319664492078285,0.9957035445757251,0.01372752245898996
0.43216783216783217,0.9957035445757251,0.013740397231697935
0.43236940298507465,0.9957035445757251,0.013745846773620965
0.43257116192253847,0.9957035445757251,0.01375245919788204
0.4327731092436975,0.9957035445757251,0.013780499900394769
0.4329752452125175,0.9957035445757251,0.013802080186193902
0.4331775700934579,0.9957035445757251,0.01383741268673796
0.43338008415147267,0.9957035445757251,0.01397202368356058
0.43358278765201125,0.9957035445757251,0.013993630052039657
0.4337856808610201,0.9957035445757251,0.014032126626611442
0.4339887640449438,0.9957035445757251,0.014069298037129344
0.434192037470726,0.9957035445757251,0.014185886297334584
0.4339268978444236,0.9946294307196563,0.014233662641635458
0.4341303328645101,0.9946294307196563,0.01434490816912821
0.4343339587242026,0.9946294307196563,0.014391564002847019
0.4345377756921633,0.9946294307196563,0.014401193737369892
0.4347417840375587,0.9946294307196563,0.01445860511120337
0.4349459840300611,0.9946294307196563,0.01449364471830515
0.4351503759398496,0.9946294307196563,0.014548298109173234
0.43535496003761165,0.9946294307196563,0.014549013573240744
0.4355597365945437,0.9946294307196563,0.014574704300475753
0.43576470588235294,0.9946294307196563,0.014583152359816071
0.435969868173258,0.9946294307196563,0.01464559148474907
0.4363807728557964,0.9946294307196563,0.014708446735315914
0.4365865157944366,0.9946294307196563,0.014712908980238366
0.4367924528301887,0.9946294307196563,0.01475114635304545
0.43699858423784804,0.9946294307196563,0.014754580257634386
0.437204910292729,0.9946294307196563,0.014808124864335945
0.43741143127066606,0.9946294307196563,0.014813689138019252
0.43761814744801514,0.9946294307196563,0.014859081184831997
0.43782505910165487,0.9946294307196563,0.01499352812989757
0.4380321665089877,0.9946294307196563,0.015025243229210549
0.43823946994794133,0.9946294307196563,0.015110862050318332
0.4384469696969697,0.9946294307196563,0.015161945420355661
0.4386546660350545,0.9946294307196563,0.015161967840137422
0.43886255924170614,0.9946294307196563,0.015166850869905461
0.4390706495969654,0.9946294307196563,0.01518078639750747
0.43927893738140417,0.9946294307196563,0.015204797735137362
0.4394874228761272,0.9946294307196563,0.015275931826552316
0.439696106362773,0.9946294307196563,0.01531060792405105
0.4399049881235154,0.9946294307196563,0.015321092390509822
0.44011406844106465,0.9946294307196563,0.015330610023469655
0.4403233475986686,0.9946294307196563,0.015414488148480846
0.44053282588011416,0.9946294307196563,0.015531348570423062
0.4407425035697287,0.9946294307196563,0.015582194938531854
0.44095238095238093,0.9946294307196563,0.015588899803108253
0.4411624583134826,0.9946294307196563,0.01559607497368395
0.4413727359389895,0.9946294307196563,0.015640038039131825
0.44158321411540297,0.9946294307196563,0.015695845704965305
0.44179389312977096,0.9946294307196563,0.01573433037734213
0.44200477326968973,0.9946294307196563,0.015773921354634134
0.44221585482330467,0.9946294307196563,0.015799155013821863
0.442427138079312,0.9946294307196563,0.015816843105849916
0.44263862332695986,0.9946294307196563,0.01583450462582645
0.44285031085604976,0.9946294307196563,0.01584237962777162
0.4430622009569378,0.9946294307196563,0.015907473674182944
0.44327429392053613,0.9946294307196563,0.015927462220081658
0.4434865900383142,0.9946294307196563,0.015947621611828038
0.4436990896023,0.9946294307196563,0.01599647105541394
0.4439117929050815,0.9946294307196563,0.016006305807561558
0.44433781190019195,0.9946294307196563,0.016050470784906404
0.4445511281805089,0.9946294307196563,0.016057848094136976
0.4447646493756004,0.9946294307196563,0.01607119221382735
0.44497837578087457,0.9946294307196563,0.016083127747455014
0.44519230769230766,0.9946294307196563,0.01613684077785196
0.4454064454064454,0.9946294307196563,0.01616510222182717
0.4456207892204042,0.9946294307196563,0.01621173909384163
0.44583533943187287,0.9946294307196563,0.016216589248454896
0.4460500963391137,0.9946294307196563,0.01622395703136929
0.44626506024096385,0.9946294307196563,0.016244165999768304
0.446480231436837,0.9946294307196563,0.01624570263478043
0.44669561022672455,0.9946294307196563,0.016340313825571388
0.4469111969111969,0.9946294307196563,0.016426041299156546
0.44712699179140514,0.9946294307196563,0.01650029279108925
0.4473429951690821,0.9946294307196563,0.016500318694477066
0.4475592073465442,0.9946294307196563,0.01653277435453981
0.44777562862669246,0.9946294307196563,0.01664074949438161
0.447992259313014,0.9946294307196563,0.016658627475695086
0.4482090997095837,0.9946294307196563,0.016736822479142797
0.44842615012106535,0.9946294307196563,0.01678319710576007
0.4486434108527132,0.9946294307196563,0.01684241388205478
0.44886088221037324,0.9946294307196563,0.016863297460388848
0.44907856450048494,0.9946294307196563,0.01688969256527629
0.4492964580300825,0.9946294307196563,0.016946891822181807
0.4495145631067961,0.9946294307196563,0.01701000600666616
0.4497328800388538,0.9946294307196563,0.017020050148360995
0.4499514091350826,0.9946294307196563,0.017208299945943552
0.45017015070491007,0.9946294307196563,0.017257499607105556
0.45038910505836577,0.9946294307196563,0.017267384601258515
0.4506082725060827,0.9946294307196563,0.01729984421067695
0.4508276533592989,0.9946294307196563,0.01730342006908424
0.45104724792985873,0.9946294307196563,0.017328709726994698
0.4512670565302144,0.9946294307196563,0.017344794339442093
0.4514870794734276,0.9946294307196563,0.017427750206254238
0.45170731707317074,0.9946294307196563,0.017468024757379196
0.45192776964372866,0.9946294307196563,0.017482917031566108
0.4521484375,0.9946294307196563,0.017537262124718737
0.45236932095749877,0.9946294307196563,0.017581310242299458
0.4525904203323558,0.9946294307196563,0.017755074473906757
0.45232273838630804,0.9935553168635876,0.017856035032800765
0.4525440313111546,0.9935553168635876,0.017870637756814026
0.45276554087126775,0.9935553168635876,0.01787514511866333
0.45298726738491674,0.9935553168635876,0.017940090692607928
0.4532092111709946,0.9935553168635876,0.01801317734007802
0.4534313725490196,0.9935553168635876,0.018059037254278574
0.4536537518391368,0.9935553168635876,0.01807993441214608
0.45387634936211974,0.9935553168635876,0.01817852786809092
0.4540991654393716,0.9935553168635876,0.018206865297562474
0.4543222003929273,0.9935553168635876,0.018273385453073065
0.45454545454545453,0.9935553168635876,0.01828639817411956
0.45476892822025566,0.9935553168635876,0.018456604383579784
0.4549926217412691,0.9935553168635876,0.018472692422524348
0.4552165354330709,0.9935553168635876,0.018500261966579855
0.4554406696208764,0.9935553168635876,0.018513348237186117
0.45566502463054187,0.9935553168635876,0.018632164307964664
0.4558896007885658,0.9935553168635876,0.018662027903125662
0.4561143984220907,0.9935553168635876,0.01870436492706708
0.4563394178589048,0.9935553168635876,0.018768244594575562
0.45656465942744323,0.9935553168635876,0.01902118464880325
0.45701581027667987,0.9935553168635876,0.019044131094535285
0.45724172021749876,0.9935553168635876,0.019073596606071323
0.45746785361028686,0.9935553168635876,0.019233045526951834
0.4576942107867392,0.9935553168635876,0.0193377598110159
0.45792079207920794,0.9935553168635876,0.019347504203876483
0.4581475978207033,0.9935553168635876,0.019493654190471218
0.45837462834489595,0.9935553168635876,0.019510417972044815
0.458601883986118,0.9935553168635876,0.019526002097913168
0.45882936507936506,0.9935553168635876,0.019550990945244255
0.45905707196029777,0.9935553168635876,0.019600719967066024
0.45928500496524327,0.9935553168635876,0.019605718099012855
0.4595131644311972,0.9935553168635876,0.01963650075912856
0.45974155069582506,0.9935553168635876,0.01983036778361341
0.45997016409746394,0.9935553168635876,0.0198436308909517
0.4601990049751244,0.9935553168635876,0.01984863132655075
0.4604280736684918,0.9935553168635876,0.019881908517007565
0.46065737051792827,0.9935553168635876,0.01990532290231208
0.46088689586447434,0.9935553168635876,0.01992463192949161
0.4611166500498505,0.9935553168635876,0.01999460610957022
0.4613466334164589,0.9935553168635876,0.020006657241875676
0.4615768463073852,0.9935553168635876,0.020032512782549628
0.4618072890664004,0.9935553168635876,0.020089360454704847
0.46203796203796205,0.9935553168635876,0.02010605427179805
0.4622688655672164,0.9935553168635876,0.020147498643288565
0.4625,0.9935553168635876,0.020151062838435433
0.4627313656828414,0.9935553168635876,0.020158493127737345
0.46296296296296297,0.9935553168635876,0.02017293851189126
0.4631947921882824,0.9935553168635876,0.020383344638622593
0.4634268537074148,0.9935553168635876,0.020523664179857397
0.46365914786967416,0.9935553168635876,0.020594326886511066
0.4638916750250752,0.9935553168635876,0.020619254835106328
0.4641244355243352,0.9935553168635876,0.020623095659982528
0.4643574297188755,0.9935553168635876,0.02066918006938593
0.4645906579608237,0.9935553168635876,0.020699295528305586
0.4648241206030151,0.9935553168635876,0.02073675080004281
0.4650578179989945,0.9935553168635876,0.02076381303591554
0.46529175050301813,0.9935553168635876,0.020794451308151735
0.46552591847005537,0.9935553168635876,0.020812297440675108
0.46576032225579056,0.9935553168635876,0.020901133698878693
0.4659949622166247,0.9935553168635876,0.020927895709514553
0.46622983870967744,0.9935553168635876,0.021165286126910134
0.4664649520927887,0.9935553168635876,0.02121369712768859
0.4667003027245207,0.9935553168635876,0.021226498612452207
0.4669358909641595,0.9935553168635876,0.021432239468250496
0.4671717171717172,0.9935553168635876,0.021561292243947462
0.4674077817079333,0.9935553168635876,0.02157026375426836
0.46764408493427706,0.9935553168635876,0.021610886185121244
0.46788062721294893,0.9935553168635876,0.02164080481190802
0.4681174089068826,0.9935553168635876,0.021778264854417466
0.46835443037974683,0.9935553168635876,0.021793522866015325
0.4685916919959473,0.9935553168635876,0.02194207450596021
0.4688291941206285,0.9935553168635876,0.02195652691390594
0.46906693711967545,0.9935553168635876,0.022035729476018097
0.46930492135971585,0.9935553168635876,0.02206895747349522
0.46954314720812185,0.9935553168635876,0.022165621926413345
0.4697816150330117,0.9935553168635876,0.022176308174818502
0.47002032520325204,0.9935553168635876,0.022188696775169596
0.4702592780884596,0.9935553168635876,0.022255777362051563
0.470498474059003,0.9935553168635876,0.022299197281247702
0.4707379134860051,0.9935553168635876,0.022316024803841775
0.4709775967413442,0.9935553168635876,0.022319922221881117
0.47121752419765667,0.9935553168635876,0.02235736709808998
0.4716981132075472,0.9935553168635876,0.022367074296741486
0.4719387755102041,0.9935553168635876,0.022395252436532297
0.4721796835119959,0.9935553168635876,0.0224872949540163
0.4724208375893769,0.9935553168635876,0.022583868577933795
0.47266223811957075,0.9935553168635876,0.02275002612789723
0.4729038854805726,0.9935553168635876,0.022771704545249793
0.4731457800511509,0.9935553168635876,0.022786220584308046
0.4733879222108495,0.9935553168635876,0.02284750702557083
0.47363031233998976,0.9935553168635876,0.02286173159271894
0.4738729508196721,0.9935553168635876,0.02286598889313441
0.4741158380317786,0.9935553168635876,0.022921095079302168
0.47435897435897434,0.9935553168635876,0.022988154464471774
0.4746023601847101,0.9935553168635876,0.022999123033802187
0.4748459958932238,0.9935553168635876,0.02315330360723864
0.4750898818695429,0.9935553168635876,0.02325690467770246
0.47533401849948614,0.9935553168635876,0.023367413956948326
0.4755784061696658,0.9935553168635876,0.02346123329113886
0.4758230452674897,0.9935553168635876,0.023580214634218364
0.47606793618116316,0.9935553168635876,0.023673964304994362
0.476313079299691,0.9935553168635876,0.023788706321687256
0.47655847501287996,0.9935553168635876,0.02382141570375302
0.47680412371134023,0.9935553168635876,0.023898472337986636
0.47705002578648786,0.9935553168635876,0.024233794424174646
0.47729618163054693,0.9935553168635876,0.024249467840259494
0.4777892561983471,0.9935553168635876,0.02425593280467354
0.4780361757105943,0.9935553168635876,0.024356133912093885
0.4782833505687694,0.9935553168635876,0.024370943373568058
0.4785307811691671,0.9935553168635876,0.02437603414357731
0.4787784679089027,0.9935553168635876,0.02438083416281298
0.47902641118591405,0.9935553168635876,0.02446990180080067
0.4792746113989637,0.9935553168635876,0.024642547900567285
0.47952306894764124,0.9935553168635876,0.024680831787320084
0.47977178423236516,0.9935553168635876,0.024682576062919136
0.48002075765438507,0.9935553168635876,0.024700965287461372
0.480269989615784,0.9935553168635876,0.02476566254674529
0.4805194805194805,0.9935553168635876,0.02485051574089246
0.4807692307692308,0.9935553168635876,0.024900047052728986
0.48101924076963076,0.9935553168635876,0.024920683754605828
0.48126951092611864,0.9935553168635876,0.02492903648525547
0.4815200416449766,0.9935553168635876,0.02499017501488512
0.4817708333333333,0.9935553168635876,0.02504443464314577
0.4820218863991662,0.9935553168635876,0.025070194131360742
0.48227320125130346,0.9935553168635876,0.025124490704880004
0.4825247782994262,0.9935553168635876,0.025147363303052235
0.482776617954071,0.9935553168635876,0.02526595725581856
0.4830287206266319,0.9935553168635876,0.025388084396999352
0.4832810867293626,0.9935553168635876,0.025685795064865038
0.483533716675379,0.9935553168635876,0.025744476799951545
0.4837866108786611,0.9935553168635876,0.0257680552834472
0.4840397697540555,0.9935553168635876,0.025832250552370577
0.48429319371727747,0.9935553168635876,0.025979466647133017
0.48454688318491357,0.9935553168635876,0.026052531257836468
0.48480083857442346,0.9935553168635876,0.026173610721264402
0.48505506030414264,0.9935553168635876,0.026252210905650625
0.48530954879328436,0.9935553168635876,0.02638375406599738
0.48556430446194226,0.9935553168635876,0.026415770381792672
0.48581932773109243,0.9935553168635876,0.02647521447171056
0.4860746190225959,0.9935553168635876,0.02648593958910493
0.4863301787592008,0.9935553168635876,0.026493623605891133
0.486586007364545,0.9935553168635876,0.026559023233075275
0.4868421052631579,0.9935553168635876,0.026766936551059387
0.48709847288046343,0.9935553168635876,0.02680381702993812
0.48735511064278186,0.9935553168635876,0.026847983134253302
0.48761201897733264,0.9935553168635876,0.026871325842954045
0.4873417721518987,0.9924812030075187,0.026880364626970413
0.48759894459102904,0.9924812030075187,0.027059629229428096
0.48785638859556496,0.9924812030075187,0.02710291181813751
0.48811410459587956,0.9924812030075187,0.0272223648049692
0.4883720930232558,0.9924812030075187,0.027244291702266624
0.48863035430988894,0.9924812030075187,0.027395067892591225
0.4888888888888889,0.9924812030075187,0.027476777222035068
0.4891476971942827,0.9924812030075187,0.027570633541890537
0.4894067796610169,0.9924812030075187,0.02762619117346179
0.48966613672496023,0.9924812030075187,0.027664166744278875
0.4899257688229056,0.9924812030075187,0.027745615916651832
0.49018567639257293,0.9924812030075187,0.027847279314783223
0.49044585987261147,0.9924812030075187,0.0278598540509895
0.49070631970260226,0.9924812030075187,0.027885175209586333
0.4909670563230606,0.9924812030075187,0.02790321769852414
0.49122807017543857,0.9924812030075187,0.027998167982371088
0.49148936170212765,0.9924812030075187,0.028029309218607194
0.49175093134646086,0.9924812030075187,0.028139735421397794
0.49201277955271566,0.9924812030075187,0.02820445939325823
0.4922749067661161,0.9924812030075187,0.0282050138294048
0.4925373134328358,0.9924812030075187,0.02827980752063146
0.4928,0.9924812030075187,0.02865336892843495
0.49306296691568835,0.9924812030075187,0.028658518031800004
0.49332621462893755,0.9924812030075187,0.028748188005774663
0.4935897435897436,0.9924812030075187,0.02881918668636726
0.4938535542490647,0.9924812030075187,0.029019955220464484
0.49411764705882355,0.9924812030075187,0.029112979308805617
0.4943820224719101,0.9924812030075187,0.029248206886703456
0.49464668094218417,0.9924812030075187,0.02930736017967815
0.49491162292447777,0.9924812030075187,0.029320988542942166
0.49517684887459806,0.9924812030075187,0.02941771935075957
0.4954423592493298,0.9924812030075187,0.029481811160275796
0.4957081545064378,0.9924812030075187,0.02957255455875629
0.49597423510466987,0.9924812030075187,0.029607127609173382
0.49624060150375937,0.9924812030075187,0.03001502614549347
0.4965072541644277,0.9924812030075187,0.030109243269835783
0.4967741935483871,0.9924812030075187,0.030135171364294083
0.4970414201183432,0.9924812030075187,0.030140093440494915
0.49730893433799783,0.9924812030075187,0.030303840811947636
0.4975767366720517,0.9924812030075187,0.030741014456426644
0.4978448275862069,0.9924812030075187,0.03084387355247677
0.4981132075471698,0.9924812030075187,0.030868143235308
0.49784250269687164,0.99140708915145,0.03088908818689921
0.49811117107393416,0.99140708915145,0.030926939958064028
0.49838012958963285,0.99140708915145,0.03095100544046303
0.49864937871420856,0.99140708915145,0.031037236773686704
0.49891891891891893,0.99140708915145,0.03105033523450079
0.49945887445887444,0.99140708915145,0.031077647429275806
0.4997292907417434,0.99140708915145,0.031110792628780123
0.5,0.99140708915145,0.03122562297137756
0.5002710027100271,0.99140708915145,0.031249249648094616
0.5005422993492408,0.99140708915145,0.0313883808202188
0.5008138903960934,0.99140708915145,0.031522581127239796
0.501085776330076,0.99140708915145,0.0316257062587253
0.5013579576317219,0.99140708915145,0.032006607961603845
0.5016304347826087,0.99140708915145,0.032009869815240156
0.5019032082653616,0.99140708915145,0.032066818392475036
0.5021762785636561,0.99140708915145,0.03215107837051216
0.502449646162221,0.99140708915145,0.03218244720712782
0.5027233115468409,0.99140708915145,0.03219755140374645
0.5029972752043597,0.99140708915145,0.032220498586621044
0.5032715376226826,0.99140708915145,0.03226349054255795
0.5035460992907801,0.99140708915145,0.03239787767930585
0.50382096069869,0.99140708915145,0.03242038324568212
0.5040961223375204,0.99140708915145,0.0325178505607998
0.5043715846994535,0.99140708915145,0.032546251033023256
0.5046473482777474,0.99140708915145,0.03255301885607892
0.5049234135667396,0.99140708915145,0.03277902987236711
0.50519978106185,0.99140708915145,0.03278563892335556
0.5049288061336255,0.9903329752953813,0.033070883230189224
0.5052054794520547,0.9903329752953813,0.03315302659300781
0.5054824561403509,0.9903329752953813,0.03327000340007007
0.505759736697751,0.9903329752953813,0.03335654241951596
0.5060373216245884,0.9903329752953813,0.0334013900363986
0.5063152114222954,0.9903329752953813,0.033438306708697296
0.5065934065934066,0.9903329752953813,0.03352602845362838
0.5068719076415613,0.9903329752953813,0.0335397865262169
0.5071507150715071,0.9903329752953813,0.03355380300775234
0.507429829389103,0.9903329752953813,0.033738901090155114
0.5077092511013216,0.9903329752953813,0.03377558909518031
0.5079889807162534,0.9903329752953813,0.03396850073607171
0.5082690187431091,0.9903329752953813,0.03425752813929779
0.5085493656922229,0.9903329752953813,0.03426895401586264
0.5088300220750552,0.9903329752953813,0.03440174856092303
0.5091109884041966,0.9903329752953813,0.03442652214468569
0.5093922651933702,0.9903329752953813,0.03443687713978219
0.5096738529574351,0.9903329752953813,0.03466594910485208
0.5099557522123894,0.9903329752953813,0.034775765936268015
0.5102379634753735,0.9903329752953813,0.03495166200358741
0.5105204872646734,0.9903329752953813,0.03512007215685048
0.510803324099723,0.9903329752953813,0.035300705637353005
0.5110864745011087,0.9903329752953813,0.03551924356913892
0.5113699389905713,0.9903329752953813,0.03556640473909771
0.51165371809101,0.9903329752953813,0.03570630518802846
0.5119378123264853,0.9903329752953813,0.03581576843374569
0.5125069483046136,0.9903329752953813,0.035871866287201515
0.5127919911012235,0.9903329752953813,0.03606093892681342
0.5130773511407902,0.9903329752953813,0.03618881742051146
0.5128062360801782,0.9892588614393125,0.03626606286908836
0.5130919220055711,0.9892588614393125,0.03633514724969168
0.5133779264214047,0.9892588614393125,0.036365043940230886
0.5136642498605689,0.9892588614393125,0.03640451395161247
0.5139508928571429,0.9892588614393125,0.03675706643959458
0.5142378559463987,0.9892588614393125,0.03677330299631257
0.5145251396648045,0.9892588614393125,0.03688637639787675
0.5148127445500279,0.9892588614393125,0.03698056854792406
0.5151006711409396,0.9892588614393125,0.03709383791358348
0.5153889199776162,0.9892588614393125,0.03726290852799015
0.5156774916013438,0.9892588614393125,0.037740793463586116
0.5159663865546219,0.9892588614393125,0.03807159199325069
0.515695067264574,0.9881847475832438,0.03807840088683178
0.5159842961301178,0.9881847475832438,0.038083757592366665
0.5162738496071829,0.9881847475832438,0.03819471607534038
0.5165637282425604,0.9881847475832438,0.0382277542813718
0.5168539325842697,0.9881847475832438,0.03871701356958155
0.5174353205849269,0.9881847475832438,0.03877140176057245
0.5177265053460889,0.9881847475832438,0.03890472710612455
0.5180180180180181,0.9881847475832438,0.03892778273162718
0.5183098591549296,0.9881847475832438,0.03904004106848154
0.5186020293122886,0.9881847475832438,0.0392213459728954
0.5188945290468133,0.9881847475832438,0.039377930282442686
0.5191873589164786,0.9881847475832438,0.03938370104684346
0.5194805194805194,0.9881847475832438,0.039626704606127945
0.519774011299435,0.9881847475832438,0.039835200043392194
0.5200678349349915,0.9881847475832438,0.039898622863130874
0.5197963800904978,0.9871106337271751,0.0399390649345842
0.5200905489530278,0.9871106337271751,0.040017273837873436
0.5203850509626274,0.9871106337271751,0.040076508678132984
0.5206798866855524,0.9871106337271751,0.04009463202808535
0.5209750566893424,0.9871106337271751,0.040102870463225845
0.5212705615428247,0.9871106337271751,0.040144666037356086
0.521566401816118,0.9871106337271751,0.04015163412034299
0.521862578080636,0.9871106337271751,0.04015461153143621
0.522159090909091,0.9871106337271751,0.04024611067320855
0.5224559408754974,0.9871106337271751,0.040309843099776047
0.5227531285551763,0.9871106337271751,0.04042404478983313
0.5233485193621867,0.9871106337271751,0.040650592067675184
0.5236467236467236,0.9871106337271751,0.04065494671972699
0.523945267958951,0.9871106337271751,0.04075502511721208
0.5242441528807759,0.9871106337271751,0.040899938678953536
0.5245433789954338,0.9871106337271751,0.04093676772297386
0.5248429468874929,0.9871106337271751,0.041062169206338164
0.5251428571428571,0.9871106337271751,0.04107847043422155
0.5254431103487708,0.9871106337271751,0.041092553529275086
0.5257437070938215,0.9871106337271751,0.0413028180285473
0.526044647967945,0.9871106337271751,0.0413509343847301
0.5263459335624284,0.9871106337271751,0.04145696563257378
0.526647564469914,0.9871106337271751,0.04167807103571739
0.5269495412844036,0.9871106337271751,0.041830829925428886
0.5272518646012622,0.9871106337271751,0.04186059194517653
0.5275545350172216,0.9871106337271751,0.04200150834573519
0.527283170591614,0.9860365198711063,0.042069055588463786
0.5275862068965518,0.9860365198711063,0.04221950660733362
0.527889591719379,0.9860365198711063,0.04263985582313352
0.5281933256616801,0.9860365198711063,0.04275376375468281
0.5284974093264249,0.9860365198711063,0.04301358068965479
0.5288018433179723,0.9860365198711063,0.04325900288136014
0.5291066282420749,0.9860365198711063,0.04341202998288195
0.5294117647058824,0.9860365198711063,0.043414111010868804
0.5297172533179457,0.9860365198711063,0.04351100499261981
0.5300230946882217,0.9860365198711063,0.043758289937806276
0.5303292894280762,0.9860365198711063,0.043796917527312046
0.5300578034682081,0.9849624060150376,0.04385027983317872
0.5303643724696356,0.9849624060150376,0.04387884406085818
0.5306712962962963,0.9849624060150376,0.04398335137981764
0.5309785755645628,0.9849624060150376,0.044017066142023734
0.5312862108922364,0.9849624060150376,0.04406782368319666
0.5315942028985507,0.9849624060150376,0.044185109952892494
0.5319025522041764,0.9849624060150376,0.044358239710763775
0.5322112594312246,0.9849624060150376,0.04442285184280267
0.532520325203252,0.9849624060150376,0.044433620861879054
0.5328297501452643,0.9849624060150376,0.04451315563254027
0.5331395348837209,0.9849624060150376,0.04459820451847526
0.5334496800465387,0.9849624060150376,0.044752396975136506
0.5337601862630966,0.9849624060150376,0.044804356578938935
0.5340710541642399,0.9849624060150376,0.044859557621471126
0.5343822843822844,0.9849624060150376,0.04509680762558632
0.5346938775510204,0.9849624060150376,0.045172363357946464
0.5350058343057176,0.9849624060150376,0.04520380281592591
0.535318155283129,0.9849624060150376,0.04528924095244006
0.5356308411214953,0.9849624060150376,0.045312383514488824
0.5359438924605494,0.9849624060150376,0.04544356310838175
0.5362573099415204,0.9849624060150376,0.04608993665931093
0.5365710942071387,0.9849624060150376,0.04611592477903154
0.5368852459016393,0.9849624060150376,0.04661930517461433
0.5371997656707674,0.9849624060150376,0.04706192470422367
0.5375146541617819,0.9849624060150376,0.047133316905694174
0.5378299120234604,0.9849624060150376,0.047379305417181106
0.5381455399061033,0.9849624060150376,0.04742021431560622
0.5384615384615384,0.9849624060150376,0.04743546889812021
0.5387779083431258,0.9849624060150376,0.04749970596802598
0.5390946502057613,0.9849624060150376,0.0475343905176331
0.5394117647058824,0.9849624060150376,0.04756605786202176
0.5397292525014714,0.9849624060150376,0.04759993653333363
0.5400471142520612,0.9849624060150376,0.04766103051839693
0.5403653506187389,0.9849624060150376,0.04785749836009496
0.5406839622641509,0.9849624060150376,0.04799655125305224
0.5404129793510325,0.9838882921589689,0.04809208245902864
0.5407319952774499,0.9838882921589689,0.0481196742587877
0.5410513880685174,0.9838882921589689,0.048149697422209974
0.541371158392435,0.9838882921589689,0.048156932052315055
0.5416913069189828,0.9838882921589689,0.048315218729497296
0.5420118343195266,0.9838882921589689,0.04852450576493642
0.5423327412670219,0.9838882921589689,0.04854187919416918
0.542654028436019,0.9838882921589689,0.04872660139272212
0.5429756965026674,0.9838882921589689,0.048885134556336585
0.5432977461447213,0.9838882921589689,0.048908184835168164
0.5436201780415431,0.9838882921589689,0.04921557015938047
0.5439429928741093,0.9838882921589689,0.04927346791782608
0.5442661913250149,0.9838882921589689,0.04942718016765936
0.544589774078478,0.9838882921589689,0.04944812114684051
0.544913741820345,0.9838882921589689,0.049492309356565845
0.5452380952380952,0.9838882921589689,0.049509684753955154
0.5455628350208458,0.9838882921589689,0.049805789550935446
0.5452920143027413,0.9828141783029001,0.05010498066966714
0.5456171735241503,0.9828141783029001,0.05030267479950403
0.5459427207637232,0.9828141783029001,0.050401915516701576
0.5462686567164179,0.9828141783029001,0.05058498712964
0.546594982078853,0.9828141783029001,0.05060944827494057
0.5469216975493126,0.9828141783029001,0.05064954052565353
0.5472488038277512,0.9828141783029001,0.05098073882071246
0.547576301615799,0.9828141783029001,0.05107722697215483
0.5479041916167665,0.9828141783029001,0.05112794381658456
0.54823247453565,0.9828141783029001,0.05129757473667281
0.5479616306954437,0.9817400644468314,0.0514418405179057
0.5482903419316136,0.9817400644468314,0.051625408853218105
0.5486194477791116,0.9817400644468314,0.0516903065696647
0.5483483483483483,0.9806659505907627,0.05193428702329671
0.5486778846153846,0.9806659505907627,0.05200600018497015
0.5490078171978352,0.9806659505907627,0.052052905419175906
0.549338146811071,0.9806659505907627,0.05244585195152383
0.5496688741721855,0.9806659505907627,0.05307170693977276
0.55,0.9806659505907627,0.05333930018129558
0.5503315250150693,0.9806659505907627,0.053451955589109486
0.5506634499396864,0.9806659505907627,0.053777182060838424
0.5509957754978877,0.9806659505907627,0.05422711261312007
0.5513285024154589,0.9806659505907627,0.05431547510963908
0.5516616314199396,0.9806659505907627,0.054490997787186454
0.5513905683192262,0.9795918367346939,0.05492563893453049
0.5517241379310345,0.9795918367346939,0.05506799718190594
0.5520581113801453,0.9795918367346939,0.055126288476208506
0.5523924894003635,0.9795918367346939,0.05519267135645222
0.5527272727272727,0.9795918367346939,0.055237634014083895
0.5530624620982414,0.9795918367346939,0.05589821710361267
0.5533980582524272,0.9795918367346939,0.05606214491401729
0.5537340619307832,0.9795918367346939,0.05618042591844588
0.5540704738760632,0.9795918367346939,0.056286412479950906
0.5544072948328268,0.9795918367346939,0.05641283081023508
0.5541362530413625,0.9785177228786252,0.05648348460423122
0.5544735240413877,0.9785177228786252,0.05658516786827423
0.5542021924482339,0.9774436090225563,0.05662841146742051
0.5545399146861669,0.9774436090225563,0.05667342970097772
0.5542682926829269,0.9763694951664876,0.056922146120488806
0.5546064673581452,0.9763694951664876,0.05803475506483682
0.554945054945055,0.9763694951664876,0.058224847040421794
0.5552840562003665,0.9763694951664876,0.05899685160728636
0.5556234718826406,0.9763694951664876,0.05901904409046827
0.5559633027522936,0.9763694951664876,0.059041108009010496
0.5563035495716034,0.9763694951664876,0.05907262045981251
0.5560318432333129,0.9752953813104189,0.05919051292811051
0.5563725490196079,0.9752953813104189,0.059211116034556976
0.5567136725935009,0.9752953813104189,0.059532139010466584
0.5570552147239264,0.9752953813104189,0.05965607032677685
0.5567833026396563,0.9742212674543501,0.059766550695732897
0.5571253071253072,0.9742212674543501,0.05979686128300243
0.5574677320221266,0.9742212674543501,0.06015923165012515
0.557810578105781,0.9742212674543501,0.06046495920115359
0.5581538461538461,0.9742212674543501,0.06065668972494793
0.5584975369458128,0.9742212674543501,0.0608423354908101
0.558841651263093,0.9742212674543501,0.06090077698712126
0.5591861898890259,0.9742212674543501,0.06106037567906546
0.5595311536088834,0.9742212674543501,0.0610614583741751
0.5598765432098766,0.9742212674543501,0.06117663362733546
0.5602223594811612,0.9742212674543501,0.06147462746712852
0.5605686032138443,0.9742212674543501,0.06156132045634264
0.5609152752009895,0.9742212674543501,0.06184256775706869
0.5612623762376238,0.9742212674543501,0.06190794255024529
0.561609907120743,0.9742212674543501,0.06285496269191142
0.5619578686493185,0.9742212674543501,0.06301728954525741
0.5623062616243025,0.9742212674543501,0.06302681963399079
0.5626550868486352,0.9742212674543501,0.06314923532702213
0.5630043451272502,0.9742212674543501,0.06320866151755997
0.5633540372670808,0.9742212674543501,0.06331976706815652
0.5637041640770665,0.9742212674543501,0.063481908631466
0.5640547263681592,0.9742212674543501,0.06377121275098914
0.5644057249533292,0.9742212674543501,0.06400850036909586
0.5647571606475716,0.9742212674543501,0.06415449737583541
0.5644859813084112,0.9731471535982814,0.06424498880870093
0.5648379052369077,0.9731471535982814,0.06435650960319295
0.5651902682470368,0.9731471535982814,0.06437444708596493
0.5655430711610487,0.9731471535982814,0.06465153063080054
0.565896314803248,0.9731471535982814,0.06473641223779306
0.56625,0.9731471535982814,0.06479452261619373
0.5666041275797373,0.9731471535982814,0.06490691643493122
0.5669586983729662,0.9731471535982814,0.06508306838743069
0.567313713212273,0.9731471535982814,0.06545288861464603
0.5676691729323309,0.9731471535982814,0.06558017765233777
0.568025078369906,0.9731471535982814,0.06563141552795185
0.5683814303638645,0.9731471535982814,0.06592383707473978
0.568738229755179,0.9731471535982814,0.06608496304331411
0.5690954773869347,0.9731471535982814,0.06634382937299299
0.5694531741043369,0.9731471535982814,0.06636009943404862
0.569811320754717,0.9731471535982814,0.06669090039222711
0.5701699181875394,0.9731471535982814,0.06670304681685743
0.570528967254408,0.9731471535982814,0.0670728090538378
0.5708884688090737,0.9731471535982814,0.0672662819643587
0.5706179066834804,0.9720730397422127,0.0672824822646375
0.5709779179810726,0.9720730397422127,0.06762713070290997
0.5713383838383839,0.9720730397422127,0.06765688817385186
0.5716993051168667,0.9720730397422127,0.06774478434812442
0.5720606826801518,0.9720730397422127,0.06782174675949817
0.5724225173940544,0.9720730397422127,0.06789575034830649
0.5727848101265823,0.9720730397422127,0.06820079930046204
0.5731475617479417,0.9720730397422127,0.06849461311617938
0.573510773130545,0.9720730397422127,0.06862527266285863
0.5738744451490171,0.9720730397422127,0.0689079126346694
0.574238578680203,0.9720730397422127,0.06893738667175132
0.5746031746031746,0.9720730397422127,0.06920574743087278
0.5743329097839899,0.9709989258861439,0.06940464248270724
0.5746980292434838,0.9709989258861439,0.0694250633243584
0.5744274809160306,0.9699248120300752,0.06948585837018352
0.5747931253978358,0.9699248120300752,0.0694926940771685
0.5751592356687898,0.9699248120300752,0.06950649925919186
0.5755258126195029,0.9699248120300752,0.06953494048057557
0.5758928571428571,0.9699248120300752,0.06965214857568797
0.576260370134014,0.9699248120300752,0.06971641144267654
0.5766283524904214,0.9699248120300752,0.07013367429390292
0.5763578274760384,0.9688506981740065,0.07131221630652673
0.5767263427109974,0.9688506981740065,0.0714855586176219
0.5770953294945618,0.9688506981740065,0.07205777970381454
0.5774647887323944,0.9688506981740065,0.07232902524405005
0.5778347213324792,0.9688506981740065,0.07257223958564891
0.5782051282051283,0.9688506981740065,0.07264261886084016
0.5785760102629891,0.9688506981740065,0.07283992429721545
0.5789473684210527,0.9688506981740065,0.07291578848261004
0.5793192035966602,0.9688506981740065,0.07334579420685088
0.5796915167095116,0.9688506981740065,0.07372689256416001
0.580064308681672,0.9688506981740065,0.07373941582388882
0.5804375804375804,0.9688506981740065,0.07437120457250225
0.5808113329040566,0.9688506981740065,0.07455387038376281
0.5811855670103093,0.9688506981740065,0.07528913039801952
0.5815602836879432,0.9688506981740065,0.07530184916035455
0.5819354838709677,0.9688506981740065,0.07548093690730384
0.5823111684958038,0.9688506981740065,0.07551087587793333
0.582687338501292,0.9688506981740065,0.0755399834088025
0.5824175824175825,0.9677765843179377,0.07580654618950555
0.5827943078913325,0.9677765843179377,0.07604346151997834
0.5831715210355987,0.9677765843179377,0.07614359381253656
0.5835492227979274,0.9677765843179377,0.07618118347410079
0.5839274141283215,0.9677765843179377,0.07618311066399654
0.5843060959792478,0.9677765843179377,0.07640716100985669
0.5846852693056457,0.9677765843179377,0.07670161330610588
0.5850649350649351,0.9677765843179377,0.07673029289558965
0.5854450942170241,0.9677765843179377,0.07675544592777565
0.5858257477243173,0.9677765843179377,0.0769344724307226
0.5862068965517241,0.9677765843179377,0.07730319711806165
0.5865885416666666,0.9677765843179377,0.07784932399317696
0.5869706840390879,0.9677765843179377,0.07815277048618205
0.5873533246414603,0.9677765843179377,0.07851844910645349
0.5877364644487932,0.9677765843179377,0.07879453128076157
0.5881201044386423,0.9677765843179377,0.07881733741639027
0.5885042455911169,0.9677765843179377,0.07884200431330389
0.5888888888888889,0.9677765843179377,0.07900489473783155
0.5892740353172008,0.9677765843179377,0.07901746747283273
0.5896596858638743,0.9677765843179377,0.07913129540053182
0.5900458415193189,0.9677765843179377,0.0792618266644446
0.5897771952817824,0.966702470461869,0.07951924983680321
0.5901639344262295,0.966702470461869,0.08017353730301263
0.5905511811023622,0.966702470461869,0.08022302962841642
0.5909389363099147,0.966702470461869,0.08022806341096153
0.5913272010512484,0.966702470461869,0.08035636443284072
0.5910585141354372,0.9656283566058003,0.08044274821681673
0.5914473684210526,0.9656283566058003,0.08104551369427754
0.5918367346938775,0.9656283566058003,0.08113328786664792
0.5922266139657444,0.9656283566058003,0.08121073509193819
0.5926170072511536,0.9656283566058003,0.08128126198288327
0.5930079155672823,0.9656283566058003,0.08129806866337115
0.5927392739273928,0.9645542427497314,0.08136953714661245
0.5931307793923382,0.9645542427497314,0.08149165504958882
0.5935228023793787,0.9645542427497314,0.08155263425077347
0.593915343915344,0.9645542427497314,0.08217432669929985
0.5943084050297816,0.9645542427497314,0.082231675443246
0.5947019867549669,0.9645542427497314,0.08253714236191592
0.5950960901259112,0.9645542427497314,0.08289211348817191
0.5954907161803713,0.9645542427497314,0.08368301906561594
0.5958858659588586,0.9645542427497314,0.08368790121628099
0.5962815405046481,0.9645542427497314,0.08372364615826947
0.5960132890365448,0.9634801288936627,0.08432844034024375
0.5964095744680851,0.9634801288936627,0.08452035947901304
0.5968063872255489,0.9634801288936627,0.08470071183165688
0.5972037283621837,0.9634801288936627,0.08500737840213834
0.597601598934044,0.9634801288936627,0.08519397162110261
0.598,0.9634801288936627,0.08532957159369205
0.5983989326217478,0.9634801288936627,0.08542246090804383
0.5987983978638184,0.9634801288936627,0.08581428852919659
0.5991983967935872,0.9634801288936627,0.08581617561986557
0.5995989304812834,0.9634801288936627,0.08585919151514029
0.6,0.9634801288936627,0.0860348466809421
0.6004016064257028,0.9634801288936627,0.08605418373403248
0.6008037508372405,0.9634801288936627,0.08651223309630476
0.6012064343163539,0.9634801288936627,0.08701293988261706
0.6009389671361502,0.9624060150375939,0.08751264340209035
0.6013422818791946,0.9624060150375939,0.08763633026899888
0.6017461383478845,0.9624060150375939,0.08793559512304394
0.6021505376344086,0.9624060150375939,0.08794825925081537
0.6025554808338938,0.9624060150375939,0.08825991074450631
0.6029609690444145,0.9624060150375939,0.08856910591123213
0.6033670033670033,0.9624060150375939,0.08869406129475131
0.6037735849056604,0.9624060150375939,0.0887193807701843
0.6041807147673635,0.9624060150375939,0.0888958431105576
0.6045883940620783,0.9624060150375939,0.08903385615177924
0.6049966239027684,0.9624060150375939,0.08906652573220683
0.6054054054054054,0.9624060150375939,0.08914069173462882
0.605814739688979,0.9624060150375939,0.08916462639098054
0.6062246278755075,0.9624060150375939,0.08920750289299655
0.6066350710900474,0.9624060150375939,0.08939594050451252
0.6070460704607046,0.9624060150375939,0.09093447741623922
0.607457627118644,0.9624060150375939,0.09119391495950539
0.6078697421981004,0.9624060150375939,0.09132159457005491
0.6082824168363883,0.9624060150375939,0.09157538749455899
0.6086956521739131,0.9624060150375939,0.09175340991566645
0.6091094493541809,0.9624060150375939,0.0925747686312259
0.6095238095238096,0.9624060150375939,0.09297526918663221
0.6099387338325392,0.9624060150375939,0.0932071724429234
0.6103542234332425,0.9624060150375939,0.09342002332751778
0.610770279481936,0.9624060150375939,0.09360809126011847
0.6111869031377899,0.9624060150375939,0.09370896873874886
0.6116040955631399,0.9624060150375939,0.09375215304154559
0.6113387978142076,0.9613319011815252,0.09375766288710265
0.6117566643882434,0.9613319011815252,0.09383218657167214
0.6114911080711354,0.9602577873254565,0.09406147843798122
0.6119096509240246,0.9602577873254565,0.0946708872009871
0.6123287671232877,0.9602577873254565,0.09515071975734464
0.6127484578478409,0.9602577873254565,0.09552622282885907
0.6131687242798354,0.9602577873254565,0.0957183834338844
0.6135895676046671,0.9602577873254565,0.09590750059370717
0.614010989010989,0.9602577873254565,0.09597530692347786
0.6144329896907217,0.9602577873254565,0.0961431130489591
0.6148555708390646,0.9602577873254565,0.09616011177528334
0.6152787336545079,0.9602577873254565,0.09660445988202782
0.6157024793388429,0.9602577873254565,0.09675341460403623
0.6161268090971743,0.9602577873254565,0.09695025674903104
0.616551724137931,0.9602577873254565,0.09702128829004147
0.6169772256728778,0.9602577873254565,0.09708444156769715
0.6174033149171271,0.9602577873254565,0.09728837816139205
0.61782999308915,0.9602577873254565,0.09733601273972455
0.6182572614107884,0.9602577873254565,0.09770250628736565
0.6179930795847751,0.9591836734693877,0.09780308854316859
0.618421052631579,0.9591836734693877,0.09838905461001116
0.6188496188496189,0.9591836734693877,0.0984985909735125
0.6192787794729542,0.9591836734693877,0.09867595975198164
0.6197085357390701,0.9591836734693877,0.0987587157434225
0.6201388888888889,0.9591836734693877,0.09886496413647586
0.6205698401667825,0.9591836734693877,0.09893913119709596
0.6210013908205841,0.9591836734693877,0.09907485677474141
0.6207376478775226,0.958109559613319,0.10016590595097158
0.6211699164345403,0.958109559613319,0.10085417524671973
0.621602787456446,0.958109559613319,0.10097607263973953
0.6213389121338913,0.9570354457572503,0.1017644955322895
0.6210746685275645,0.9559613319011815,0.10256878650864
0.6215083798882681,0.9559613319011815,0.10310585805673078
0.6219426974143956,0.9559613319011815,0.10314921720424723
0.6223776223776224,0.9559613319011815,0.10338088448440753
0.622113365990203,0.9548872180451128,0.10379768404057066
0.6225490196078431,0.9548872180451128,0.10403496714236103
0.6229852838121934,0.9548872180451128,0.1040728696114293
0.623422159887798,0.9548872180451128,0.10465900884868587
0.623859649122807,0.9548872180451128,0.10491382738662713
0.6242977528089888,0.9548872180451128,0.10501473930837953
0.624033731553057,0.9538131041890441,0.10501963930105027
0.6244725738396625,0.9538131041890441,0.10505286056846419
0.6249120337790288,0.9538131041890441,0.10517811082279138
0.6253521126760564,0.9538131041890441,0.10537588326212521
0.6262341325811002,0.9538131041890441,0.1057179226696451
0.6266760762173607,0.9538131041890441,0.10581637094816007
0.626412429378531,0.9527389903329753,0.10593354310941991
0.6268551236749117,0.9527389903329753,0.10627308362984593
0.6272984441301273,0.9527389903329753,0.10649314249157256
0.627034677990092,0.9516648764769066,0.10653896386882014
0.626770538243626,0.9505907626208379,0.10765540312034279
0.6272147413182141,0.9505907626208379,0.10819779321982033
0.6276595744680851,0.9505907626208379,0.10880617851078515
0.6281050390347764,0.9505907626208379,0.10907874020716492
0.6285511363636364,0.9505907626208379,0.10911028568941548
0.6289978678038379,0.9505907626208379,0.10947341852070298
0.6287339971550497,0.949516648764769,0.10979646037412677
0.6291814946619217,0.949516648764769,0.11011545109617554
0.6296296296296297,0.949516648764769,0.11045191543776378
0.6300784034212402,0.949516648764769,0.11051737194767276
0.630527817403709,0.949516648764769,0.11055642367748403
0.6309778729478943,0.949516648764769,0.11060998671491885
0.6314285714285715,0.949516648764769,0.11075888553823246
0.631879914224446,0.949516648764769,0.11105539260515583
0.6323319027181689,0.949516648764769,0.11134989059846039
0.6327845382963493,0.949516648764769,0.11173216226546111
0.6332378223495702,0.949516648764769,0.11175440460996329
0.6329749103942652,0.9484425349087003,0.11213933188271065
0.633428981348637,0.9484425349087003,0.11267767801156267
0.633883704235463,0.9484425349087003,0.11275918263392673
0.6343390804597702,0.9484425349087003,0.11286506144204805
0.6347951114306255,0.9484425349087003,0.11291505902285524
0.6352517985611511,0.9484425349087003,0.1130259890667852
0.6361671469740634,0.9484425349087003,0.11391267480836466
0.6366258111031002,0.9484425349087003,0.11416940074782561
0.637085137085137,0.9484425349087003,0.11439444938247588
0.6372832369942196,0.9473684210526315,0.11457217891032485
0.6377440347071583,0.9473684210526315,0.11475231239105846
0.638205499276411,0.9473684210526315,0.11506455784071695
0.6386676321506155,0.9473684210526315,0.11519131033481723
0.6391304347826087,0.9473684210526315,0.11540626988321034
0.6395939086294417,0.9473684210526315,0.11672158459378255
0.6400580551523948,0.9473684210526315,0.11740443427152988
0.6405228758169934,0.9473684210526315,0.1175499812968933
0.6409883720930233,0.9473684210526315,0.11785113331567608
0.6414545454545455,0.9473684210526315,0.11800698461355312
0.6419213973799127,0.9473684210526315,0.11812234607583047
0.6423889293517844,0.9473684210526315,0.11849738864247679
0.6428571428571429,0.9473684210526315,0.1188241943581665
0.6425966447848286,0.9462943071965628,0.11883463621144874
0.6430656934306569,0.9462943071965628,0.11900343846132248
0.6435354273192111,0.9462943071965628,0.11912932372250877
0.6440058479532164,0.9462943071965628,0.11914414817757153
0.6444769568397952,0.9462943071965628,0.11974661041718784
0.6449487554904831,0.9462943071965628,0.11980939637957473
0.6454212454212455,0.9462943071965628,0.11991139336979918
0.6458944281524927,0.9462943071965628,0.1207827091811963
0.6463683052090976,0.9462943071965628,0.12155293775781781
0.6461086637298091,0.9452201933404941,0.1221798353845791
0.6465833945628214,0.9452201933404941,0.12248323601461233
0.6467991169977925,0.9441460794844253,0.1229751270772546
0.6472754050073638,0.9441460794844253,0.12299466651479785
0.6487084870848708,0.9441460794844253,0.12343217315424916
0.6491875923190547,0.9441460794844253,0.1236607304507189
0.6506291635825314,0.9441460794844253,0.12466839921405486
0.6511111111111111,0.9441460794844253,0.12475532627193013
0.6515937731653076,0.9441460794844253,0.125105733547717
0.6513353115727003,0.9430719656283566,0.1258355649776481
0.651818856718634,0.9430719656283566,0.12594932802929434
0.6523031203566122,0.9430719656283566,0.12683072893068445
0.6527881040892193,0.9430719656283566,0.12683910645769036
0.6532738095238095,0.9430719656283566,0.12709142911328397
0.6530156366344005,0.9419978517722879,0.12710384017904433
0.6535022354694486,0.9419978517722879,0.12797701691430355
0.6532438478747203,0.9409237379162191,0.12896769046841355
0.6537313432835821,0.9409237379162191,0.12934755763012173
0.6542195668409261,0.9409237379162191,0.1295247704334323
0.6539611360239163,0.9398496240601504,0.12979599087928673
0.6537023186237846,0.9387755102040817,0.1300005807210621
0.6541916167664671,0.9387755102040817,0.13023783015209414
0.6546816479400749,0.9387755102040817,0.1302951340895911
0.654913728432108,0.9377013963480129,0.1303235530967294
0.6554054054054054,0.9377013963480129,0.13036797855602242
0.6558978211870774,0.9377013963480129,0.1304606374713701
0.656390977443609,0.9377013963480129,0.13126886091555084
0.6568848758465011,0.9377013963480129,0.1313653811028992
0.6573795180722891,0.9377013963480129,0.1321154263583145
0.6578749058025621,0.9377013963480129,0.13228287554584556
0.6583710407239819,0.9377013963480129,0.13240590388947523
0.6588679245283019,0.9377013963480129,0.132822869382659
0.6593655589123867,0.9377013963480129,0.1330536049462045
0.659606656580938,0.9366272824919442,0.13363628211070616
0.660105980317941,0.9366272824919442,0.13374797544852482
0.6606060606060606,0.9366272824919442,0.1340824540946895
0.6603487490523123,0.9355531686358755,0.13426497815999563
0.6608497723823976,0.9355531686358755,0.1343263247569665
0.6613515565679575,0.9355531686358755,0.13437157714656917
0.6618541033434651,0.9355531686358755,0.1344058292064678
0.6623574144486692,0.9355531686358755,0.13455532182329707
0.6621004566210046,0.9344790547798066,0.13473747316443863
0.6618431073876618,0.9334049409237379,0.13504738276580444
0.6615853658536586,0.9323308270676691,0.13506318602356684
0.662090007627765,0.9323308270676691,0.1356820702811752
0.6618320610687023,0.9312567132116004,0.1365554799297753
0.6623376623376623,0.9312567132116004,0.13657630627512377
0.6628440366972477,0.9312567132116004,0.13667961065497694
0.6633511859219586,0.9312567132116004,0.13680435735050447
0.663093415007657,0.9301825993555317,0.13719229788142645
0.6636015325670498,0.9301825993555317,0.13835211876486592
0.6641104294478528,0.9301825993555317,0.13841366924572737
0.6646201074443592,0.9301825993555317,0.13849657725722436
0.6651305683563749,0.9301825993555317,0.1388578264825469
0.6648731744811683,0.9291084854994629,0.13901529493174372
0.6653846153846154,0.9291084854994629,0.13942439621893013
0.665896843725943,0.9291084854994629,0.1399834343983645
0.6664098613251156,0.9291084854994629,0.14021467955899783
0.6669236700077101,0.9291084854994629,0.14048518079588668
0.6674382716049383,0.9291084854994629,0.14097934184171557
0.667953667953668,0.9291084854994629,0.14162355710710609
0.6676970633693973,0.9280343716433942,0.14163375518258045
0.6682134570765661,0.9280343716433942,0.1416405919873733
0.6679566563467493,0.9269602577873255,0.14203717514010414
0.6684740511231604,0.9269602577873255,0.1427710005258332
0.6689922480620155,0.9269602577873255,0.14333711685093148
0.669511249030256,0.9269602577873255,0.14337286844604433
0.6692546583850931,0.9258861439312567,0.1435092729229462
0.668997668997669,0.924812030075188,0.14371115284314498
0.6695178849144634,0.924812030075188,0.14518552466113555
0.669260700389105,0.9237379162191193,0.14602204580991943
0.6697819314641744,0.9237379162191193,0.14602732754547648
0.6703039750584567,0.9237379162191193,0.14685405494004813
0.6708268330733229,0.9237379162191193,0.14709110045260582
0.6713505074160812,0.9237379162191193,0.14763981556579256
0.671875,0.9237379162191193,0.1477802046749104
0.6724003127443315,0.9237379162191193,0.1481991419387377
0.6721439749608764,0.9226638023630505,0.14871265864499816
0.6726703210649961,0.9226638023630505,0.14899296233815532
0.6724137931034483,0.9215896885069818,0.14912638959813387
0.673469387755102,0.9215896885069818,0.1494245536549577
0.6739984289080911,0.9215896885069818,0.14958889793436195
0.6745283018867925,0.9215896885069818,0.15017219256496944
0.6750590086546027,0.9215896885069818,0.15120080995466453
0.6755905511811023,0.9215896885069818,0.152618204893897
0.6758675078864353,0.920515574650913,0.1526534435455988
0.6764009471191792,0.920515574650913,0.15307404285604675
0.6761453396524486,0.9194414607948442,0.15325353575192358
0.6758893280632411,0.9183673469387755,0.15339807309947867
0.6764240506329114,0.9183673469387755,0.15402511589640808
0.6769596199524941,0.9183673469387755,0.1544979091432698
0.6774960380348652,0.9183673469387755,0.15503473360461
0.6780333068992863,0.9183673469387755,0.15529517006253743
0.6777777777777778,0.9172932330827067,0.15565762817862697
0.678060413354531,0.916219119226638,0.1559778369474625
0.6785998408910103,0.916219119226638,0.1565033771566143
0.679140127388535,0.916219119226638,0.15678502761019317
0.6796812749003984,0.916219119226638,0.15961262176895813
0.6802232854864434,0.916219119226638,0.16057234737937315
0.6807661612130886,0.916219119226638,0.1606331623980699
0.6813099041533547,0.916219119226638,0.16206951780826492
0.6818545163868905,0.916219119226638,0.16211805941092872
0.6816,0.9151450053705693,0.1624204570830465
0.6821457165732586,0.9151450053705693,0.162917903939204
0.6826923076923077,0.9151450053705693,0.16307016807900304
0.6832397754611067,0.9151450053705693,0.16307358420651422
0.6837881219903692,0.9151450053705693,0.1639380752179233
0.6835341365461848,0.9140708915145005,0.16441539842720362
0.6832797427652733,0.9129967776584318,0.16451416717475648
0.6838294448913917,0.9129967776584318,0.16467591069172707
0.6843800322061192,0.9129967776584318,0.16571295970043778
0.684931506849315,0.9129967776584318,0.16671843968763553
0.6846774193548387,0.9119226638023631,0.16675744982626833
0.6852300242130751,0.9119226638023631,0.1686055845126356
0.68578352180937,0.9119226638023631,0.16906900690043453
0.6863379143088116,0.9119226638023631,0.16958386481689602
0.6868932038834952,0.9119226638023631,0.1696227066041953
0.6874493927125506,0.9119226638023631,0.16968775275161227
0.6880064829821718,0.9119226638023631,0.1699460277845036
0.6885644768856448,0.9119226638023631,0.17092647737138109
0.6883116883116883,0.9108485499462943,0.1712018656303518
0.6888708367181153,0.9108485499462943,0.17165233989216827
0.6894308943089431,0.9108485499462943,0.17227851392051224
0.6899918633034988,0.9108485499462943,0.1723976995001252
0.6905537459283387,0.9108485499462943,0.17290687291181173
0.6911165444172779,0.9108485499462943,0.17315942588266642
0.6908646003262643,0.9097744360902256,0.173245589231319
0.6914285714285714,0.9097744360902256,0.17392650935684453
0.6919934640522876,0.9097744360902256,0.17438311857003186
0.6925592804578904,0.9097744360902256,0.17488983576579467
0.693126022913257,0.9097744360902256,0.1750276495688053
0.6936936936936937,0.9097744360902256,0.17573103955669037
0.6934426229508197,0.9087003222341569,0.17613675468055284
0.694011484823626,0.9087003222341569,0.1765890638213245
0.6945812807881774,0.9087003222341569,0.17660559155399688
0.6957236842105263,0.9087003222341569,0.17701933046096807
0.6962962962962963,0.9087003222341569,0.1775870544783126
0.6968698517298187,0.9087003222341569,0.1778485635603457
0.6974443528441879,0.9087003222341569,0.17810144868210367
0.698019801980198,0.9087003222341569,0.17876391157063348
0.6985962014863749,0.9087003222341569,0.17915637260065032
0.6991735537190082,0.9087003222341569,0.17915712300091718
0.6989247311827957,0.907626208378088,0.17973243273609957
0.6995033112582781,0.907626208378088,0.18058122900536328
0.700082850041425,0.907626208378088,0.18149070801832665
0.7006633499170812,0.907626208378088,0.18170682380573833
0.7012448132780082,0.907626208378088,0.18174536594056134
0.7018272425249169,0.907626208378088,0.18225951593499684
0.7024106400665004,0.907626208378088,0.18235531301295682
0.7029950083194676,0.907626208378088,0.1829980460585967
0.7027477102414654,0.9065520945220193,0.1833534363850096
0.7033333333333334,0.9065520945220193,0.183434934316726
0.7039199332777314,0.9065520945220193,0.18646191418054947
0.7045075125208681,0.9065520945220193,0.1876020792222425
0.7050960735171261,0.9065520945220193,0.18765321277175684
0.7048494983277592,0.9054779806659506,0.18776790157655798
0.704602510460251,0.9044038668098818,0.18837808481151813
0.7043551088777219,0.9033297529538131,0.18871078794038446
0.7049455155071249,0.9033297529538131,0.1897148677202403
0.7055369127516778,0.9033297529538131,0.1901766541578422
0.7061293031066331,0.9033297529538131,0.1906388603563147
0.7058823529411765,0.9022556390977443,0.19073312717727
0.7064760302775441,0.9022556390977443,0.19162855327126788
0.7070707070707071,0.9022556390977443,0.1918347375448579
0.7068239258635215,0.9011815252416756,0.1927132640048432
0.7074198988195616,0.9011815252416756,0.19273968024955693
0.7071729957805907,0.9001074113856069,0.19372277721921904
0.7069256756756757,0.8990332975295381,0.19409764427558682
0.7075232459847844,0.8990332975295381,0.1944388580109388
0.7072758037225042,0.8979591836734694,0.19577069626281193
0.7070279424216765,0.8968850698174007,0.19582386027880183
0.7076271186440678,0.8968850698174007,0.19755624222822296
0.7073791348600509,0.8958109559613319,0.19822457378644986
0.7079796264855688,0.8958109559613319,0.1988271070547357
0.7085811384876806,0.8958109559613319,0.20027128531533372
0.7091836734693877,0.8958109559613319,0.20042759098549312
0.7097872340425532,0.8958109559613319,0.2005214426875346
0.7103918228279387,0.8958109559613319,0.2009212200393645
0.7101449275362319,0.8947368421052632,0.20133550137508463
0.7098976109215017,0.8936627282491945,0.20285627643035087
0.7105038428693424,0.8936627282491945,0.2034359144701202
0.7102564102564103,0.8925886143931256,0.20367552257030447
0.7108639863130881,0.8925886143931256,0.2040633175036952
0.711472602739726,0.8925886143931256,0.20445253700125376
0.712082262210797,0.8925886143931256,0.20445694613400853
0.7126929674099486,0.8925886143931256,0.2048595147847907
0.7133047210300429,0.8925886143931256,0.20503879066027408
0.7139175257731959,0.8925886143931256,0.20614311953127382
0.7145313843508169,0.8925886143931256,0.2067694298970351
0.7142857142857143,0.8915145005370569,0.2069503325469094
0.7149009474590869,0.8915145005370569,0.20702909550430143
0.7146551724137931,0.8904403866809882,0.20733772193928485
0.7152717860224331,0.8904403866809882,0.20746377326977886
0.7158894645941278,0.8904403866809882,0.20758126728461213
0.7165082108902333,0.8904403866809882,0.20829487437989042
0.717128027681661,0.8904403866809882,0.2083154237888991
0.7177489177489178,0.8904403866809882,0.20887066768596085
0.7183708838821491,0.8904403866809882,0.21000303617019878
0.7189939288811795,0.8904403866809882,0.2104892221677019
0.71875,0.8893662728249194,0.21060858470646665
0.7185056472632494,0.8882921589688507,0.21099847264492239
0.7182608695652174,0.8872180451127819,0.21225062515630344
0.7188859878154917,0.8872180451127819,0.2123470421814927
0.7195121951219512,0.8872180451127819,0.21270518996046622
0.7192676547515258,0.8861439312567132,0.21295180904352407
0.7198952879581152,0.8861439312567132,0.21339303286314193
0.719650655021834,0.8850698174006445,0.2145285054065356
0.7194055944055944,0.8839957035445757,0.21515896603438128
0.7200349956255468,0.8839957035445757,0.2153783660660062
0.7197898423817863,0.882921589688507,0.21662099642945243
0.7204206836108676,0.882921589688507,0.21701653901975806
0.7210526315789474,0.882921589688507,0.21802398107632392
0.7208077260755048,0.8818474758324383,0.2182649834168356
0.7205623901581723,0.8807733619763695,0.2201797631810888
0.7203166226912929,0.8796992481203008,0.2206507016142581
0.7209507042253521,0.8796992481203008,0.22397935782205167
0.7215859030837004,0.8796992481203008,0.22739394194833323
0.7222222222222222,0.8796992481203008,0.22756031147349784
0.7219770520741394,0.878625134264232,0.22802720048311137
0.7226148409893993,0.878625134264232,0.22823685604794156
0.7223695844385499,0.8775510204081632,0.2286444211777786
0.7230088495575221,0.8775510204081632,0.22876223750578728
0.7227635075287865,0.8764769065520945,0.2295435418827428
0.723404255319149,0.8764769065520945,0.2299132242551668
0.7240461401952085,0.8764769065520945,0.23048434830356307
0.7246891651865008,0.8764769065520945,0.23049626532793985
0.7253333333333334,0.8764769065520945,0.23064871004949222
0.7250889679715302,0.8754027926960258,0.23130282697986818
0.7257346393588602,0.8754027926960258,0.23199572426349663
0.7263814616755794,0.8754027926960258,0.23206804749094678
0.7270294380017841,0.8754027926960258,0.23379108165963997
0.7276785714285714,0.8754027926960258,0.23485471270792943
0.7283288650580876,0.8754027926960258,0.23534795773156175
0.7289803220035778,0.8754027926960258,0.2369051783329973
0.729632945389436,0.8754027926960258,0.23717621968216154
0.7302867383512545,0.8754027926960258,0.23860511770816667
0.7309417040358744,0.8754027926960258,0.23914455447444793
0.7315978456014363,0.8754027926960258,0.24014659756284634
0.7322551662174304,0.8754027926960258,0.2422058223768945
0.7329136690647482,0.8754027926960258,0.24224504857478346
0.7326732673267327,0.874328678839957,0.24260237670508394
0.7333333333333333,0.874328678839957,0.24351648854187205
0.7339945897204689,0.874328678839957,0.24404201333736883
0.733754512635379,0.8732545649838883,0.2440825642433732
0.7344173441734417,0.8732545649838883,0.24413941820049337
0.7341772151898734,0.8721804511278195,0.24558917377828374
0.7348416289592761,0.8721804511278195,0.2461023376515493
0.7346014492753623,0.8711063372717508,0.24694967830200526
0.7343608340888486,0.8700322234156821,0.24739821410742058
0.73502722323049,0.8700322234156821,0.24793539024620925
0.7356948228882834,0.8700322234156821,0.24798904921827508
0.7354545454545455,0.8689581095596133,0.24882574595631693
0.7361237488626023,0.8689581095596133,0.24946398799905728
0.7367941712204007,0.8689581095596133,0.25071142054986556
0.7374658158614403,0.8689581095596133,0.2509543599412782
0.7381386861313869,0.8689581095596133,0.25151542504613955
0.7378995433789954,0.8678839957035446,0.25179191882810903
0.7385740402193784,0.8678839957035446,0.25239690890287736
0.7392497712717292,0.8678839957035446,0.2534656720665481
0.73992673992674,0.8678839957035446,0.25364807596120903
0.7406049495875344,0.8678839957035446,0.2537347817402834
0.7412844036697248,0.8678839957035446,0.25375964305257764
0.7410468319559229,0.8668098818474759,0.25419821343953913
0.7417279411764706,0.8668098818474759,0.2556927687278304
0.7424103035878565,0.8668098818474759,0.256520469887937
0.7421731123388582,0.8657357679914071,0.2567013502301491
0.7419354838709677,0.8646616541353384,0.2568723488214124
0.7423822714681441,0.8635875402792696,0.25693428032509336
0.7430683918669131,0.8635875402792696,0.2574596512442372
0.7437557816836263,0.8635875402792696,0.2577180025145505
0.7444444444444445,0.8635875402792696,0.25861859361595596
0.7451343836886005,0.8635875402792696,0.2587628323250998
0.7458256029684601,0.8635875402792696,0.25908201449129425
0.7465181058495822,0.8635875402792696,0.26002534965280366
0.746046511627907,0.8614393125671321,0.2613082823432931
0.7458100558659218,0.8603651987110634,0.26202497451400625
0.7455731593662628,0.8592910848549946,0.26258998768966224
0.746268656716418,0.8592910848549946,0.26310043305359077
0.7469654528478058,0.8592910848549946,0.2632414730391153
0.7467289719626168,0.8582169709989259,0.26357668276902846
0.7474275023386342,0.8582169709989259,0.2636698848132177
0.74812734082397,0.8582169709989259,0.2637055229797221
0.7488284910965324,0.8582169709989259,0.264670436119062
0.7485928705440901,0.8571428571428571,0.2652853772773656
0.7492957746478873,0.8571428571428571,0.26601337132970365
0.75,0.8571428571428571,0.26715761559933177
0.7497648165569144,0.8560687432867884,0.26825188825060176
0.7504708097928436,0.8560687432867884,0.26840101877199973
0.7511781338360037,0.8560687432867884,0.2690761944833117
0.7509433962264151,0.8549946294307197,0.2694267174030763
0.7516525023607177,0.8549946294307197,0.2694800657815677
0.7523629489603024,0.8549946294307197,0.26986396530862977
0.7521286660359509,0.8539205155746509,0.26987695648984605
0.7528409090909091,0.8539205155746509,0.2699412856932128
0.75260663507109,0.8528464017185822,0.27079343289103514
0.7533206831119544,0.8528464017185822,0.27143143303809203
0.7540360873694207,0.8528464017185822,0.2752270593267185
0.7547528517110266,0.8528464017185822,0.27678669777148623
0.7545195052331113,0.8517722878625135,0.27688240474778614
0.7552380952380953,0.8517722878625135,0.276888740939391
0.7559580552907531,0.8517722878625135,0.2773592702184074
0.7566793893129771,0.8517722878625135,0.2795518344984976
0.7574021012416428,0.8517722878625135,0.2805982453023899
0.7571701720841301,0.8506981740064447,0.2819503006513469
0.7578947368421053,0.8506981740064447,0.2824941793992183
0.7586206896551724,0.8506981740064447,0.2831133954790964
0.7593480345158198,0.8506981740064447,0.28353765789634
0.7591170825335892,0.849624060150376,0.28355009198106645
0.7588856868395774,0.8485499462943072,0.28613429678253655
0.7596153846153846,0.8485499462943072,0.2868159573003183
0.7603464870067372,0.8485499462943072,0.28848219657980495
0.7610789980732178,0.8485499462943072,0.2893914096039965
0.7608486017357763,0.8474758324382384,0.28948953676926176
0.7615830115830116,0.8474758324382384,0.2909701800827948
0.7623188405797101,0.8474758324382384,0.29178611965706197
0.7630560928433269,0.8474758324382384,0.29210039151141926
0.7637947725072604,0.8474758324382384,0.2929224965491091
0.7645348837209303,0.8474758324382384,0.2931565510785782
0.7652764306498545,0.8474758324382384,0.293522836724851
0.7660194174757281,0.8474758324382384,0.2935474009551221
0.7657920310981535,0.8464017185821697,0.2939856759638002
0.7665369649805448,0.8464017185821697,0.2951055110309081
0.7663096397273612,0.8453276047261009,0.29554318171810434
0.7660818713450293,0.8442534908700322,0.2958686533680781
0.7668292682926829,0.8442534908700322,0.29716785415608693
0.7666015625,0.8431793770139635,0.29772942815519554
0.7673509286412512,0.8431793770139635,0.3012667647515359
0.7671232876712328,0.8421052631578947,0.301529924034921
0.7668952007835456,0.841031149301826,0.3022365715465952
0.7676470588235295,0.841031149301826,0.3023833656970237
0.7674190382728164,0.8399570354457573,0.3040011275739051
0.7671905697445972,0.8388829215896885,0.30449981893325706
0.767944936086529,0.8388829215896885,0.304597462724758
0.7687007874015748,0.8388829215896885,0.3048855166258253
0.7684729064039408,0.8378088077336198,0.30668462780014594
0.7692307692307693,0.8378088077336198,0.3073970952334731
0.769990128331688,0.8378088077336198,0.30801235670247473
0.7697628458498024,0.8367346938775511,0.3083916142830016
0.7695351137487636,0.8356605800214822,0.3087994459331331
0.7702970297029703,0.8356605800214822,0.3091106766623454
0.7710604558969276,0.8356605800214822,0.30975826184331134
0.7718253968253969,0.8356605800214822,0.30981831783514846
0.7725918570009931,0.8356605800214822,0.31027271560199615
0.7733598409542743,0.8356605800214822,0.3109253011829781
0.7741293532338308,0.8356605800214822,0.3129578227427615
0.7749003984063745,0.8356605800214822,0.31316833591459564
0.7746759720837487,0.8345864661654135,0.31396001028432735
0.7754491017964071,0.8345864661654135,0.31430966076373446
0.7762237762237763,0.8345864661654135,0.3146724832844916
0.777,0.8345864661654135,0.31541541543569496
0.7777777777777778,0.8345864661654135,0.3170490510714056
0.7785571142284569,0.8345864661654135,0.31750687144666645
0.7793380140421263,0.8345864661654135,0.317574381704651
0.7801204819277109,0.8345864661654135,0.31836212901715877
0.7798994974874371,0.8335123523093448,0.3206841867140816
0.7806841046277666,0.8335123523093448,0.32143467684287935
0.7804632426988922,0.832438238453276,0.3247915308291073
0.78125,0.832438238453276,0.32651232149405984
0.7820383451059536,0.832438238453276,0.3292414802935253
0.7828282828282829,0.832438238453276,0.32931441772971215
0.7836198179979778,0.832438238453276,0.32979971439165107
0.7834008097165992,0.8313641245972073,0.3311511380651523
0.78419452887538,0.8313641245972073,0.33126201444971987
0.7849898580121704,0.8313641245972073,0.3320958640136976
0.7847715736040609,0.8302900107411385,0.3322938228018658
0.7845528455284553,0.8292158968850698,0.33369141111099193
0.785350966429298,0.8292158968850698,0.3340429873926372
0.785132382892057,0.8281417830290011,0.3343294101838759
0.7859327217125383,0.8281417830290011,0.3354639602751083
0.786734693877551,0.8281417830290011,0.33779784494423076
0.7875383043922369,0.8281417830290011,0.33891443357871803
0.787321063394683,0.8270676691729323,0.3397495727377551
0.7881269191402251,0.8270676691729323,0.3423007026278429
0.7889344262295082,0.8270676691729323,0.3425020604682417
0.7887179487179488,0.8259935553168636,0.34338157137203973
0.7895277207392197,0.8259935553168636,0.3443836460741004
0.7903391572456321,0.8259935553168636,0.3443984734473996
0.7911522633744856,0.8259935553168636,0.347668575291926
0.7909371781668383,0.8249194414607949,0.35072056393732426
0.7917525773195876,0.8249194414607949,0.35150655536419284
0.7925696594427245,0.8249194414607949,0.3525646874065599
0.7933884297520661,0.8249194414607949,0.3528201467596073
0.7931747673216132,0.8238453276047261,0.3538221478644915
0.7929606625258799,0.8227712137486574,0.35388578589000386
0.7927461139896373,0.8216970998925887,0.35403701075266364
0.7935684647302904,0.8216970998925887,0.354161777648565
0.7933541017653167,0.8206229860365198,0.35444264221255667
0.7941787941787942,0.8206229860365198,0.3556751206706344
0.7950052029136316,0.8206229860365198,0.3562720589128854
0.7958333333333333,0.8206229860365198,0.35679726314580024
0.7966631908237748,0.8206229860365198,0.3573277263877847
0.7964509394572025,0.8195488721804511,0.35738967984578257
0.7972831765935214,0.8195488721804511,0.3579832383980676
0.7981171548117155,0.8195488721804511,0.3579963889833442
0.7989528795811518,0.8195488721804511,0.3628605467904842
0.7987421383647799,0.8184747583243824,0.3628785276037799
0.7985309548793285,0.8174006444683136,0.36320833014521714
0.7993697478991597,0.8174006444683136,0.36436961816541213
0.7991587802313355,0.8163265306122449,0.3647505112776745
0.7989473684210526,0.8152524167561761,0.3662355120693149
0.7997892518440464,0.8152524167561761,0.36780385172710056
0.79957805907173,0.8141783029001074,0.3678273271166226
0.8004223864836325,0.8141783029001074,0.3679289604875872
0.8002114164904862,0.8131041890440387,0.36951948602499163
0.8,0.8120300751879699,0.37075639781011366
0.7997881355932204,0.8109559613319012,0.3710406761307483
0.799575821845175,0.8098818474758325,0.3720134755155553
0.8004246284501062,0.8098818474758325,0.3734979501410026
0.8012752391073327,0.8098818474758325,0.37362144571198835
0.801063829787234,0.8088077336197637,0.3738523085842067
0.8019169329073482,0.8088077336197637,0.37663712515812753
0.802771855010661,0.8088077336197637,0.379510061687596
0.8036286019210246,0.8088077336197637,0.38058402402540753
0.8044871794871795,0.8088077336197637,0.38203788450057874
0.8053475935828877,0.8088077336197637,0.3827001193744104
0.805793991416309,0.8066595059076263,0.38399578957702324
0.8055853920515574,0.8055853920515574,0.3841246200208677
0.8053763440860215,0.8045112781954887,0.3845515120300776
0.8051668460710442,0.80343716433942,0.38588674895790837
0.8060344827586207,0.80343716433942,0.3897586278736174
0.8069039913700108,0.80343716433942,0.39032465822459517
0.8077753779697624,0.80343716433942,0.3912324889035372
0.8086486486486486,0.80343716433942,0.3922164337193691
0.8084415584415584,0.8023630504833512,0.3934447827824684
0.8082340195016251,0.8012889366272825,0.39450239889044403
0.8091106290672451,0.8012889366272825,0.3954260348724656
0.8099891422366993,0.8012889366272825,0.39607092625133944
0.8108695652173913,0.8012889366272825,0.3987697205451381
0.8115468409586056,0.8002148227712137,0.40053549956793116
0.8124318429661941,0.8002148227712137,0.40060245628057534
0.8122270742358079,0.799140708915145,0.40128074514942375
0.8131147540983606,0.799140708915145,0.4058359371207549
0.8140043763676149,0.799140708915145,0.405993881389051
0.8148959474260679,0.799140708915145,0.40733377781753877
0.8146929824561403,0.7980665950590763,0.40739008875737687
0.814489571899012,0.7969924812030075,0.40755312395722465
0.8153846153846154,0.7969924812030075,0.4089726300419311
0.8151815181518152,0.7959183673469388,0.4107264036020692
0.816079295154185,0.7959183673469388,0.4124397587853797
0.8158765159867696,0.7948442534908701,0.41349897633430865
0.8167770419426048,0.7948442534908701,0.4139150982267423
0.8176795580110497,0.7948442534908701,0.41533281925144405
0.8174778761061947,0.7937701396348013,0.41654647328378913
0.8172757475083057,0.7926960257787325,0.41783912016422864
0.8181818181818182,0.7926960257787325,0.41805786209912565
0.8190899001109878,0.7926960257787325,0.4186793628611823
0.8188888888888889,0.7916219119226638,0.4190629912254484
0.8186874304783093,0.790547798066595,0.4196507393387879
0.8195991091314031,0.790547798066595,0.42050719151550464
0.8193979933110368,0.7894736842105263,0.42168160550636224
0.8203125,0.7894736842105263,0.42200455672858744
0.8212290502793296,0.7894736842105263,0.4229266181631194
0.8210290827740492,0.7883995703544576,0.42386089639299646
0.8219484882418813,0.7883995703544576,0.4242093093182265
0.8217488789237668,0.7873254564983888,0.4247543507246945
0.8215488215488216,0.7862513426423201,0.42541011845605614
0.8213483146067416,0.7851772287862513,0.42556195890962195
0.8222722159730034,0.7851772287862513,0.42571775672892004
0.8231981981981982,0.7851772287862513,0.42615396894348745
0.8229988726042841,0.7841031149301826,0.4268556672527636
0.8239277652370203,0.7841031149301826,0.4297542975289459
0.8248587570621468,0.7841031149301826,0.4304021805320124
0.8246606334841629,0.7830290010741139,0.4318689803592679
0.8244620611551529,0.7819548872180451,0.43325334830739015
0.8242630385487528,0.7808807733619764,0.43434569589097777
0.8251986379114642,0.7808807733619764,0.43436403333138185
0.8261363636363637,0.7808807733619764,0.4343654364628132
0.8270762229806599,0.7808807733619764,0.43521289991843526
0.8280182232346242,0.7808807733619764,0.43559447719753985
0.8278221208665907,0.7798066595059077,0.43761740861347714
0.8287671232876712,0.7798066595059077,0.43908542895718994
0.8285714285714286,0.7787325456498388,0.4409494356890773
0.8283752860411899,0.7776584317937701,0.4414431325957439
0.8281786941580757,0.7765843179377014,0.44469510728202405
0.8291284403669725,0.7765843179377014,0.4453332378755052
0.8289322617680827,0.7755102040816326,0.44595499287720103
0.8298850574712644,0.7755102040816326,0.44803793307104295
0.8308400460299195,0.7755102040816326,0.4480629838990764
0.8306451612903226,0.7744360902255639,0.4488200559460603
0.831603229527105,0.7744360902255639,0.4489424859585541
0.8325635103926097,0.7744360902255639,0.44955476631751856
0.8323699421965318,0.7733619763694952,0.4506606230633674
0.8333333333333334,0.7733619763694952,0.4538303076782512
0.8342989571263036,0.7733619763694952,0.45445310863065724
0.8352668213457076,0.7733619763694952,0.45525555297612613
0.8362369337979094,0.7733619763694952,0.45543237372754836
0.8372093023255814,0.7733619763694952,0.45926016741342485
0.8370197904540163,0.7722878625134264,0.46105825496694763
0.837995337995338,0.7722878625134264,0.4616820989034035
0.8378063010501751,0.7712137486573577,0.463499173743006
0.8376168224299065,0.7701396348012889,0.4669093914768924
0.8385964912280702,0.7701396348012889,0.4674655519708277
0.8395784543325527,0.7701396348012889,0.4675586448468487
0.839390386869871,0.7690655209452202,0.46756793694298876
0.8392018779342723,0.7679914070891515,0.471598695224254
0.8390129259694477,0.7669172932330827,0.47169727249001553
0.8388235294117647,0.765843179377014,0.4732613839889764
0.8386336866902238,0.7647690655209453,0.4739011318984282
0.839622641509434,0.7647690655209453,0.47455308340960645
0.8394332939787486,0.7636949516648764,0.47540715066083117
0.8404255319148937,0.7636949516648764,0.47575784187410264
0.8424170616113744,0.7636949516648764,0.4759606991361894
0.8434163701067615,0.7636949516648764,0.4766071506925646
0.8432304038004751,0.7626208378088077,0.4797257786783782
0.8442330558858502,0.7626208378088077,0.48664038908744933
0.844047619047619,0.761546723952739,0.48962753566425526
0.8450536352800954,0.761546723952739,0.4896617488007847
0.8448687350835322,0.7604726100966702,0.4912795014376099
0.8458781362007168,0.7604726100966702,0.4931344984563901
0.84688995215311,0.7604726100966702,0.49326775136326056
0.8479041916167664,0.7604726100966702,0.49474417746093474
0.8477218225419664,0.7593984962406015,0.495197049134995
0.8475390156062425,0.7583243823845328,0.4973201897025463
0.8473557692307693,0.757250268528464,0.4984715986345969
0.8471720818291215,0.7561761546723953,0.49849285871116816
0.846987951807229,0.7551020408163265,0.49895039720337114
0.8480096501809409,0.7551020408163265,0.4992783721164427
0.8490338164251208,0.7551020408163265,0.5004292210528514
0.8500604594921403,0.7551020408163265,0.5011319418060192
0.851089588377724,0.7551020408163265,0.5028568774431573
0.8521212121212122,0.7551020408163265,0.5030246332338303
0.8531553398058253,0.7551020408163265,0.5037676153486698
0.8529769137302552,0.7540279269602578,0.5042617708430861
0.8527980535279805,0.7529538131041891,0.505148720714864
0.853836784409257,0.7529538131041891,0.505249755171069
0.8548780487804878,0.7529538131041891,0.5086318477112937
0.8559218559218559,0.7529538131041891,0.5086717828447334
0.8557457212713936,0.7518796992481203,0.510654603259517
0.8567931456548348,0.7518796992481203,0.5118905059589883
0.8578431372549019,0.7518796992481203,0.5122414829290395
0.8588957055214724,0.7518796992481203,0.5131867438820916
0.85995085995086,0.7518796992481203,0.5145855506498063
0.8597785977859779,0.7508055853920516,0.5149718738316688
0.8596059113300493,0.7497314715359829,0.517128162100523
0.8594327990135635,0.748657357679914,0.5175338586445817
0.8592592592592593,0.7475832438238453,0.5176678202912142
0.8603213844252163,0.7475832438238453,0.5177272519234565
0.8613861386138614,0.7475832438238453,0.5193381747813589
0.8612143742255266,0.7465091299677766,0.5201305381566671
0.8610421836228288,0.7454350161117078,0.5201718009420879
0.8608695652173913,0.7443609022556391,0.5206353436047259
0.8606965174129353,0.7432867883995704,0.5213122816478096
0.8617683686176837,0.7432867883995704,0.5235542735710864
0.8615960099750624,0.7422126745435016,0.5241355291826936
0.8614232209737828,0.7411385606874329,0.5269292801000244
0.86125,0.7400644468313641,0.5275833584843626
0.8610763454317898,0.7389903329752954,0.5296319554126939
0.8609022556390977,0.7379162191192267,0.5297353468632039
0.8619824341279799,0.7379162191192267,0.5298168938879253
0.8618090452261307,0.7368421052631579,0.5304121707990496
0.8616352201257862,0.7357679914070892,0.5307012478309084
0.8614609571788413,0.7346938775510204,0.5310778285729559
0.862547288776797,0.7346938775510204,0.5315484023838125
0.8636363636363636,0.7346938775510204,0.5327109031377136
0.8634639696586599,0.7336197636949516,0.5329977233348541
0.8632911392405064,0.7325456498388829,0.534286393677318
0.8643852978453739,0.7325456498388829,0.5359264270462265
0.8654822335025381,0.7325456498388829,0.5374684044218475
0.866581956797967,0.7325456498388829,0.5414631329144907
0.8664122137404581,0.7314715359828142,0.5415241611861928
0.867515923566879,0.7314715359828142,0.5416933667029795
0.8686224489795918,0.7314715359828142,0.5434234330113695
0.8684546615581098,0.7303974221267454,0.5453522707028222
0.8682864450127877,0.7293233082706767,0.5463163247009079
0.8681177976952625,0.728249194414608,0.5465363800159114
0.8692307692307693,0.728249194414608,0.547606411701541
0.8690629011553274,0.7271750805585392,0.5486778681212628
0.8688946015424165,0.7261009667024705,0.5496429912650473
0.8687258687258688,0.7250268528464017,0.5511149479184367
0.8698453608247423,0.7250268528464017,0.5553728666626004
0.8696774193548387,0.723952738990333,0.5553845317017607
0.8695090439276486,0.7228786251342643,0.5598841625320253
0.8706338939197931,0.7228786251342643,0.5624877466304528
0.8704663212435233,0.7218045112781954,0.5636299882683735
0.8702983138780804,0.7207303974221267,0.5645166923787751
0.8714285714285714,0.7207303974221267,0.5676421238207365
0.8725617685305592,0.7207303974221267,0.5757142459084008
0.8723958333333334,0.719656283566058,0.5758114225277157
0.8722294654498044,0.7185821697099892,0.5772163811589454
0.8720626631853786,0.7175080558539205,0.5775474444790204
0.8718954248366013,0.7164339419978518,0.579963209037332
0.8717277486910995,0.715359828141783,0.5804131431656153
0.8715596330275229,0.7142857142857143,0.5812858203746863
0.8727034120734908,0.7142857142857143,0.5849025672340343
0.873850197109067,0.7142857142857143,0.5849512221837303
0.8736842105263158,0.7132116004296455,0.5889462809306647
0.8748353096179183,0.7132116004296455,0.5903568951481839
0.8746701846965699,0.7121374865735768,0.5905882768107407
0.8745046235138706,0.7110633727175081,0.5916030156471317
0.8743386243386243,0.7099892588614393,0.5928828277537259
0.8754966887417218,0.7099892588614393,0.5941066358784584
0.8753315649867374,0.7089151450053706,0.5958259815632586
0.8764940239043825,0.7089151450053706,0.5959879970135389
0.8763297872340425,0.7078410311493019,0.5978809967908169
0.8761651131824234,0.706766917293233,0.6024273530670654
0.8773333333333333,0.706766917293233,0.6026613181855256
0.8785046728971962,0.706766917293233,0.6034532581275277
0.8783422459893048,0.7056928034371643,0.6052513052346786
0.8781793842034806,0.7046186895810956,0.6069687732481147
0.8793565683646113,0.7046186895810956,0.607032850941798
0.8791946308724832,0.7035445757250268,0.6086417239115437
0.8790322580645161,0.7024704618689581,0.6088676528185383
0.8802153432032301,0.7024704618689581,0.6100757257788871
0.8814016172506739,0.7024704618689581,0.6112849697750751
0.8812415654520918,0.7013963480128894,0.6120806778004203
0.8824324324324324,0.7013963480128894,0.6122821881626791
0.8836265223274695,0.7013963480128894,0.6132760852805118
0.8834688346883469,0.7003222341568206,0.6142972639925781
0.8846675712347354,0.7003222341568206,0.6167456792488937
0.8845108695652174,0.6992481203007519,0.6203965675282501
0.8843537414965986,0.6981740064446831,0.6232836897676761
0.885558583106267,0.6981740064446831,0.6240561300020042
0.8854024556616644,0.6970998925886144,0.6257499262706926
0.8852459016393442,0.6960257787325457,0.6263305429574795
0.8850889192886456,0.6949516648764769,0.6271924226925866
0.8849315068493151,0.6938775510204082,0.6298275365563406
0.8861454046639232,0.6938775510204082,0.6301356494198351
0.885989010989011,0.6928034371643395,0.6339171903148769
0.8858321870701513,0.6917293233082706,0.6366472448673105
0.8856749311294766,0.6906552094522019,0.6377592702527002
0.886896551724138,0.6906552094522019,0.638880633312925
0.8867403314917127,0.6895810955961332,0.6399502454646884
0.8865836791147994,0.6885069817400644,0.6401081585103464
0.8878116343490304,0.6885069817400644,0.6401958254341016
0.8890429958391124,0.6885069817400644,0.6450543824869898
0.8888888888888888,0.6874328678839957,0.6452358113343921
0.8901251738525731,0.6874328678839957,0.6463643554467458
0.8926080892608089,0.6874328678839957,0.6466374532115564
0.8924581005586593,0.686358754027927,0.6468179563633544
0.8923076923076924,0.6852846401718582,0.6468473316600266
0.8921568627450981,0.6842105263157895,0.6469187738323943
0.8934081346423562,0.6842105263157895,0.6475723707397153
0.8946629213483146,0.6842105263157895,0.6479405670055878
0.8945147679324894,0.6831364124597207,0.6507769634807826
0.8943661971830986,0.682062298603652,0.6532416629820863
0.8942172073342737,0.6809881847475833,0.6545810227967875
0.8954802259887006,0.6809881847475833,0.6549954292426672
0.8953323903818954,0.6799140708915145,0.6553047175462444
0.896600566572238,0.6799140708915145,0.6556432679516968
0.8964539007092198,0.6788399570354458,0.6561068477724004
0.8963068181818182,0.677765843179377,0.6571903812389059
0.8961593172119487,0.6766917293233082,0.6588758778006375
0.896011396011396,0.6756176154672395,0.6590237593145435
0.8958630527817404,0.6745435016111708,0.6591534030946055
0.8957142857142857,0.673469387755102,0.6600585276296527
0.8955650929899857,0.6723952738990333,0.6604989791398993
0.8968481375358166,0.6723952738990333,0.6614144790775548
0.8981348637015782,0.6723952738990333,0.6614256929646515
0.8994252873563219,0.6723952738990333,0.6630394451209085
0.8992805755395683,0.6713211600429646,0.6630441752661793
0.9005763688760807,0.6713211600429646,0.6631350106435726
0.9004329004329005,0.6702470461868958,0.6640814904055156
0.9002890173410405,0.6691729323308271,0.6647581670806418
0.9001447178002895,0.6680988184747583,0.6648659296285611
0.9014492753623189,0.6680988184747583,0.668769052832717
0.9013062409288825,0.6670247046186896,0.668941871043231
0.9011627906976745,0.6659505907626209,0.6701252424183896
0.901018922852984,0.664876476906552,0.6708715167482964
0.902332361516035,0.664876476906552,0.6713229519500169
0.9021897810218978,0.6638023630504833,0.6717104790456294
0.902046783625731,0.6627282491944146,0.672189307810545
0.9033674963396779,0.6627282491944146,0.6721994997364016
0.9032258064516129,0.6616541353383458,0.6727471901751829
0.9045521292217328,0.6616541353383458,0.6734478607891136
0.9058823529411765,0.6616541353383458,0.6737732943626942
0.9057437407952872,0.6605800214822771,0.6748135632679825
0.9056047197640118,0.6595059076262084,0.6753301883572831
0.9054652880354506,0.6584317937701396,0.6765438412042569
0.9053254437869822,0.6573576799140709,0.676966494985757
0.9051851851851852,0.6562835660580022,0.6806814101229647
0.9065281899109793,0.6562835660580022,0.6815508400625766
0.9078751857355126,0.6562835660580022,0.6823087610543161
0.9077380952380952,0.6552094522019334,0.6831913711651798
0.9076005961251863,0.6541353383458647,0.6841468647439967
0.908955223880597,0.6541353383458647,0.6847395395891244
0.9103139013452914,0.6541353383458647,0.6847617393618016
0.9101796407185628,0.6530612244897959,0.6869572244775803
0.9115442278860569,0.6530612244897959,0.6872118047250947
0.9114114114114115,0.6519871106337272,0.6885336023412992
0.9112781954887218,0.6509129967776585,0.6902828418200722
0.911144578313253,0.6498388829215896,0.6904021118852789
0.9110105580693816,0.6487647690655209,0.6908112897488519
0.9108761329305136,0.6476906552094522,0.692368188818331
0.9107413010590015,0.6466165413533834,0.6931693298988884
0.9106060606060606,0.6455424274973147,0.6934167789629441
0.9119878603945372,0.6455424274973147,0.6945987694875144
0.9133738601823708,0.6455424274973147,0.6962733875148096
0.9147640791476408,0.6455424274973147,0.6971867937460069
0.9146341463414634,0.644468313641246,0.6980158798995446
0.9145038167938931,0.6433941997851772,0.6985588732133838
0.9143730886850153,0.6423200859291085,0.7020327438363826
0.9142419601837672,0.6412459720730398,0.7038008482402249
0.9156441717791411,0.6412459720730398,0.7048586017916033
0.9170506912442397,0.6412459720730398,0.7051381366719961
0.916923076923077,0.640171858216971,0.709440476905453
0.9167950693374423,0.6390977443609023,0.7096886155165053
0.9166666666666666,0.6380236305048335,0.7097998412468934
0.9165378670788253,0.6369495166487648,0.7099226475946636
0.9164086687306502,0.635875402792696,0.710626790509213
0.9162790697674419,0.6348012889366272,0.7110998152580721
0.9161490683229814,0.6337271750805585,0.7113249560441544
0.9175738724727839,0.6337271750805585,0.7126068692668286
0.9190031152647975,0.6337271750805585,0.7138284849468879
0.9188767550702028,0.6326530612244898,0.7144853267423392
0.91875,0.631578947368421,0.7148622466264726
0.92018779342723,0.631578947368421,0.7155904387952452
0.9200626959247649,0.6305048335123523,0.7165275589792531
0.9199372056514914,0.6294307196562836,0.7179357267045647
0.9213836477987422,0.6294307196562836,0.7187335728915071
0.9212598425196851,0.6283566058002148,0.7208617709684996
0.9227129337539433,0.6283566058002148,0.7238342409925519
0.9225908372827805,0.6272824919441461,0.7263136181488749
0.9224683544303798,0.6262083780880774,0.7300020540261755
0.9239302694136292,0.6262083780880774,0.7316691993129532
0.9238095238095239,0.6251342642320086,0.7324952615222561
0.9236883942766295,0.6240601503759399,0.7327290084507464
0.9235668789808917,0.6229860365198711,0.7328378376350657
0.9234449760765551,0.6219119226638024,0.7334049136911104
0.9233226837060703,0.6208378088077336,0.7341158996205213
0.9232,0.6197636949516648,0.7344850324128033
0.9230769230769231,0.6186895810955961,0.7381296344600067
0.9229534510433387,0.6176154672395274,0.7390189838320231
0.9244372990353698,0.6176154672395274,0.739366319320081
0.9259259259259259,0.6176154672395274,0.7431508480053328
0.9258064516129032,0.6165413533834586,0.7434148941987682
0.9273021001615509,0.6165413533834586,0.7437912310219364
0.9271844660194175,0.6154672395273899,0.7440586464862684
0.9270664505672609,0.6143931256713212,0.7443978990037127
0.926948051948052,0.6133190118152524,0.746259746102447
0.9284552845528455,0.6133190118152524,0.7467975076197508
0.9299674267100977,0.6133190118152524,0.7490226004841533
0.9314845024469821,0.6133190118152524,0.7490366643561496
0.9313725490196079,0.6122448979591837,0.7513260641159293
0.9312602291325696,0.611170784103115,0.7517553255525765
0.9311475409836065,0.6100966702470462,0.7525376685281377
0.9326765188834154,0.6100966702470462,0.7541950561701944
0.9325657894736842,0.6090225563909775,0.7547439078892304
0.9324546952224053,0.6079484425349087,0.7549568390238365
0.9323432343234324,0.60687432867884,0.7553267397053375
0.9322314049586777,0.6058002148227712,0.7558736707748979
0.9321192052980133,0.6047261009667024,0.7571522012269373
0.9336650082918739,0.6047261009667024,0.758212891766448
0.9352159468438538,0.6047261009667024,0.7584922420482438
0.9351081530782029,0.6036519871106337,0.7593863590943528
0.935,0.602577873254565,0.7628899499266747
0.9365609348914858,0.602577873254565,0.763249800513933
0.9364548494983278,0.6015037593984962,0.7633888160159403
0.9363484087102177,0.6004296455424275,0.7637335059390337
0.9379194630872483,0.6004296455424275,0.764077076188324
0.9378151260504202,0.5993555316863588,0.7644759187545307
0.9377104377104377,0.59828141783029,0.764610571746291
0.9376053962900506,0.5972073039742213,0.7670933059625122
0.9375,0.5961331901181526,0.7682428136707299
0.937394247038917,0.5950590762620838,0.7686146837817757
0.9372881355932203,0.5939849624060151,0.768661249139965
0.9371816638370118,0.5929108485499462,0.772641049675802
0.9369676320272572,0.5907626208378088,0.772658782802086
0.9368600682593856,0.58968850698174,0.7736978677363437
0.9384615384615385,0.58968850698174,0.7749644971053815
0.9383561643835616,0.5886143931256713,0.7767228462783906
0.9382504288164666,0.5875402792696026,0.7767776188097923
0.9381443298969072,0.5864661654135338,0.7771003157281484
0.9397590361445783,0.5864661654135338,0.7775633362353496
0.9413793103448276,0.5864661654135338,0.7778415400338303
0.9412780656303973,0.5853920515574651,0.7828088325092081
0.9429065743944637,0.5853920515574651,0.7831580351972677
0.9428076256499134,0.5843179377013964,0.7833888933883677
0.9427083333333334,0.5832438238453276,0.7848785360099017
0.9426086956521739,0.5821697099892589,0.7851855936749774
0.9425087108013938,0.5810955961331902,0.785412652641898
0.944153577661431,0.5810955961331902,0.7856721819546661
0.9440559440559441,0.5800214822771214,0.7858884318170054
0.9457092819614711,0.5800214822771214,0.7859568807063119
0.9456140350877194,0.5789473684210527,0.7861034176031352
0.945518453427065,0.5778732545649838,0.7865813029676534
0.9454225352112676,0.5767991407089151,0.7867065283477366
0.9453262786596119,0.5757250268528464,0.7870891247765621
0.9452296819787986,0.5746509129967776,0.7874307489817856
0.9451327433628318,0.5735767991407089,0.7875599911700626
0.9450354609929078,0.5725026852846402,0.7878681697650262
0.9449378330373002,0.5714285714285714,0.7882403731449107
0.9447415329768271,0.569280343716434,0.7901970439933508
0.9446428571428571,0.5682062298603652,0.7916121761633471
0.9445438282647585,0.5671321160042965,0.7916336629751761
0.9444444444444444,0.5660580021482277,0.7916518401551729
0.9461400359066428,0.5660580021482277,0.7919061575638008
0.947841726618705,0.5660580021482277,0.7924016621509278
0.9477477477477477,0.564983888292159,0.7953318034669772
0.9476534296028881,0.5639097744360902,0.7958374920523917
0.9475587703435805,0.5628356605800214,0.7967651800152818
0.947463768115942,0.5617615467239527,0.7969173710682915
0.9473684210526315,0.560687432867884,0.7973572271627198
0.9472727272727273,0.5596133190118152,0.7975464558562481
0.9471766848816029,0.5585392051557465,0.7994163819657941
0.9470802919708029,0.5574650912996778,0.7994791016104111
0.946983546617916,0.556390977443609,0.7996143129691264
0.9468864468864469,0.5553168635875403,0.7998830185117436
0.9467889908256881,0.5542427497314716,0.8014333037896624
0.9466911764705882,0.5531686358754028,0.804576834466829
0.9465930018416207,0.5520945220193341,0.804596798617079
0.9464944649446494,0.5510204081632653,0.8046224710264295
0.9463955637707948,0.5499462943071965,0.8057230325984258
0.9462962962962963,0.5488721804511278,0.8061213008345897
0.9461966604823747,0.547798066595059,0.8068788358992233
0.9479553903345725,0.547798066595059,0.8079990798283063
0.9478584729981379,0.5467239527389903,0.8087093402981813
0.9477611940298507,0.5456498388829216,0.8099465317718197
0.9476635514018692,0.5445757250268528,0.810077325493289
0.949438202247191,0.5445757250268528,0.8103796969739795
0.949343339587242,0.5435016111707841,0.8108441503135735
0.9492481203007519,0.5424274973147154,0.8125314471115885
0.9491525423728814,0.5413533834586466,0.8130781185061594
0.9490566037735849,0.5402792696025779,0.8134992756602324
0.9489603024574669,0.5392051557465092,0.81371083071484
0.9507575757575758,0.5392051557465092,0.8147282244347808
0.9506641366223909,0.5381310418904404,0.8147452231009789
0.9524714828897338,0.5381310418904404,0.8154068142581288
0.9542857142857143,0.5381310418904404,0.8168049647991821
0.9541984732824428,0.5370569280343717,0.8173407228152797
0.9541108986615678,0.5359828141783028,0.8186787363145945
0.9540229885057471,0.5349087003222341,0.8198008149428928
0.9539347408829175,0.5338345864661654,0.819893367514162
0.9557692307692308,0.5338345864661654,0.8205143655022833
0.9576107899807321,0.5338345864661654,0.8211716890946295
0.9575289575289575,0.5327604726100966,0.8214225801066284
0.9593810444874274,0.5327604726100966,0.8215354456731668
0.9593023255813954,0.5316863587540279,0.8231135028590894
0.9611650485436893,0.5316863587540279,0.8236969936253161
0.9610894941634242,0.5306122448979592,0.8243200310576259
0.9610136452241715,0.5295381310418904,0.8248804869852798
0.9609375,0.5284640171858217,0.8256465912975341
0.9608610567514677,0.527389903329753,0.8258988084267544
0.9607843137254902,0.5263157894736842,0.8259615345827299
0.9607072691552063,0.5252416756176155,0.8278222352096448
0.9606299212598425,0.5241675617615468,0.8294112030217048
0.960552268244576,0.523093447905478,0.8314976135874036
0.9623762376237623,0.5220193340494093,0.8320337263818044
0.9642857142857143,0.5220193340494093,0.8369171553328363
0.9642147117296223,0.5209452201933404,0.8372307107446839
0.9641434262948207,0.5198711063372717,0.8385345854008882
0.9640718562874252,0.518796992481203,0.8391684334452778
0.964,0.5177228786251342,0.8395540521801221
0.9639278557114228,0.5166487647690655,0.8401981504170969
0.963855421686747,0.5155746509129968,0.8402537263940858
0.9637826961770624,0.514500537056928,0.841741302858261
0.9637096774193549,0.5134264232008593,0.8423868820220426
0.9636363636363636,0.5123523093447906,0.8429366303778985
0.9635627530364372,0.5112781954887218,0.8442532436580489
0.9634888438133874,0.5102040816326531,0.8465201336989985
0.9634146341463414,0.5091299677765844,0.847512851292302
0.9633401221995926,0.5080558539205156,0.8486658946954497
0.963265306122449,0.5069817400644469,0.8491987432491591
0.9652351738241309,0.5069817400644469,0.8497917121048658
0.9651639344262295,0.505907626208378,0.8500956663802479
0.9650924024640657,0.5048335123523093,0.8507226989371292
0.9650205761316872,0.5037593984962406,0.8512502327417865
0.9649484536082474,0.5026852846401718,0.851696621208489
0.9669421487603306,0.5026852846401718,0.8520434974812875
0.9668737060041408,0.5016111707841031,0.8527827115423295
0.966804979253112,0.5005370569280344,0.853069521569788
0.9667359667359667,0.49946294307196565,0.853900840623559
0.9666666666666667,0.4983888292158969,0.8539936796637687
0.9665970772442589,0.49731471535982813,0.8546168310768061
0.9665271966527197,0.49624060150375937,0.8572793654141118
0.9664570230607966,0.49516648764769067,0.8583187954586786
0.9663865546218487,0.4940923737916219,0.8592061885383424
0.9663157894736842,0.49301825993555315,0.8601361530132582
0.9662447257383966,0.49194414607948445,0.860141539052974
0.9661733615221987,0.4908700322234157,0.860644945814025
0.9661016949152542,0.4897959183673469,0.8618650743164022
0.9660297239915074,0.48872180451127817,0.8639847025894261
0.9659574468085106,0.48764769065520946,0.8641461393032926
0.9658848614072495,0.4865735767991407,0.8650584912502255
0.967948717948718,0.4865735767991407,0.8662265244731601
0.9678800856531049,0.48549946294307195,0.8667951800631659
0.9678111587982833,0.48442534908700324,0.867490343720622
0.967741935483871,0.4833512352309345,0.8679085863125313
0.9676724137931034,0.4822771213748657,0.8680422426661962
0.9697624190064795,0.4822771213748657,0.8689179985405325
0.9696969696969697,0.48120300751879697,0.8696087786079371
0.9696312364425163,0.48012889366272826,0.8699709541269876
0.9695652173913043,0.4790547798066595,0.8703985119207797
0.9694989106753813,0.47798066595059074,0.8707911407381889
0.9694323144104804,0.47690655209452204,0.8713696657576037
0.9693654266958425,0.4758324382384533,0.871414510956333
0.9692982456140351,0.4747583243823845,0.8723015099893894
0.9692307692307692,0.47368421052631576,0.8740693701867158
0.9691629955947136,0.47261009667024706,0.8742007990452031
0.9690949227373068,0.4715359828141783,0.8754356558544742
0.9690265486725663,0.47046186895810954,0.8757595249316573
0.9711751662971175,0.47046186895810954,0.8759633055822522
0.9711111111111111,0.46938775510204084,0.8760369701672802
0.9710467706013363,0.4683136412459721,0.876334791849467
0.9709821428571429,0.4672395273899033,0.8775622073333679
0.970917225950783,0.46616541353383456,0.878690920272654
0.9708520179372198,0.46509129967776586,0.878977098266809
0.9707865168539326,0.4640171858216971,0.8790048943102382
0.9707207207207207,0.46294307196562834,0.8793378037078208
0.9706546275395034,0.46186895810955964,0.8793579753252171
0.9728506787330317,0.46186895810955964,0.8799129682802883
0.9727891156462585,0.4607948442534909,0.8802412473452249
0.9727272727272728,0.4597207303974221,0.8803859405658084
0.9726651480637813,0.45864661654135336,0.8816819316814869
0.9726027397260274,0.45757250268528465,0.8827572162105112
0.9725400457665904,0.4564983888292159,0.883020941115363
0.9724770642201835,0.45542427497314714,0.88723986960709
0.9724137931034482,0.45435016111707843,0.8888730871988467
0.9746543778801844,0.45435016111707843,0.8892730928797633
0.9745958429561201,0.4532760472610097,0.8915522269979763
0.9745370370370371,0.4522019334049409,0.8919147502383614
0.974477958236659,0.45112781954887216,0.8924568947316873
0.9744186046511628,0.45005370569280345,0.8931772355051086
0.9743589743589743,0.4489795918367347,0.8935716791291762
0.9742990654205608,0.44790547798066593,0.8936886056524912
0.9742388758782201,0.44683136412459723,0.8938919138752618
0.9765258215962441,0.44683136412459723,0.8942935486316762
0.9764150943396226,0.4446831364124597,0.8943242915690096
0.9763593380614657,0.44360902255639095,0.8946487747712872
0.976303317535545,0.44253490870032225,0.8958703372972358
0.9762470308788599,0.4414607948442535,0.8964484676725734
0.9761904761904762,0.44038668098818473,0.8965494692053869
0.9761336515513126,0.439312567132116,0.8965972212988951
0.9760765550239234,0.43823845327604727,0.896818561839247
0.9760191846522782,0.4371643394199785,0.8969350355515467
0.9759615384615384,0.43609022556390975,0.8970817787720128
0.9759036144578314,0.43501611170784105,0.8973603597321324
0.9758454106280193,0.4339419978517723,0.8979043845403772
0.9757869249394673,0.43286788399570353,0.8988110692165708
0.9757281553398058,0.4317937701396348,0.8989528381991043
0.975669099756691,0.43071965628356607,0.8990054570284959
0.9780487804878049,0.43071965628356607,0.8994734293533018
0.9779951100244498,0.4296455424274973,0.9009457095553616
0.9803921568627451,0.4296455424274973,0.9014525657172289
0.9803439803439803,0.42857142857142855,0.9017428906750078
0.9802955665024631,0.42749731471535984,0.9027084912364061
0.980246913580247,0.4264232008592911,0.9036351014576076
0.9801980198019802,0.4253490870032223,0.9050764867736282
0.9801488833746899,0.4242749731471536,0.906081973005853
0.9800995024875622,0.42320085929108486,0.9063316693794669
0.9800498753117207,0.4221267454350161,0.9063591188053711
0.98,0.42105263157894735,0.906459798731136
0.9799498746867168,0.41997851772287864,0.9065570708667964
0.9798994974874372,0.4189044038668099,0.9073314304598661
0.9798488664987406,0.4178302900107411,0.9073562667125502
0.9797979797979798,0.4167561761546724,0.908398942583183
0.979746835443038,0.41568206229860366,0.9084774418856292
0.9796954314720813,0.4146079484425349,0.9084928518988489
0.9796437659033079,0.41353383458646614,0.9087280279358796
0.9795918367346939,0.41245972073039744,0.9091458568503559
0.979539641943734,0.4113856068743287,0.9100117797484237
0.9794871794871794,0.4103114930182599,0.910381598396696
0.9794344473007712,0.4092373791621912,0.9104198610992968
0.979381443298969,0.40816326530612246,0.9106487946410312
0.979328165374677,0.4070891514500537,0.910825187521087
0.9792746113989638,0.40601503759398494,0.9118123837673127
0.9792207792207792,0.40494092373791624,0.911887857156647
0.9791666666666666,0.4038668098818475,0.912127526121717
0.97911227154047,0.4027926960257787,0.9134140719055903
0.9790575916230366,0.40171858216971,0.9134230324397153
0.979002624671916,0.40064446831364126,0.9154433124249437
0.9789473684210527,0.3995703544575725,0.9155249207878429
0.978891820580475,0.39849624060150374,0.9162777530928802
0.9788359788359788,0.39742212674543503,0.9164682555715248
0.9787798408488063,0.3963480128893663,0.9166961610753429
0.9787234042553191,0.3952738990332975,0.916880580353598
0.9786666666666667,0.3941997851772288,0.9179260916912856
0.9786096256684492,0.39312567132116005,0.91799153029373
0.9785522788203753,0.3920515574650913,0.91854507741585
0.978494623655914,0.39097744360902253,0.919625669616801
0.9811320754716981,0.39097744360902253,0.9196598530611574
0.981081081081081,0.38990332975295383,0.9202013741264555
0.983739837398374,0.38990332975295383,0.9209921083243924
0.9836956521739131,0.38882921589688507,0.9213837428533137
0.9836512261580381,0.3877551020408163,0.9220200171654563
0.9836065573770492,0.3866809881847476,0.9222116630245479
0.9835616438356164,0.38560687432867885,0.9226157621356034
0.9835164835164835,0.3845327604726101,0.9243703798904075
0.9834710743801653,0.38345864661654133,0.9244525937975373
0.9834254143646409,0.38238453276047263,0.9252095249768008
0.9833795013850416,0.38131041890440387,0.9253568011550949
0.9833333333333333,0.3802363050483351,0.9253752366827994
0.9832869080779945,0.3791621911922664,0.9259590348646735
0.9832402234636871,0.37808807733619765,0.9269071152850161
0.9831932773109243,0.3770139634801289,0.9278962960475322
0.9831460674157303,0.37593984962406013,0.9285165914751381
0.9830985915492958,0.3748657357679914,0.9290072572060251
0.9830508474576272,0.37379162191192267,0.9292443308957459
0.9830028328611898,0.3727175080558539,0.9307499919720428
0.9829545454545454,0.3716433941997852,0.9312452941972641
0.9829059829059829,0.37056928034371645,0.9323747715701891
0.9828571428571429,0.3694951664876477,0.9324305883708455
0.9828080229226361,0.3684210526315789,0.9331961935426757
0.9827586206896551,0.3673469387755102,0.9332394593048909
0.9827089337175793,0.36627282491944146,0.9339917783517816
0.9826589595375722,0.3651987110633727,0.934447453780975
0.9855072463768116,0.3651987110633727,0.9347756677118965
0.9854651162790697,0.364124597207304,0.9350946813134191
0.9854227405247813,0.36305048335123524,0.9355387220899516
0.9853801169590644,0.3619763694951665,0.9355924949722185
0.9853372434017595,0.3609022556390977,0.9359633225643587
0.9852941176470589,0.359828141783029,0.9360497907633449
0.9852507374631269,0.35875402792696026,0.9360705449632449
0.985207100591716,0.3576799140708915,0.9361166281300408
0.9881305637982196,0.3576799140708915,0.93615043012323
0.9880952380952381,0.35660580021482274,0.9362926124759038
0.9880597014925373,0.35553168635875404,0.9366439473123477
0.9910179640718563,0.35553168635875404,0.9368609026524403
0.990990990990991,0.3544575725026853,0.937872803883629
0.9909638554216867,0.3533834586466165,0.9381531673130895
0.9909365558912386,0.3523093447905478,0.9386503540520281
0.990909090909091,0.35123523093447906,0.939059116965203
0.9908814589665653,0.3501611170784103,0.9392366477307742
0.9908536585365854,0.34908700322234154,0.9393009136385958
0.9908256880733946,0.34801288936627284,0.9393775727032546
0.99079754601227,0.3469387755102041,0.9396831812895232
0.9907692307692307,0.3458646616541353,0.9397337370640068
0.9907407407407407,0.3447905477980666,0.9398101807115624
0.9907120743034056,0.34371643394199786,0.9406661270665106
0.9906832298136646,0.3426423200859291,0.9407281536473409
0.9906542056074766,0.34156820622986034,0.9430771699185316
0.990625,0.34049409237379163,0.9431885352048381
0.9905956112852664,0.3394199785177229,0.9438742826935347
0.9905660377358491,0.3383458646616541,0.9450090971549452
0.9905362776025236,0.3372717508055854,0.9455635816810809
0.990506329113924,0.33619763694951665,0.9457805839970835
0.9904761904761905,0.3351235230934479,0.9462753352972187
0.9904458598726115,0.33404940923737914,0.9467716175678055
0.9904153354632588,0.33297529538131043,0.9468329846168935
0.9903846153846154,0.3319011815252417,0.94726848802494
0.9903536977491961,0.3308270676691729,0.9475362244170541
0.9903225806451613,0.3297529538131042,0.9484465881987798
0.9902912621359223,0.32867883995703545,0.9489493188837925
0.9902597402597403,0.3276047261009667,0.9493709291831426
0.990228013029316,0.32653061224489793,0.9493986596124503
0.9901960784313726,0.32545649838882923,0.9494827663895244
0.9901639344262295,0.32438238453276047,0.9502458124511
0.9901315789473685,0.3233082706766917,0.9516232161128548
0.9900990099009901,0.322234156820623,0.9525677363907635
0.9900662251655629,0.32116004296455425,0.9526695034459731
0.9900332225913622,0.3200859291084855,0.9535798224991692
0.99,0.31901181525241673,0.95367638265934
0.9899665551839465,0.317937701396348,0.9540354601444645
0.9899328859060402,0.31686358754027927,0.9543779438169195
0.98989898989899,0.3157894736842105,0.9551398689692047
0.9932432432432432,0.3157894736842105,0.9551413707461286
0.9932203389830508,0.3147153598281418,0.9555873473839441
0.9931972789115646,0.31364124597207305,0.95585891320566
0.9931740614334471,0.3125671321160043,0.9569908385034339
0.9931506849315068,0.31149301825993553,0.9573554876224402
0.993127147766323,0.3104189044038668,0.9579702375000178
0.993103448275862,0.30934479054779807,0.9580112153594976
0.9930795847750865,0.3082706766917293,0.9587925418612664
0.9930555555555556,0.3071965628356606,0.9589989377219932
0.9930313588850174,0.30612244897959184,0.9590591440988947
0.993006993006993,0.3050483351235231,0.959161407426473
0.9929824561403509,0.3039742212674543,0.9595003575308554
0.9929577464788732,0.3029001074113856,0.9598981993580002
0.9929328621908127,0.30182599355531686,0.960402114506746
0.9929078014184397,0.3007518796992481,0.9607217033007632
0.99644128113879,0.3007518796992481,0.961330323776264
0.9964285714285714,0.2996777658431794,0.962039518064969
0.996415770609319,0.29860365198711064,0.9621800012953403
0.9964028776978417,0.2975295381310419,0.9630131853578396
0.9963898916967509,0.2964554242749731,0.9633551670311046
0.9963768115942029,0.2953813104189044,0.963516330985578
0.9963636363636363,0.29430719656283566,0.9638356690149555
0.9963503649635036,0.2932330827067669,0.963969143974105
0.9963369963369964,0.2921589688506982,0.9643230349682259
0.9963235294117647,0.29108485499462944,0.9644387751788257
0.996309963099631,0.2900107411385607,0.9644992810803934
0.9962962962962963,0.2889366272824919,0.9651767439961413
1.0,0.2889366272824919,0.9652054590191599
1.0,0.2878625134264232,0.9659580227354796
1.0,0.28678839957035446,0.9661619161375505
1.0,0.2857142857142857,0.9661666328987745
1.0,0.284640171858217,0.9665015110144927
1.0,0.28356605800214824,0.9676741656855233
1.0,0.2824919441460795,0.9679398109545045
1.0,0.2814178302900107,0.9680263396274889
1.0,0.280343716433942,0.9683570915342584
1.0,0.27926960257787325,0.9688413939565466
1.0,0.2781954887218045,0.968906015853728
1.0,0.2771213748657358,0.9694245337360491
1.0,0.27604726100966703,0.9704156879058389
1.0,0.2749731471535983,0.9706708747161091
1.0,0.2738990332975295,0.9711431701266896
1.0,0.2728249194414608,0.9729344230366707
1.0,0.27175080558539205,0.9737769875004866
1.0,0.2706766917293233,0.9739930999037524
1.0,0.2696025778732546,0.9741706503481202
1.0,0.26852846401718583,0.9756490336697581
1.0,0.26745435016111707,0.9775655161600968
1.0,0.2663802363050483,0.9781803654087124
1.0,0.2653061224489796,0.9785231087245977
1.0,0.26423200859291085,0.9785968004375718
1.0,0.2631578947368421,0.9787533476591896
1.0,0.2620837808807734,0.9794787304046073
1.0,0.26100966702470463,0.9804177862576215
1.0,0.25993555316863587,0.9806787855774947
1.0,0.2588614393125671,0.9814257544896811
1.0,0.2577873254564984,0.9818112582381779
1.0,0.25671321160042965,0.9819874103842081
1.0,0.2556390977443609,0.9825309595164559
1.0,0.2545649838882922,0.9825640839607342
1.0,0.25241675617615467,0.9841346236938082
1.0,0.2513426423200859,0.9841464453789763
1.0,0.2502685284640172,0.9846324512739785
1.0,0.24919441460794844,0.9849840363893235
1.0,0.24812030075187969,0.9850097234059829
1.0,0.24704618689581095,0.9851127335120157
1.0,0.24597207303974222,0.9862465471141987
1.0,0.24489795918367346,0.986428501952819
1.0,0.24382384532760473,0.9870063520912827
1.0,0.24274973147153597,0.987313030297948
1.0,0.24167561761546724,0.9874739483574654
1.0,0.23845327604726102,0.9875531991103188
1.0,0.23737916219119226,0.9876581080424063
1.0,0.23630504833512353,0.9880347676321759
1.0,0.23523093447905477,0.9883940839289242
1.0,0.23415682062298604,0.9885895305677419
1.0,0.23308270676691728,0.9895968546278362
1.0,0.23200859291084855,0.9896858046726857
1.0,0.23093447905477982,0.9897153805450768
1.0,0.22986036519871106,0.9897303838768776
1.0,0.22878625134264233,0.9898597810723097
1.0,0.22771213748657357,0.9898855590960509
1.0,0.22663802363050484,0.9899526401320008
1.0,0.22556390977443608,0.9900644208295589
1.0,0.22448979591836735,0.9901539004473544
1.0,0.22341568206229862,0.9901794491451652
1.0,0.22234156820622986,0.9902251676278543
1.0,0.22126745435016112,0.9905082200258368
1.0,0.22019334049409237,0.9905169953400552
1.0,0.21911922663802363,0.9906594472781735
1.0,0.21804511278195488,0.9911351904424535
1.0,0.21697099892588614,0.9911922728959147
1.0,0.2158968850698174,0.991242059563466
1.0,0.21482277121374865,0.9913987910054813
1.0,0.21374865735767992,0.9914171973374029
1.0,0.21267454350161116,0.9915832196822548
1.0,0.21160042964554243,0.9916070958888674
1.0,0.21052631578947367,0.9917938817450022
1.0,0.20945220193340494,0.9917992857270465
1.0,0.2083780880773362,0.9919012830669003
1.0,0.20730397422126745,0.9919109140363302
1.0,0.20622986036519872,0.9919320447429238
1.0,0.20515574650912996,0.9919957173594554
1.0,0.20408163265306123,0.9920263389110484
1.0,0.20300751879699247,0.9921050167580258
1.0,0.20193340494092374,0.9922819452639662
1.0,0.200859291084855,0.9923773556078689
1.0,0.19978517722878625,0.9923785714767808
1.0,0.19871106337271752,0.9923829317716871
1.0,0.19763694951664876,0.9924599465262331
1.0,0.19656283566058003,0.9924747614936562
1.0,0.19548872180451127,0.9925977562573196
1.0,0.19441460794844254,0.9926398466211563
1.0,0.1933404940923738,0.9927660134442806
1.0,0.19226638023630505,0.9927724971561894
1.0,0.19119226638023631,0.9927934775318504
1.0,0.18904403866809882,0.9928887347684047
1.0,0.18796992481203006,0.9930074610229472
1.0,0.18689581095596133,0.993012334387571
1.0,0.1858216970998926,0.9930970587586507
1.0,0.18474758324382384,0.9931142855592602
1.0,0.1836734693877551,0.9931296090130167
1.0,0.18259935553168635,0.9931388107682317
1.0,0.18152524167561762,0.9932030995212636
1.0,0.18045112781954886,0.9934267235405845
1.0,0.17937701396348013,0.9934809594799232
1.0,0.17830290010741137,0.9936378494016943
1.0,0.17722878625134264,0.9936701400517035
1.0,0.1761546723952739,0.9938323306544045
1.0,0.17508055853920515,0.9938442115068485
1.0,0.17400644468313642,0.9938583298325528
1.0,0.17293233082706766,0.993901343619047
1.0,0.17185821697099893,0.993939898106594
1.0,0.17078410311493017,0.9939775695577583
1.0,0.16970998925886144,0.9940267292128053
1.0,0.1686358754027927,0.994090130863093
1.0,0.16756176154672395,0.9941840392120365
1.0,0.16648764769065522,0.9942292322610184
1.0,0.16541353383458646,0.9942783005285584
1.0,0.16326530612244897,0.9943660030715944
1.0,0.16219119226638024,0.9944578109428385
1.0,0.1611170784103115,0.9945172990068505
1.0,0.16004296455424274,0.9945487581181182
1.0,0.158968850698174,0.9945555755158029
1.0,0.15789473684210525,0.9947059907344101
1.0,0.15467239527389903,0.9947605053460519
1.0,0.1535982814178303,0.9948497706154839
1.0,0.15252416756176154,0.9948671965053872
1.0,0.1514500537056928,0.994877312627604
1.0,0.15037593984962405,0.9949392418119559
1.0,0.14930182599355532,0.9949860397468171
1.0,0.14822771213748656,0.9949971072429615
1.0,0.14715359828141783,0.9949974723369289
1.0,0.1460794844253491,0.9950773368994379
1.0,0.14500537056928034,0.9951520755747383
1.0,0.14178302900107412,0.995201074848192
1.0,0.14070891514500536,0.9952428102546347
1.0,0.13963480128893663,0.9952547463887869
1.0,0.1385606874328679,0.9952562421409756
1.0,0.13748657357679914,0.9952911604519062
1.0,0.1364124597207304,0.9954430212321733
1.0,0.13533834586466165,0.9954656222989217
1.0,0.13426423200859292,0.9955902435461922
1.0,0.13319011815252416,0.9955930265533818
1.0,0.13211600429645542,0.9956590787222819
1.0,0.1310418904403867,0.9957879446834614
1.0,0.12996777658431793,0.9958344526379694
1.0,0.1288936627282492,0.9958843103499563
1.0,0.12781954887218044,0.9959145199821231
1.0,0.1267454350161117,0.9959630181712175
1.0,0.12567132116004295,0.9959854959252276
1.0,0.12459720730397422,0.9960257243162693
1.0,0.12352309344790548,0.9960313106402953
1.0,0.12244897959183673,0.9961448386856456
1.0,0.12030075187969924,0.9961565703801251
1.0,0.11922663802363051,0.9962146634087666
1.0,0.11815252416756176,0.9962267674239788
1.0,0.11707841031149302,0.9962284625227007
1.0,0.11600429645542427,0.996233647040981
1.0,0.11385606874328678,0.9962583964488878
1.0,0.11278195488721804,0.9962784025900886
1.0,0.11170784103114931,0.9963027582554334
1.0,0.11063372717508056,0.9963210519603325
1.0,0.10955961331901182,0.9963234426997327
1.0,0.10848549946294307,0.996333163109745
1.0,0.10741138560687433,0.9963439877407384
1.0,0.1041890440386681,0.9963470255531468
1.0,0.10311493018259936,0.9963510555255265
1.0,0.10204081632653061,0.9964507498904434
1.0,0.10096670247046187,0.9964615190695421
1.0,0.09989258861439312,0.9964671966666874
1.0,0.09881847475832438,0.9965386081281032
1.0,0.09774436090225563,0.9965451623555135
1.0,0.0966702470461869,0.9966142895666296
1.0,0.09559613319011816,0.996622853927514
1.0,0.09452201933404941,0.9966321625264426
1.0,0.09344790547798067,0.9966373099543654
1.0,0.09237379162191192,0.996640453381061
1.0,0.09129967776584318,0.9966539159124913
1.0,0.09022556390977443,0.9967167048082505
1.0,0.08915145005370569,0.9967223552484828
1.0,0.08807733619763695,0.9967229423325462
1.0,0.08700322234156821,0.9967422801916367
1.0,0.08592910848549946,0.9967960261722735
1.0,0.08485499462943072,0.9968901386117629
1.0,0.08378088077336197,0.9968929814551725
1.0,0.08270676691729323,0.9968968217620989
1.0,0.08163265306122448,0.9969034747047537
1.0,0.08055853920515575,0.9969380082236771
1.0,0.079484425349087,0.9969417953634332
1.0,0.07841031149301826,0.9969427748471107
1.0,0.07733619763694952,0.996952708754218
1.0,0.07626208378088077,0.9970016420425197
1.0,0.07518796992481203,0.9970109853690272
1.0,0.07411385606874328,0.9970201776011599
1.0,0.07303974221267455,0.9970380021718592
1.0,0.0719656283566058,0.9970485306392127
1.0,0.07089151450053706,0.9970596331663669
1.0,0.06981740064446831,0.9970861507215074
1.0,0.06874328678839957,0.9971050742510401
1.0,0.06766917293233082,0.9971106383372652
1.0,0.06659505907626208,0.9971311350249188
1.0,0.06552094522019335,0.997131832119619
1.0,0.0644468313641246,0.9971607390544576
1.0,0.06337271750805586,0.9972138611429687
1.0,0.06229860365198711,0.9972888952523709
1.0,0.061224489795918366,0.9973335868977902
1.0,0.05907626208378088,0.9973413542529277
1.0,0.05800214822771214,0.9973520411630525
1.0,0.05692803437164339,0.9973654645195181
1.0,0.055853920515574654,0.9973908672092501
1.0,0.05477980665950591,0.997413488173882
1.0,0.05370569280343716,0.9974531120557786
1.0,0.05263157894736842,0.9974582808241123
1.0,0.05155746509129968,0.9974620014175182
1.0,0.04940923737916219,0.9974677101925923
1.0,0.04833512352309345,0.9975003387771466
1.0,0.047261009667024706,0.9975162705527147
1.0,0.04618689581095596,0.9975251219632604
1.0,0.045112781954887216,0.9975900559049496
1.0,0.04403866809881848,0.9976703231853953
1.0,0.04296455424274973,0.9976799533389007
1.0,0.04189044038668099,0.997696481024532
1.0,0.04081632653061224,0.9977527783240558
1.0,0.0397422126745435,0.9977744792512039
1.0,0.03866809881847476,0.9977809571820045
1.0,0.03759398496240601,0.9977816302440332
1.0,0.036519871106337275,0.997818835198138
1.0,0.03329752953813104,0.9978782524873917
1.0,0.0322234156820623,0.9979549222204973
1.0,0.031149301825993556,0.9979879442845577
1.0,0.03007518796992481,0.9981031500726232
1.0,0.02900107411385607,0.9981194477775959
1.0,0.027926960257787327,0.9981301377697329
1.0,0.02685284640171858,0.998147160329954
1.0,0.02577873254564984,0.9981742360066774
1.0,0.024704618689581095,0.9981938171825627
1.0,0.023630504833512353,0.9982160305950617
1.0,0.022556390977443608,0.9983712343641818
1.0,0.021482277121374866,0.9983725048743555
1.0,0.02040816326530612,0.9983732306111347
1.0,0.01933404940923738,0.9984086875455264
1.0,0.018259935553168637,0.9984318551858861
1.0,0.017185821697099892,0.9984664384689685
1.0,0.01611170784103115,0.9985321754458641
1.0,0.015037593984962405,0.9985480743916749
1.0,0.013963480128893663,0.9986865772474922
1.0,0.01288936627282492,0.9987118884805254
1.0,0.011815252416756176,0.9987213217494434
1.0,0.010741138560687433,0.9987223578849882
1.0,0.00966702470461869,0.9990344803682033
1.0,0.008592910848549946,0.9992934394866575
1.0,0.007518796992481203,0.999405442372979
1.0,0.00644468313641246,0.9994311825369999
1.0,0.0053705692803437165,0.9994441543981532
1.0,0.004296455424274973,0.9994468303615215
1.0,0.00322234156820623,0.9995592857107601
1.0,0.0021482277121374865,0.9996449611930023
1.0,0.0010741138560687433,0.9996857364323791
1.0,0.0,
