precision,recall,threshold
0.23222748815165878,1.0,0.0
0.3363439306358382,1.0,1.2024048096192385e-05
0.3367088607594937,1.0,1.3605442176870747e-05
0.33707458363504705,1.0,2.325581395348837e-05
0.3373188405797101,1.0,2.4013722126929673e-05
0.33744110184849585,1.0,2.4390243902439026e-05
0.3382994186046512,1.0,2.8169014084507043e-05
0.33916211293260473,1.0,4.497472356426252e-05
0.3392857142857143,1.0,4.839754235620883e-05
0.33953318745441285,1.0,5.5585875543821184e-05
0.3396570594673477,1.0,5.839754235620883e-05
0.33978102189781023,1.0,5.965984613400047e-05
0.3399050748448339,1.0,7.335847627098677e-05
0.3400292184075968,1.0,7.5e-05
0.3405267008046818,1.0,7.905869938100221e-05
0.34077598828696926,1.0,8e-05
0.34102564102564104,1.0,8.108108108108109e-05
0.34115060461707586,1.0,8.777194298574644e-05
0.3414008067473414,1.0,9.090909090909092e-05
0.3420279206465834,1.0,9.268325664192312e-05
0.3422794117647059,1.0,0.00010256410256410256
0.34253127299484915,1.0,0.00010526315789473683
0.34265734265734266,1.0,0.00010638188677890941
0.3427835051546392,1.0,0.0001111111111111111
0.3429097605893186,1.0,0.00011334441366671649
0.343036109064112,1.0,0.000125
0.34316255068190193,1.0,0.00013333333333333334
0.34328908554572274,1.0,0.00013436692506459946
0.3434157137587606,1.0,0.0001395808620007908
0.34354243542435425,1.0,0.00014065757818765035
0.34379615952732645,1.0,0.00014567087938730975
0.3439231621721463,1.0,0.00015779335083816552
0.34417744916820703,1.0,0.00016103059581320451
0.3443047337278107,1.0,0.00016666666666666666
0.344559585492228,1.0,0.00017172123986580935
0.3448148148148148,1.0,0.00017761904761904763
0.34507042253521125,1.0,0.00018181818181818183
0.34532640949554894,1.0,0.00019016981049211335
0.34545454545454546,1.0,0.00019303510088048326
0.34583952451708766,1.0,0.0002044999767322816
0.3462253625883228,1.0,0.00021486643437862947
0.3463541666666667,1.0,0.0002186452045606975
0.3466120625465376,1.0,0.0002222222222222222
0.3471290082028337,1.0,0.00025
0.34764749813293505,1.0,0.0002860069588620203
0.3477773627194621,1.0,0.00028625568131760576
0.3479073243647235,1.0,0.0002876231520665457
0.3481675392670157,1.0,0.0003076557841144506
0.3482977927422372,1.0,0.00032532074397791864
0.34842814371257486,1.0,0.0003261621065591292
0.3485585922875328,1.0,0.00032860410900113166
0.348689138576779,1.0,0.00032939609987251214
0.34881978269014613,1.0,0.0003499543114545921
0.34895052473763116,1.0,0.00035747762192101553
0.34908136482939633,1.0,0.00035818277243120637
0.34921230307576895,1.0,0.0003618870636992304
0.349343339587242,1.0,0.0003802913844054277
0.3494744744744745,1.0,0.0004
0.3501316284317413,1.0,0.0004158119658119658
0.35026335590669677,1.0,0.00043288829307393993
0.35039518253669555,1.0,0.0004444444444444444
0.3505271084337349,1.0,0.0004509803921568627
0.35079125847776943,1.0,0.0004531397602536275
0.35092348284960423,1.0,0.0004556186698671038
0.35105580693815985,1.0,0.00048318277243120637
0.35118823085628065,1.0,0.0005
0.3521180030257186,1.0,0.0005454545454545454
0.35238455715367145,1.0,0.0005714285714285714
0.35265151515151516,1.0,0.0005717212398658094
0.35278514588859416,1.0,0.0005831697872020452
0.35291887793783167,1.0,0.0006451742482536303
0.35305271141448613,1.0,0.0006666666666666666
0.3546666666666667,1.0,0.0006766666666666667
0.3548018292682927,1.0,0.0006910569105691057
0.35493709492947007,1.0,0.0007026120959559689
0.35507246376811596,1.0,0.0007103669530377655
0.35520793590232735,1.0,0.0007553908355795149
0.3553435114503817,1.0,0.0007593499233085896
0.3554791905307369,1.0,0.00076
0.3557508597630875,1.0,0.0008
0.35629544584768463,1.0,0.0008023893469840027
0.35643185298621743,1.0,0.0008114924215928271
0.35656836461126007,1.0,0.0008120240480961925
0.35670498084291186,1.0,0.0008136054421768708
0.356978527607362,1.0,0.0008333333333333333
0.35711545838128117,1.0,0.0008530048641899088
0.3572524942440522,1.0,0.0008571428571428571
0.35738963531669865,1.0,0.0009
0.3575268817204301,1.0,0.0009461385883687999
0.35766423357664234,1.0,0.0009636369513219989
0.3578016910069178,1.0,0.0009791666666666666
0.35793925413302574,1.0,0.001
0.36127279782693056,1.0,0.0010120240480961924
0.36155339805825243,1.0,0.0010280797101449276
0.3616938616938617,1.0,0.001028169014084507
0.3618344345122425,1.0,0.001058397542356209
0.3619751166407465,1.0,0.0010666666666666667
0.36186770428015563,0.9989258861439313,0.0010674825174825176
0.36200856364344103,0.9989258861439313,0.0010700280112044818
0.3621495327102804,0.9989258861439313,0.0010824786324786324
0.362290611608882,0.9989258861439313,0.0010856132683549503
0.36243180046765394,0.9989258861439313,0.0011033444136667166
0.36257309941520466,0.9989258861439313,0.0011111111111111111
0.3627145085803432,0.9989258861439313,0.0011530797101449275
0.3628560280920796,0.9989258861439313,0.0011636363636363637
0.3629976580796253,0.9989258861439313,0.0011666666666666665
0.3631393986723936,0.9989258861439313,0.0011910569105691056
0.36328125,0.9989258861439313,0.0012
0.3635652853792025,0.9989258861439313,0.0012086464105138868
0.36370746969104417,0.9989258861439313,0.0012278857683151781
0.36384976525821594,0.9989258861439313,0.001247349281150404
0.36427732079905994,0.9989258861439313,0.00125
0.36442006269592475,0.9989258861439313,0.00126
0.364562916503332,0.9989258861439313,0.0012710789014012043
0.36470588235294116,0.9989258861439313,0.0012850195676356666
0.3654223968565815,0.9989258861439313,0.0012857142857142856
0.36556603773584906,0.9989258861439313,0.0013333333333333333
0.36729857819905215,0.9989258861439313,0.001337571086597524
0.36744369814302646,0.9989258861439313,0.0013577235772357723
0.36773428232502964,0.9989258861439313,0.0013690333366587393
0.36787974683544306,0.9989258861439313,0.0013884858027342366
0.36802532647407993,0.9989258861439313,0.0013898279776630447
0.3681710213776722,0.9989258861439313,0.0014
0.3683168316831683,0.9989258861439313,0.0014068965517241379
0.3684627575277338,0.9989258861439313,0.001423160173160173
0.3687549563838224,0.9989258861439313,0.001440866999941266
0.36890122967076555,0.9989258861439313,0.0014857142857142857
0.36904761904761907,0.9989258861439313,0.0014976517033959728
0.36919412465263995,0.9989258861439313,0.0014993982554903982
0.369340746624305,0.9989258861439313,0.0015
0.3705179282868526,0.9989258861439313,0.001511111111111111
0.3706656038262256,0.9989258861439313,0.0015240137221269297
0.3708133971291866,0.9989258861439313,0.0015522792746992034
0.37096130833665736,0.9989258861439313,0.001555323269949155
0.37110933758978454,0.9989258861439313,0.0016
0.3712574850299401,0.9989258861439313,0.0016171009284216833
0.37140575079872207,0.9989258861439313,0.0016405918558475428
0.3715541350379545,0.9989258861439313,0.0016456755013864624
0.37170263788968827,0.9989258861439313,0.0016606060606060606
0.3718512594962015,0.9989258861439313,0.0016666666666666666
0.37229783827061647,0.9989258861439313,0.0016690996168582375
0.37244693632358833,0.9989258861439313,0.0016753713627796914
0.37259615384615385,0.9989258861439313,0.0017000000000000001
0.37289494787489974,0.9989258861439313,0.0017068965517241378
0.3730445246690734,0.9989258861439313,0.0017318534564739498
0.37319422150882825,0.9989258861439313,0.0017333333333333335
0.3733440385387395,0.9989258861439313,0.0017494239961846553
0.37349397590361444,0.9989258861439313,0.0017503681134671246
0.37364403374849336,0.9989258861439313,0.0017523809523809523
0.37394451145958985,0.9989258861439313,0.0017567692477727702
0.37409493161705554,0.9989258861439313,0.001763135181589717
0.37424547283702214,0.9989258861439313,0.0017655646806846283
0.3743961352657005,0.9989258861439313,0.0017974397481415891
0.37454691904953685,0.9989258861439313,0.00180550284629981
0.37469782433521354,0.9989258861439313,0.001812698412698413
0.37484885126964934,0.9989258861439313,0.0018298261137847803
0.375,0.9989258861439313,0.0018333333333333333
0.3754541784416633,0.9989258861439313,0.0018409090909090908
0.3756058158319871,0.9989258861439313,0.0018571428571428571
0.37575757575757573,0.9989258861439313,0.0018864468864468863
0.375909458367017,0.9989258861439313,0.0019210084033613444
0.3760614638091387,0.9989258861439313,0.0019289780649852984
0.3762135922330097,0.9989258861439313,0.0019629539637609937
0.3763658437879401,0.9989258861439313,0.001975297012057671
0.3765182186234818,0.9989258861439313,0.0019867663555416105
0.37667071688942894,0.9989258861439313,0.002
0.3778951645672491,0.9989258861439313,0.0020136054421768705
0.3780487804878049,0.9989258861439313,0.0020160612165349982
0.3782025213501423,0.9989258861439313,0.0020571428571428568
0.37835638730675347,0.9989258861439313,0.0020764612745744824
0.3785103785103785,0.9989258861439313,0.0021000000000000003
0.3786644951140065,0.9989258861439313,0.002103448275862069
0.3788187372708758,0.9989258861439313,0.0021119108393971354
0.37897310513447435,0.9989258861439313,0.0021222222222222224
0.3791275988585406,0.9989258861439313,0.002128169014084507
0.3792822185970636,0.9989258861439313,0.0021424543158828587
0.379746835443038,0.9989258861439313,0.002149350649350649
0.3799019607843137,0.9989258861439313,0.0021666666666666666
0.3803680981595092,0.9989258861439313,0.0021855521836653914
0.38052373158756136,0.9989258861439313,0.00219047619047619
0.3808353808353808,0.9989258861439313,0.0021928016840039345
0.3809913969684556,0.9989258861439313,0.0022333333333333333
0.38114754098360654,0.9989258861439313,0.002234622364930895
0.3813038130381304,0.9989258861439313,0.002236960235117415
0.38146021328958163,0.9989258861439313,0.0023039215686274507
0.3816167418957735,0.9989258861439313,0.0023311688311688315
0.3817733990147783,0.9989258861439313,0.002333333333333333
0.3820870994248151,0.9989258861439313,0.0023521960397261117
0.38224414303329224,0.9989258861439313,0.0023769379762812585
0.3824013157894737,0.9989258861439313,0.002393503000056225
0.3825586178527355,0.9989258861439313,0.0024241442885876824
0.38271604938271603,0.9989258861439313,0.0024285714285714284
0.38287361053931657,0.9989258861439313,0.0024722222222222224
0.3830313014827018,0.9989258861439313,0.0024841573041152498
0.3831891223733004,0.9989258861439313,0.0025082479635446043
0.38334707337180546,0.9989258861439313,0.002509324884395126
0.3835051546391753,0.9989258861439313,0.002521586620003361
0.38366336633663367,0.9989258861439313,0.002552112568361451
0.38382170862567067,0.9989258861439313,0.002561094151728789
0.38398018166804293,0.9989258861439313,0.00261849904583718
0.38413878562577447,0.9989258861439313,0.0026666666666666666
0.384297520661157,0.9989258861439313,0.0026855293730594447
0.3844563869367507,0.9989258861439313,0.002705175078042635
0.38461538461538464,0.9989258861439313,0.0027333333333333333
0.3847745138601572,0.9989258861439313,0.0027485822885565873
0.3849337748344371,0.9989258861439313,0.002775291169099218
0.38509316770186336,0.9989258861439313,0.002800865800865801
0.3852526926263463,0.9989258861439313,0.0028120240480961926
0.38541234977206795,0.9989258861439313,0.0028223815027353725
0.3855721393034826,0.9989258861439313,0.002826820746480264
0.3857320613853173,0.9989258861439313,0.0028469784732935354
0.38589211618257263,0.9989258861439313,0.0028601758949585035
0.386052303860523,0.9989258861439313,0.0028649228130360207
0.3862126245847176,0.9989258861439313,0.002871166643398948
0.38637307852098046,0.9989258861439313,0.0028748097412480975
0.3865336658354115,0.9989258861439313,0.0029047619047619048
0.3866943866943867,0.9989258861439313,0.0029603174603174604
0.38685524126455906,0.9989258861439313,0.0029999999999999996
0.3871773522064946,0.9989258861439313,0.003
0.38847117794486213,0.9989258861439313,0.00305323451794784
0.38863351441704974,0.9989258861439313,0.0030597428838918224
0.3887959866220736,0.9989258861439313,0.0030682249322493225
0.3889585947302384,0.9989258861439313,0.0030987389192619107
0.3891213389121339,0.9989258861439313,0.00313021333688335
0.38928421933863544,0.9989258861439313,0.0031430886853826227
0.38944723618090454,0.9989258861439313,0.0031666666666666666
0.3897736797988265,0.9989258861439313,0.0031944979203802734
0.389937106918239,0.9989258861439313,0.003278738400853
0.3901006711409396,0.9989258861439313,0.003333333333333333
0.39059218815623686,0.9989258861439313,0.0033380952380952377
0.3907563025210084,0.9989258861439313,0.0033453573814295257
0.39092055485498106,0.9989258861439313,0.003392322743997424
0.39108494533221194,0.9989258861439313,0.003404761904761905
0.39141414141414144,0.9989258861439313,0.003407826585179526
0.391578947368421,0.9989258861439313,0.0034097946079078155
0.3917438921651222,0.9989258861439313,0.0034389100684261973
0.3919089759797724,0.9989258861439313,0.0034606301159152675
0.3920741989881956,0.9989258861439313,0.00347013808476397
0.392239561366512,0.9989258861439313,0.0034713924866797328
0.3924050632911392,0.9989258861439313,0.0035
0.3929024081115336,0.9989258861439313,0.0035136363636363637
0.39306846999154693,0.9989258861439313,0.003533333333333333
0.39323467230443976,0.9989258861439313,0.0035939393939393937
0.3934010152284264,0.9989258861439313,0.0036139944903581266
0.39356749894202286,0.9989258861439313,0.003664502164502165
0.3937341236240474,0.9989258861439313,0.0036666666666666666
0.39390088945362134,0.9989258861439313,0.0036811176230066777
0.3940677966101695,0.9989258861439313,0.003684568797791214
0.39423484527342095,0.9989258861439313,0.0037135306949805913
0.3944020356234097,0.9989258861439313,0.003725281661824604
0.3945693678404752,0.9989258861439313,0.003733333333333333
0.39473684210526316,0.9989258861439313,0.00376
0.39490445859872614,0.9989258861439313,0.00376235573846129
0.39507221750212407,0.9989258861439313,0.003763442113442113
0.39524011899702505,0.9989258861439313,0.003781954609882358
0.39540816326530615,0.9989258861439313,0.0037857142857142855
0.39557635048915357,0.9989258861439313,0.0038
0.39574468085106385,0.9989258861439313,0.0038074821285566545
0.3959131545338442,0.9989258861439313,0.003833333333333333
0.39608177172061326,0.9989258861439313,0.0038380952380952377
0.39625053259480186,0.9989258861439313,0.003846969696969697
0.39641943734015345,0.9989258861439313,0.0038603220105109513
0.39658848614072495,0.9989258861439313,0.003873818181818182
0.3967576791808874,0.9989258861439313,0.00388237585625981
0.3969270166453265,0.9989258861439313,0.003998545269248572
0.39709649871904357,0.9989258861439313,0.004
0.3974358974358974,0.9989258861439313,0.004020605884630274
0.39760581445061993,0.9989258861439313,0.0040276386152547135
0.397775876817793,0.9989258861439313,0.0041047619047619045
0.3979460847240051,0.9989258861439313,0.0041190476190476185
0.39828693790149894,0.9989258861439313,0.004177777777777778
0.39845758354755784,0.9989258861439313,0.004178690714762858
0.39862837548221175,0.9989258861439313,0.0041909090909090915
0.39879931389365353,0.9989258861439313,0.004194136109256057
0.398970398970399,0.9989258861439313,0.004200000000000001
0.39914163090128757,0.9989258861439313,0.004200056834327934
0.399313009875483,0.9989258861439313,0.0042285629615901035
0.39948453608247425,0.9989258861439313,0.004268083033878264
0.39965620971207566,0.9989258861439313,0.0042817862131205465
0.3998280309544282,0.9989258861439313,0.004285714285714286
0.4,0.9989258861439313,0.004383333333333333
0.40017211703958694,0.9989258861439313,0.004391879674029881
0.4003443822643134,0.9989258861439313,0.004417431281455672
0.4005167958656331,0.9989258861439313,0.0044666666666666665
0.4006893580353296,0.9989258861439313,0.0044832410483573275
0.40086206896551724,0.9989258861439313,0.004488383897280531
0.40103492884864167,0.9989258861439313,0.0045
0.4012079378774806,0.9989258861439313,0.004521580594851733
0.40138109624514456,0.9989258861439313,0.004541884192586033
0.4015544041450777,0.9989258861439313,0.00455
0.4017278617710583,0.9989258861439313,0.00458695652173913
0.40190146931719967,0.9989258861439313,0.004621042080268166
0.40207522697795073,0.9989258861439313,0.0046228466200817
0.4022491349480969,0.9989258861439313,0.004652380952380952
0.4024231934227607,0.9989258861439313,0.0046793466197820755
0.4025974025974026,0.9989258861439313,0.00471353069498059
0.40277176266782155,0.9989258861439313,0.004779681749884419
0.40294627383015597,0.9989258861439313,0.004795151515151515
0.40312093628088425,0.9989258861439313,0.004810883580208908
0.4032957502168257,0.9989258861439313,0.0048213407194838175
0.403470715835141,0.9989258861439313,0.004902875202000314
0.4036458333333333,0.9989258861439313,0.004923000570309455
0.40382110290924883,0.9989258861439313,0.005079687487066384
0.40399652476107734,0.9989258861439313,0.005082683256641924
0.4041720990873533,0.9989258861439313,0.005152380952380952
0.4043478260869565,0.9989258861439313,0.00520948376703708
0.40452370595911263,0.9989258861439313,0.005275682242742134
0.4046997389033943,0.9989258861439313,0.005332820138360606
0.40487592511972137,0.9989258861439313,0.005358614995157938
0.40505226480836237,0.9989258861439313,0.005404761904761905
0.40522875816993464,0.9989258861439313,0.0054182447776747675
0.40540540540540543,0.9989258861439313,0.005498482536180467
0.40558220671609246,0.9989258861439313,0.005555555555555556
0.40575916230366493,0.9989258861439313,0.00559419185167705
0.40593627237014407,0.9989258861439313,0.005638010992716592
0.40611353711790393,0.9989258861439313,0.0056791969072902
0.40629095674967236,0.9989258861439313,0.005802695842169527
0.40646853146853146,0.9989258861439313,0.005919047619047618
0.40664626147791866,0.9989258861439313,0.005966666666666667
0.4068241469816273,0.9989258861439313,0.005981966001478197
0.40700218818380746,0.9989258861439313,0.006
0.4073587385019711,0.9989258861439313,0.006000251123718617
0.40789473684210525,0.9989258861439313,0.00601619841310832
0.40807371654234315,0.9989258861439313,0.006129396099872513
0.40825285338015804,0.9989258861439313,0.0061333333333333335
0.40843214756258234,0.9989258861439313,0.006136266472338617
0.4086115992970123,0.9989258861439313,0.006142857142857143
0.4087912087912088,0.9989258861439313,0.006145416053261436
0.40933098591549294,0.9989258861439313,0.006166666666666667
0.4095112285336856,0.9989258861439313,0.006222222222222223
0.40969162995594716,0.9989258861439313,0.0063
0.40987219039224326,0.9989258861439313,0.006315476190476191
0.41005291005291006,0.9989258861439313,0.006329940991470976
0.4102337891486546,0.9989258861439313,0.006333333333333333
0.4099735216240071,0.9978517722878625,0.006375285550706203
0.4101545253863135,0.9978517722878625,0.0064333333333333334
0.41033568904593637,0.9978517722878625,0.006495238095238096
0.41051701281484754,0.9978517722878625,0.006512024048096192
0.41069849690539345,0.9978517722878625,0.006554409866087618
0.41088014153029634,0.9978517722878625,0.00656079744016272
0.41106194690265485,0.9978517722878625,0.0065750517598343675
0.4112439132359451,0.9978517722878625,0.006591001433124161
0.4114260407440213,0.9978517722878625,0.006604761904761904
0.41160832964111654,0.9978517722878625,0.006624908803210048
0.41179078014184395,0.9978517722878625,0.006636486066430046
0.41197339246119735,0.9978517722878625,0.006646843352725706
0.4121561668145519,0.9978517722878625,0.006653207258951528
0.41233910341766533,0.9978517722878625,0.006666666666666667
0.41252220248667854,0.9978517722878625,0.006741880341880342
0.4127054642381164,0.9978517722878625,0.006756102085307208
0.4128888888888889,0.9978517722878625,0.006777777777777777
0.4130724766562917,0.9978517722878625,0.006778128814100038
0.41325622775800713,0.9978517722878625,0.006781205519528648
0.413440142412105,0.9978517722878625,0.006804822183283106
0.41362422083704364,0.9978517722878625,0.0068555635330589965
0.41380846325167037,0.9978517722878625,0.006893876051611166
0.4139928698752228,0.9978517722878625,0.006955555555555556
0.41417744092732944,0.9978517722878625,0.007
0.4143621766280107,0.9978517722878625,0.007064264569852806
0.4145470771976796,0.9978517722878625,0.0070786907147628595
0.4147321428571429,0.9978517722878625,0.0071260903029558825
0.41491737382760163,0.9978517722878625,0.007129102542211083
0.41510277033065235,0.9978517722878625,0.007199027049728892
0.4152883325882879,0.9978517722878625,0.007227932069589646
0.415474060822898,0.9978517722878625,0.007232861861052425
0.4156599552572707,0.9978517722878625,0.007236777862660215
0.41584601611459265,0.9978517722878625,0.007260606060606061
0.41603224361845054,0.9978517722878625,0.007262987012987013
0.41621863799283154,0.9978517722878625,0.007282930918846412
0.41659192825112107,0.9978517722878625,0.00730303666921314
0.4167788245850157,0.9978517722878625,0.00730350062147238
0.41696588868940754,0.9978517722878625,0.007317460317460317
0.41715312079030087,0.9978517722878625,0.00735712773166449
0.417340521114106,0.9978517722878625,0.007462357740298916
0.41752808988764045,0.9978517722878625,0.007512563554252347
0.4177158273381295,0.9978517722878625,0.0075382331452048465
0.4179037336932074,0.9978517722878625,0.007539337474120083
0.4180918091809181,0.9978517722878625,0.0075488095238095245
0.41828005402971635,0.9978517722878625,0.007569793918256276
0.41846846846846847,0.9978517722878625,0.007674320153171295
0.41865705272645337,0.9978517722878625,0.007724746747505369
0.4188458070333634,0.9978517722878625,0.007727272727272728
0.4190347316193054,0.9978517722878625,0.007770114942528736
0.41922382671480146,0.9978517722878625,0.007786270098519497
0.41941309255079007,0.9978517722878625,0.007889277802965675
0.4196025293586269,0.9978517722878625,0.00790379446952432
0.41979213737008586,0.9978517722878625,0.007950606269712664
0.41998191681735986,0.9978517722878625,0.00800968084852696
0.42017186793306194,0.9978517722878625,0.008084572237128038
0.42036199095022625,0.9978517722878625,0.00811276832065232
0.4205522861023087,0.9978517722878625,0.008282930918846411
0.4207427536231884,0.9978517722878625,0.008305764211622855
0.4209333937471681,0.9978517722878625,0.00831353360273103
0.42112420670897555,0.9978517722878625,0.008333333333333333
0.42150635208711434,0.9978517722878625,0.008358751952844004
0.42169768497503407,0.9978517722878625,0.00837878787878788
0.42188919164396005,0.9978517722878625,0.008481982540436406
0.42208087233075875,0.9978517722878625,0.00854041514041514
0.4222727272727273,0.9978517722878625,0.008624447008930175
0.42246475670759437,0.9978517722878625,0.008645566972944024
0.4226569608735214,0.9978517722878625,0.008684985800002064
0.42284934000910335,0.9978517722878625,0.008725070403154778
0.42304189435336975,0.9978517722878625,0.008738095238095238
0.4232346241457859,0.9978517722878625,0.008738501589481616
0.4234275296262534,0.9978517722878625,0.008780303030303029
0.4236206110351117,0.9978517722878625,0.00880952380952381
0.4238138686131387,0.9978517722878625,0.008809540998817528
0.4240073026015518,0.9978517722878625,0.008833333333333332
0.42420091324200915,0.9978517722878625,0.008870588235294118
0.42439470077661035,0.9978517722878625,0.008881818181818182
0.42458866544789764,0.9978517722878625,0.00890187627402791
0.4247828074988569,0.9978517722878625,0.008952380952380953
0.4249771271729186,0.9978517722878625,0.009046012533305642
0.4251716247139588,0.9978517722878625,0.009083333333333332
0.42536630036630035,0.9978517722878625,0.009113704823725715
0.4255611543747137,0.9978517722878625,0.00917142857142857
0.425756186984418,0.9978517722878625,0.009181890331890331
0.4259513984410821,0.9978517722878625,0.009206193713316685
0.4261467889908257,0.9978517722878625,0.009249753694581279
0.42634235888022026,0.9978517722878625,0.009252380952380951
0.4265381083562902,0.9978517722878625,0.009424675324675325
0.4267340376665136,0.9978517722878625,0.009440966948416321
0.4271264367816092,0.9978517722878625,0.009466666666666667
0.4273229070837167,0.9978517722878625,0.009504048802104734
0.4275195582144501,0.9978517722878625,0.009548081466491781
0.42771639042357273,0.9978517722878625,0.00955079365079365
0.42791340396130817,0.9978517722878625,0.009555555555555555
0.4283079760258183,0.9978517722878625,0.009559839839283811
0.42850553505535055,0.9978517722878625,0.009583333333333333
0.42870327641901246,0.9978517722878625,0.00974050605098301
0.4289012003693444,0.9978517722878625,0.009787995064860642
0.42909930715935335,0.9978517722878625,0.009825022331161707
0.42929759704251386,0.9978517722878625,0.009873448773448774
0.4294960702727693,0.9978517722878625,0.0099014417728814
0.4296947271045328,0.9978517722878625,0.009933333333333334
0.42989356779268856,0.9978517722878625,0.009945361786867484
0.4300925925925926,0.9978517722878625,0.01001202404809619
0.4302918017600741,0.9978517722878625,0.010019047619047618
0.4304911955514365,0.9978517722878625,0.010023255813953488
0.43069077422345853,0.9978517722878625,0.010071428571428571
0.43089053803339517,0.9978517722878625,0.010104799201053396
0.43109048723897914,0.9978517722878625,0.010130751218312216
0.43129062209842156,0.9978517722878625,0.010184814978623027
0.4314909428704134,0.9978517722878625,0.010222222222222223
0.4316914498141264,0.9978517722878625,0.01029601176156108
0.4318921431892143,0.9978517722878625,0.0103102359250664
0.43209302325581395,0.9978517722878625,0.010323809523809525
0.4322940902745463,0.9978517722878625,0.010333333333333333
0.43249534450651766,0.9978517722878625,0.010504761904761907
0.4326967862133209,0.9978517722878625,0.010515845802697365
0.43289841565703635,0.9978517722878625,0.010662384353120448
0.4331002331002331,0.9978517722878625,0.0107480222108823
0.43330223880597013,0.9978517722878625,0.010857222222222221
0.43350443303779745,0.9978517722878625,0.010898412698412695
0.43370681605975725,0.9978517722878625,0.010936363636363638
0.43390938813638485,0.9978517722878625,0.01098600010659506
0.43411214953271027,0.9978517722878625,0.011029270186335404
0.434315100514259,0.9978517722878625,0.011116405547635443
0.4345182413470533,0.9978517722878625,0.011222588805587708
0.4347215722976135,0.9978517722878625,0.011234126984126985
0.4349250936329588,0.9978517722878625,0.011255886524822695
0.4351288056206089,0.9978517722878625,0.01126837249229384
0.4353327085285848,0.9978517722878625,0.011309523809523811
0.4355368026254102,0.9978517722878625,0.011327661534520165
0.4357410881801126,0.9978517722878625,0.011336305835562978
0.4359455654622243,0.9978517722878625,0.01145995670995671
0.43615023474178405,0.9978517722878625,0.011460153256704981
0.4363550962893377,0.9978517722878625,0.011582969778982767
0.43656015037593987,0.9978517722878625,0.011587301587301589
0.43676539727315467,0.9978517722878625,0.011633333333333332
0.4369708372530574,0.9978517722878625,0.011640629360657326
0.4371764705882353,0.9978517722878625,0.011644042818445466
0.4373822975517891,0.9978517722878625,0.011665166157990495
0.437588318417334,0.9978517722878625,0.011725862753774165
0.43779453345900093,0.9978517722878625,0.01177797619047619
0.438000942951438,0.9978517722878625,0.011872916148708005
0.4382075471698113,0.9978517722878625,0.011877036946953464
0.43794242567248703,0.9967776584317938,0.011902644808465238
0.4381491973559962,0.9967776584317938,0.011906218400653366
0.4383561643835616,0.9967776584317938,0.011935623325642554
0.43856332703213613,0.9967776584317938,0.011941206690595053
0.43877068557919624,0.9967776584317938,0.012
0.4389782403027436,0.9967776584317938,0.012016883116883117
0.4391859914813062,0.9967776584317938,0.012055555555555555
0.4393939393939394,0.9967776584317938,0.012162121212121213
0.4396020843202274,0.9967776584317938,0.01228174603174603
0.43981042654028435,0.9967776584317938,0.012366017316017315
0.4400189663347558,0.9967776584317938,0.01243375844210035
0.44022770398481975,0.9967776584317938,0.012504624425199036
0.44043663977218794,0.9967776584317938,0.012572924997958614
0.4406457739791073,0.9967776584317938,0.012624675324675323
0.44085510688836105,0.9967776584317938,0.012646753246753248
0.44106463878326996,0.9967776584317938,0.01267368177930788
0.44127436994769376,0.9967776584317938,0.012681511518535032
0.44148430066603234,0.9967776584317938,0.01271111111111111
0.44169443122322705,0.9967776584317938,0.012747825677034271
0.4419047619047619,0.9967776584317938,0.01276738437001595
0.4421152929966651,0.9967776584317938,0.012866666666666667
0.44232602478551003,0.9967776584317938,0.012889023822489232
0.44253695755841677,0.9967776584317938,0.012970853077170887
0.44274809160305345,0.9967776584317938,0.013099206349206347
0.44295942720763726,0.9967776584317938,0.01312712842712843
0.44317096466093603,0.9967776584317938,0.013213333333333334
0.44338270425226944,0.9967776584317938,0.013242301289608115
0.4435946462715105,0.9967776584317938,0.013319436991278485
0.44380679100908654,0.9967776584317938,0.013542059524612838
0.44401913875598087,0.9967776584317938,0.013547054058770661
0.44423168980373384,0.9967776584317938,0.01355698240171919
0.4444444444444444,0.9967776584317938,0.013572165002753236
0.44465740297077144,0.9967776584317938,0.013599206349206347
0.4448705656759348,0.9967776584317938,0.01360238095238095
0.445083932853717,0.9967776584317938,0.013631745685241439
0.44529750479846447,0.9967776584317938,0.01364494731718421
0.4455112818050888,0.9967776584317938,0.013732260595583195
0.4457252641690682,0.9967776584317938,0.013751282051282052
0.4459394521864488,0.9967776584317938,0.01383717948717949
0.44636844636844636,0.9967776584317938,0.013866666666666666
0.4465832531280077,0.9967776584317938,0.013921273594042365
0.4467982667308618,0.9967776584317938,0.013975240103445386
0.44701348747591524,0.9967776584317938,0.014087181880770704
0.4472289156626506,0.9967776584317938,0.01409922430510666
0.4474445515911283,0.9967776584317938,0.014114609819979059
0.44766039556198745,0.9967776584317938,0.014233333333333332
0.44787644787644787,0.9967776584317938,0.014302866035817319
0.44809270883631097,0.9967776584317938,0.014361525571033783
0.44830917874396137,0.9967776584317938,0.014432312346703634
0.4485258579023683,0.9967776584317938,0.014438095238095238
0.44874274661508706,0.9967776584317938,0.014469660152295798
0.44895984518626025,0.9967776584317938,0.014785323208882276
0.4491771539206196,0.9967776584317938,0.014816784287775959
0.4493946731234867,0.9967776584317938,0.014896004294137134
0.4496124031007752,0.9967776584317938,0.014902380952380952
0.44983034415899176,0.9967776584317938,0.014999999999999998
0.45004849660523766,0.9967776584317938,0.015014348731111968
0.4502668607472101,0.9967776584317938,0.015093300324350151
0.45048543689320386,0.9967776584317938,0.015164450711892593
0.4507042253521127,0.9967776584317938,0.015199298197539885
0.4509232264334305,0.9967776584317938,0.015237542318663918
0.45114244044725327,0.9967776584317938,0.015297145338321808
0.45136186770428016,0.9967776584317938,0.01534871794871795
0.4515815085158151,0.9967776584317938,0.015377917798456353
0.45180136319376824,0.9967776584317938,0.015458757639936354
0.4520214320506576,0.9967776584317938,0.01554126984126984
0.4522417153996101,0.9967776584317938,0.015546060717919483
0.4524622135543637,0.9967776584317938,0.015620244653194691
0.4526829268292683,0.9967776584317938,0.0156977635436459
0.45290385553928747,0.9967776584317938,0.015706782106782106
0.453125,0.9967776584317938,0.015712131519274378
0.45334636052760136,0.9967776584317938,0.015755497914015988
0.45356793743890517,0.9967776584317938,0.015845323269949155
0.45378973105134474,0.9967776584317938,0.015896825396825395
0.45401174168297453,0.9967776584317938,0.015913636363636366
0.4544564152791381,0.9967776584317938,0.015944542231000898
0.45467907888290054,0.9967776584317938,0.01595476525003677
0.4549019607843137,0.9967776584317938,0.01602619047619048
0.45512506130456104,0.9967776584317938,0.01614677035330261
0.4553483807654563,0.9967776584317938,0.016156198004181863
0.45557191948944525,0.9967776584317938,0.016271505224410534
0.45579567779960706,0.9967776584317938,0.01628293091884641
0.456019656019656,0.9967776584317938,0.016379084317459235
0.45624385447394294,0.9967776584317938,0.016407936507936503
0.45646827348745694,0.9967776584317938,0.016433333333333335
0.4566929133858268,0.9967776584317938,0.01645999872430945
0.4569177744953225,0.9967776584317938,0.016691053391053392
0.45714285714285713,0.9967776584317938,0.016698412698412695
0.45736816165598815,0.9967776584317938,0.016760840600688418
0.45759368836291914,0.9967776584317938,0.016787957275836315
0.4578194375925012,0.9967776584317938,0.016943145743145746
0.45804540967423496,0.9967776584317938,0.016944598523009856
0.4582716049382716,0.9967776584317938,0.017017836257309942
0.45849802371541504,0.9967776584317938,0.017048484848484848
0.4587246663371231,0.9967776584317938,0.01707142857142857
0.4589515331355094,0.9967776584317938,0.01714850704850705
0.4591786244433449,0.9967776584317938,0.017160087776843976
0.4594059405940594,0.9967776584317938,0.017163430823824235
0.4596334819217434,0.9967776584317938,0.0174080971659919
0.45986124876114964,0.9967776584317938,0.01743333333333333
0.4600892414476946,0.9967776584317938,0.01748608029318674
0.4603174603174603,0.9967776584317938,0.017587174224727428
0.46054590570719606,0.9967776584317938,0.01777083356894678
0.46077457795431975,0.9967776584317938,0.01778489914048348
0.46100347739692005,0.9967776584317938,0.017960843609710675
0.46123260437375746,0.9967776584317938,0.01796666666666667
0.4614619592242665,0.9967776584317938,0.018024386724386724
0.4616915422885572,0.9967776584317938,0.018218559218559218
0.4619213539074166,0.9967776584317938,0.018288528232548246
0.46215139442231074,0.9967776584317938,0.018433333333333333
0.4623816641753862,0.9967776584317938,0.01849026791622699
0.4626121635094716,0.9967776584317938,0.018555555555555554
0.4628428927680798,0.9967776584317938,0.018666666666666668
0.4630738522954092,0.9967776584317938,0.018705527486685674
0.46330504243634546,0.9967776584317938,0.018943145743145744
0.46353646353646355,0.9967776584317938,0.019008037240904913
0.463768115942029,0.9967776584317938,0.019066666666666666
0.464,0.9967776584317938,0.01926008849165843
0.464232116058029,0.9967776584317938,0.01928353753165074
0.4644644644644645,0.9967776584317938,0.01932295083372625
0.4646970455683525,0.9967776584317938,0.019420146520146515
0.4649298597194389,0.9967776584317938,0.019420289855072468
0.46516290726817044,0.9967776584317938,0.019460079631058717
0.4653961885656971,0.9967776584317938,0.01948264216561693
0.46562970396387354,0.9967776584317938,0.019539664399513053
0.46586345381526106,0.9967776584317938,0.019629761904761907
0.46609743847312907,0.9967776584317938,0.01965401265401266
0.4663316582914573,0.9967776584317938,0.01972144208090459
0.46656611362493716,0.9967776584317938,0.01981989847260987
0.46680080482897385,0.9967776584317938,0.019895993983038276
0.467035732259688,0.9967776584317938,0.019970835175320324
0.46727089627391744,0.9967776584317938,0.0200034447716262
0.46750629722921916,0.9967776584317938,0.020039655172413795
0.46774193548387094,0.9967776584317938,0.020092778580239053
0.46797781139687344,0.9967776584317938,0.020125722678233177
0.4682139253279516,0.9967776584317938,0.020194099378881995
0.4684502776375568,0.9967776584317938,0.020225772340038608
0.4686868686868687,0.9967776584317938,0.020294468145412078
0.4689236988377969,0.9967776584317938,0.020373232519114864
0.4691607684529828,0.9967776584317938,0.02050906077663561
0.46939807789580174,0.9967776584317938,0.020902567693744163
0.46963562753036436,0.9967776584317938,0.02092426767875027
0.46987341772151897,0.9967776584317938,0.02094899145445926
0.47011144883485306,0.9967776584317938,0.021000204198317406
0.4703497212366954,0.9967776584317938,0.021039899185781533
0.47058823529411764,0.9967776584317938,0.02111751339051901
0.47082699137493655,0.9967776584317938,0.02126190476190476
0.47106598984771575,0.9967776584317938,0.021507962301587306
0.4713052310817674,0.9967776584317938,0.021510770912779354
0.4715447154471545,0.9967776584317938,0.021579268233688338
0.47178444331469244,0.9967776584317938,0.02160587044534413
0.47202441505595116,0.9967776584317938,0.021710651431192864
0.4725050916496945,0.9967776584317938,0.021756039461627692
0.47274579724910853,0.9967776584317938,0.02191452670187029
0.47298674821610603,0.9967776584317938,0.02211621989121989
0.47322794492605813,0.9967776584317938,0.022231648305699403
0.47346938775510206,0.9967776584317938,0.022417995907815406
0.47371107708014293,0.9967776584317938,0.022426984126984132
0.473953013278856,0.9967776584317938,0.022463236593900208
0.4741951967296883,0.9967776584317938,0.022504761904761906
0.47443762781186094,0.9967776584317938,0.022533427931056848
0.4741687979539642,0.9957035445757251,0.022880678146892864
0.4744114636642784,0.9957035445757251,0.0229075036075036
0.47465437788018433,0.9957035445757251,0.022978562707134133
0.47489754098360654,0.9957035445757251,0.0230277400527273
0.4751409533572527,0.9957035445757251,0.02314052417042659
0.4753846153846154,0.9957035445757251,0.0232256555872805
0.47562852744997436,0.9957035445757251,0.023420382997149953
0.4758726899383984,0.9957035445757251,0.023479190926295603
0.4761171032357473,0.9957035445757251,0.023486616119563816
0.4763617677286742,0.9957035445757251,0.023511540874856945
0.47660668380462723,0.9957035445757251,0.023604403890319384
0.47685185185185186,0.9957035445757251,0.023645787707757143
0.4770972722593927,0.9957035445757251,0.02364747037917355
0.47734294541709577,0.9957035445757251,0.023680019687126134
0.4775888717156105,0.9957035445757251,0.02369780578898226
0.4778350515463918,0.9957035445757251,0.023700567822436888
0.4780814853017019,0.9957035445757251,0.02371653834824153
0.47832817337461303,0.9957035445757251,0.023754434971666603
0.4785751161590088,0.9957035445757251,0.023784516689788596
0.47882231404958675,0.9957035445757251,0.02378571428571429
0.4790697674418605,0.9957035445757251,0.02406776995699572
0.4793174767321613,0.9957035445757251,0.024423151849883702
0.479565442317641,0.9957035445757251,0.024437737223652715
0.4798136645962733,0.9957035445757251,0.02488843022067896
0.48006214396685654,0.9957035445757251,0.024975062273562235
0.4803108808290155,0.9957035445757251,0.025
0.4808091286307054,0.9957035445757251,0.025069343199296115
0.4805396990140114,0.9946294307196563,0.025100604371112115
0.48078920041536866,0.9946294307196563,0.025102275959759186
0.48103896103896104,0.9946294307196563,0.02532380952380953
0.4812889812889813,0.9946294307196563,0.02535147631649371
0.48153926157046284,0.9946294307196563,0.02551428571428571
0.481789802289282,0.9946294307196563,0.02564545454545454
0.48204060385216035,0.9946294307196563,0.025702842561516823
0.4822916666666667,0.9946294307196563,0.025725051759834368
0.48279457768508866,0.9946294307196563,0.025794909407697603
0.48304642670839854,0.9946294307196563,0.025809838930570005
0.48329853862212946,0.9946294307196563,0.026026190476190474
0.4835509138381201,0.9946294307196563,0.026141456582633057
0.48380355276907,0.9946294307196563,0.026399999999999996
0.48405645582854157,0.9946294307196563,0.026475696756517186
0.4837866108786611,0.9935553168635876,0.026583320640385433
0.4840397697540555,0.9935553168635876,0.026661726516218953
0.48429319371727747,0.9935553168635876,0.026788798802823203
0.48454688318491357,0.9935553168635876,0.02704314574314574
0.48480083857442346,0.9935553168635876,0.027104228806036156
0.48505506030414264,0.9935553168635876,0.02723928571428572
0.48530954879328436,0.9935553168635876,0.027249999999999996
0.48556430446194226,0.9935553168635876,0.0274028910461255
0.48581932773109243,0.9935553168635876,0.027500678134522775
0.4860746190225959,0.9935553168635876,0.027507359307359307
0.4863301787592008,0.9935553168635876,0.027519227287576435
0.486586007364545,0.9935553168635876,0.027528571428571437
0.4868421052631579,0.9935553168635876,0.027573205382647268
0.48709847288046343,0.9935553168635876,0.027750583799771796
0.48735511064278186,0.9935553168635876,0.027877777777777783
0.48761201897733264,0.9935553168635876,0.027958768540477328
0.4878691983122363,0.9935553168635876,0.02820714285714286
0.48812664907651715,0.9935553168635876,0.028245328633810584
0.4883843717001056,0.9935553168635876,0.028287606837606834
0.4886423666138405,0.9935553168635876,0.02839603174603175
0.48890063424947144,0.9935553168635876,0.02839965980166824
0.48915917503966155,0.9935553168635876,0.028442580662251617
0.4894179894179894,0.9935553168635876,0.028726836333389558
0.4896770778189518,0.9935553168635876,0.02876369241869241
0.4899364406779661,0.9935553168635876,0.02877936507936508
0.49045599151643693,0.9935553168635876,0.028831193368536956
0.4907161803713528,0.9935553168635876,0.02902706831177692
0.49097664543524416,0.9935553168635876,0.02907657543042206
0.49123738714816784,0.9935553168635876,0.029341638877711025
0.4914984059511158,0.9935553168635876,0.02941921402573363
0.49175970228601806,0.9935553168635876,0.029438239538239538
0.4920212765957447,0.9935553168635876,0.029521935756551137
0.49228312932410856,0.9935553168635876,0.02967819096247514
0.4925452609158679,0.9935553168635876,0.029683333333333332
0.4928076718167288,0.9935553168635876,0.029724876641259685
0.49307036247334757,0.9935553168635876,0.0297553010187883
0.49333333333333335,0.9935553168635876,0.02983667166340352
0.4935965848452508,0.9935553168635876,0.029877519325058624
0.49412393162393164,0.9935553168635876,0.030050169397553422
0.49438802779262425,0.9935553168635876,0.03016660886929584
0.4946524064171123,0.9935553168635876,0.030207142857142863
0.49491706795077584,0.9935553168635876,0.030225925374093392
0.49518201284796576,0.9935553168635876,0.03030422714540362
0.49544724156400644,0.9935553168635876,0.030311928522570173
0.4957127545551983,0.9935553168635876,0.030532370664868594
0.4959785522788204,0.9935553168635876,0.03060316239316239
0.49624463519313305,0.9935553168635876,0.030633826090335253
0.49651100375738055,0.9935553168635876,0.030752584735838324
0.4967776584317938,0.9935553168635876,0.03080952380952381
0.4970445996775927,0.9935553168635876,0.030811107071604046
0.49731182795698925,0.9935553168635876,0.030828690714762862
0.4975793437331899,0.9935553168635876,0.03086903823289182
0.49784714747039827,0.9935553168635876,0.03087652189970462
0.498115239633818,0.9935553168635876,0.03092290816096216
0.4983836206896552,0.9935553168635876,0.031208520985279906
0.49865229110512127,0.9935553168635876,0.03133333333333334
0.4989212513484358,0.9935553168635876,0.03166193737355215
0.4991905018888289,0.9935553168635876,0.03179191485330811
0.4994600431965443,0.9935553168635876,0.031939941431117905
0.4997298757428417,0.9935553168635876,0.03203333333333332
0.5,0.9935553168635876,0.032100000000000004
0.5002704164413196,0.9935553168635876,0.03214699723099531
0.5005411255411255,0.9935553168635876,0.03215476190476191
0.5008121277747699,0.9935553168635876,0.032263402836840295
0.5010834236186349,0.9935553168635876,0.03249809982981601
0.5013550135501355,0.9935553168635876,0.03256050420168067
0.5016268980477223,0.9935553168635876,0.03278422336922336
0.5018990775908845,0.9935553168635876,0.03303593877860236
0.502171552660152,0.9935553168635876,0.033049406704406696
0.5024443237370994,0.9935553168635876,0.03306190476190476
0.5027173913043478,0.9935553168635876,0.03310766312696186
0.5029907558455683,0.9935553168635876,0.033144970851905306
0.5032644178454843,0.9935553168635876,0.03322936507936508
0.5035383777898748,0.9935553168635876,0.0332952380952381
0.5038126361655774,0.9935553168635876,0.033433838383838385
0.5040871934604905,0.9935553168635876,0.03349761904761905
0.5043620501635769,0.9935553168635876,0.033704273504273505
0.5046372067648663,0.9935553168635876,0.03407912104109048
0.5049126637554585,0.9935553168635876,0.034269047619047616
0.505188421627526,0.9935553168635876,0.03439285714285715
0.505464480874317,0.9935553168635876,0.034421904744440006
0.5057408419901586,0.9935553168635876,0.03459838893135709
0.5060175054704595,0.9935553168635876,0.034646031746031744
0.5062944718117132,0.9935553168635876,0.034866666666666664
0.5065717415115005,0.9935553168635876,0.034923199484198836
0.5068493150684932,0.9935553168635876,0.035049549549549544
0.506578947368421,0.9924812030075187,0.035055555555555555
0.5068568294020844,0.9924812030075187,0.03512134928218849
0.5071350164654226,0.9924812030075187,0.035196938775510195
0.5074135090609555,0.9924812030075187,0.03540460897896268
0.5076923076923077,0.9924812030075187,0.03577163905537973
0.5079714128642111,0.9924812030075187,0.035783864464413784
0.5082508250825083,0.9924812030075187,0.03582809314318987
0.5085305448541552,0.9924812030075187,0.03601819242826406
0.5088105726872246,0.9924812030075187,0.03602816901408451
0.509090909090909,0.9924812030075187,0.03610873015873015
0.5093715545755237,0.9924812030075187,0.03624551176792555
0.5096525096525096,0.9924812030075187,0.036290448061947825
0.5099337748344371,0.9924812030075187,0.03629047619047619
0.5102153506350083,0.9924812030075187,0.036366666666666665
0.5104972375690607,0.9924812030075187,0.03648728435688955
0.5107794361525705,0.9924812030075187,0.03649999999999999
0.5110619469026548,0.9924812030075187,0.036513706313845824
0.5113447703375761,0.9924812030075187,0.03658809523809524
0.5116279069767442,0.9924812030075187,0.03686085149886103
0.5119113573407202,0.9924812030075187,0.036861904761904776
0.5121951219512195,0.9924812030075187,0.03688791593861777
0.5124792013311148,0.9924812030075187,0.03697965367965368
0.5127635960044395,0.9924812030075187,0.03704320346320346
0.5130483064963909,0.9924812030075187,0.0370908124312963
0.5133333333333333,0.9924812030075187,0.03731269517826867
0.5136186770428015,0.9924812030075187,0.03738254180860271
0.5139043381535039,0.9924812030075187,0.03774155844155844
0.5141903171953256,0.9924812030075187,0.03803416716550148
0.5144766146993318,0.9924812030075187,0.03873809523809523
0.5147632311977716,0.9924812030075187,0.03891988144298207
0.5150501672240803,0.9924812030075187,0.03895943553427314
0.5153374233128835,0.9924812030075187,0.03918412698412699
0.515625,0.9924812030075187,0.039742551998538815
0.5159128978224455,0.9924812030075187,0.04003809523809525
0.5162011173184358,0.9924812030075187,0.04018333333333333
0.5164896590273896,0.9924812030075187,0.04027025433132937
0.5167785234899329,0.9924812030075187,0.04038579651533487
0.5170677112479015,0.9924812030075187,0.04042652944675268
0.5167973124300111,0.99140708915145,0.04044206349206349
0.5170868347338936,0.99140708915145,0.040670097159070454
0.5173766816143498,0.99140708915145,0.04069366715295132
0.5176668536174986,0.99140708915145,0.04092904935417471
0.5179573512906847,0.99140708915145,0.040945694099918176
0.5182481751824818,0.99140708915145,0.04114613719613721
0.5185393258426966,0.99140708915145,0.04122105872326331
0.5188308038223721,0.99140708915145,0.04122136044966745
0.5191226096737908,0.99140708915145,0.041285858585858586
0.5194147439504784,0.99140708915145,0.04134954954954954
0.5197072072072072,0.99140708915145,0.041612295937734335
0.52,0.99140708915145,0.041691863117725186
0.520293122886133,0.99140708915145,0.04229276886760647
0.5205865764241399,0.99140708915145,0.0423651944642716
0.5208803611738149,0.99140708915145,0.04279653874862392
0.5211744776962168,0.99140708915145,0.043156818564577176
0.5214689265536723,0.99140708915145,0.04322173681916769
0.5217637083097796,0.99140708915145,0.04328333333333334
0.5220588235294118,0.99140708915145,0.04334041136778957
0.522354272778721,0.99140708915145,0.043614870313472394
0.5226500566251415,0.99140708915145,0.04393270346083974
0.5229461756373938,0.99140708915145,0.04434356502893684
0.5232426303854876,0.99140708915145,0.04448377010222461
0.5235394214407261,0.99140708915145,0.044923376623376615
0.5238365493757094,0.99140708915145,0.04503369963369962
0.5241340147643384,0.99140708915145,0.04511716541734375
0.5244318181818182,0.99140708915145,0.04559819788817498
0.5247299602046618,0.99140708915145,0.04577772860245857
0.5250284414106939,0.99140708915145,0.045866324318955896
0.5253272623790552,0.99140708915145,0.04593376502244101
0.525626423690205,0.99140708915145,0.04646666666666667
0.5259259259259259,0.99140708915145,0.04655688405797101
0.5262257696693272,0.99140708915145,0.04657839303841941
0.5265259555048488,0.99140708915145,0.04663052812903082
0.5268264840182648,0.99140708915145,0.046865476190476194
0.5271273557966876,0.99140708915145,0.04694603174603175
0.5274285714285715,0.99140708915145,0.047043002893620435
0.5277301315037164,0.99140708915145,0.047047619047619046
0.5280320366132724,0.99140708915145,0.04726785714285714
0.5283342873497424,0.99140708915145,0.047333663751218766
0.5286368843069874,0.99140708915145,0.04736559058641031
0.5289398280802292,0.99140708915145,0.04738813463279933
0.529243119266055,0.99140708915145,0.04744696969696969
0.5295467584624212,0.99140708915145,0.047477340091459166
0.5298507462686567,0.99140708915145,0.047606637806637785
0.5301550832854681,0.99140708915145,0.0476212554844423
0.5304597701149425,0.99140708915145,0.047785537834943284
0.5307648073605521,0.99140708915145,0.04779404761904762
0.5310701956271576,0.99140708915145,0.04779716340422861
0.5313759355210133,0.99140708915145,0.048265725349219864
0.5316820276497696,0.99140708915145,0.048984555213913865
0.5319884726224784,0.99140708915145,0.04913116883116882
0.5322952710495963,0.99140708915145,0.04913897910695266
0.532602423542989,0.99140708915145,0.049519480519480505
0.5329099307159353,0.99140708915145,0.04955281385281384
0.5332177931831311,0.99140708915145,0.04962031080736484
0.5335260115606937,0.99140708915145,0.04972585396085395
0.5338345864661654,0.99140708915145,0.04977520406011867
0.5341435185185185,0.99140708915145,0.05014765234765235
0.5344528083381587,0.99140708915145,0.05048503567107845
0.5347624565469293,0.99140708915145,0.05085209791411363
0.5350724637681159,0.99140708915145,0.05107541478129713
0.5353828306264501,0.99140708915145,0.05154038522263298
0.5356935577481138,0.99140708915145,0.05186750161603103
0.5360046457607434,0.99140708915145,0.05190391315340244
0.536316095293434,0.99140708915145,0.05201958710079968
0.5366279069767442,0.99140708915145,0.0521634054834055
0.5369400814426992,0.99140708915145,0.05227857142857144
0.5372526193247963,0.99140708915145,0.05238852258852258
0.5375655212580082,0.99140708915145,0.052612191895782166
0.5372960372960373,0.9903329752953813,0.05268660394657876
0.5376093294460641,0.9903329752953813,0.05287369077463494
0.5379229871645275,0.9903329752953813,0.053309657009657
0.5382370110916521,0.9903329752953813,0.053353264706308315
0.5385514018691588,0.9903329752953813,0.053618509183528174
0.5388661601402689,0.9903329752953813,0.053721514371327064
0.5385964912280702,0.9892588614393125,0.054075396825396825
0.5389116442363956,0.9892588614393125,0.054102380952380937
0.5392271662763466,0.9892588614393125,0.05412185916607455
0.539543057996485,0.9892588614393125,0.05424678620701834
0.5398593200468933,0.9892588614393125,0.05426709956709957
0.5401759530791789,0.9892588614393125,0.05444529616724738
0.539906103286385,0.9881847475832438,0.055178682170542635
0.540223135642983,0.9881847475832438,0.05520794962306117
0.5405405405405406,0.9881847475832438,0.0553090909090909
0.5408583186360965,0.9881847475832438,0.05541777658279557
0.5405882352941176,0.9871106337271751,0.05559449688448983
0.5403178340200118,0.9860365198711063,0.05572857142857143
0.5406360424028268,0.9860365198711063,0.05584525213180545
0.5409546258102534,0.9860365198711063,0.055966787125917565
0.5412735849056604,0.9860365198711063,0.05617345391099518
0.5415929203539823,0.9860365198711063,0.05627090250333719
0.5419126328217237,0.9860365198711063,0.05631242254477548
0.542232722976964,0.9860365198711063,0.057445252131805444
0.5425531914893617,0.9860365198711063,0.0575152532938933
0.5428740390301596,0.9860365198711063,0.057515563033246384
0.5431952662721894,0.9860365198711063,0.057990769755183205
0.5435168738898757,0.9860365198711063,0.05814375781156872
0.5438388625592417,0.9860365198711063,0.05830892503546965
0.5441612329579134,0.9860365198711063,0.058527777777777755
0.5444839857651246,0.9860365198711063,0.05880411997741485
0.5448071216617211,0.9860365198711063,0.05886984126984126
0.5451306413301663,0.9860365198711063,0.05904050852158233
0.5454545454545454,0.9860365198711063,0.05936292481103801
0.5457788347205708,0.9860365198711063,0.05953592145828263
0.5455086258179654,0.9849624060150376,0.059555003844897966
0.5452380952380952,0.9838882921589689,0.05980190043165593
0.5455628350208458,0.9838882921589689,0.059939444003909284
0.5458879618593564,0.9838882921589689,0.06023175913398436
0.5462134764460346,0.9838882921589689,0.06056503538481352
0.5465393794749404,0.9838882921589689,0.06057138520522983
0.546865671641791,0.9838882921589689,0.0606305733583
0.5471923536439666,0.9838882921589689,0.060638934495684284
0.5475194261805141,0.9838882921589689,0.0610515873015873
0.5478468899521531,0.9838882921589689,0.061083960328713334
0.5481747456612807,0.9838882921589689,0.061174066853708166
0.548502994011976,0.9838882921589689,0.061209523809523804
0.548831635710006,0.9838882921589689,0.06179546032572015
0.5491606714628298,0.9838882921589689,0.06196666666666666
0.5494901019796041,0.9838882921589689,0.06292581202811923
0.5498199279711885,0.9838882921589689,0.0631480590547844
0.5501501501501501,0.9838882921589689,0.06351000374599046
0.5504807692307693,0.9838882921589689,0.0637577748999979
0.5508117859290439,0.9838882921589689,0.06390027823253548
0.5511432009626955,0.9838882921589689,0.06405522405774836
0.551475015051174,0.9838882921589689,0.06418775872275873
0.5518072289156627,0.9838882921589689,0.06457381426595733
0.5521398432790838,0.9838882921589689,0.06518214285714287
0.5524728588661038,0.9838882921589689,0.06563273990833891
0.5528062764031382,0.9838882921589689,0.06566808600755968
0.5531400966183575,0.9838882921589689,0.06592148932938405
0.5534743202416919,0.9838882921589689,0.06599441126954325
0.5538089480048367,0.9838882921589689,0.06636352155210525
0.5541439806412584,0.9838882921589689,0.06659076479076478
0.5544794188861986,0.9838882921589689,0.06672781795915231
0.5548152634766808,0.9838882921589689,0.0667671509363684
0.5551515151515152,0.9838882921589689,0.06740264340150111
0.5554881746513038,0.9838882921589689,0.06783116883116883
0.5558252427184466,0.9838882921589689,0.06802963875205253
0.5561627200971463,0.9838882921589689,0.06804918102162032
0.5565006075334143,0.9838882921589689,0.06893469657624993
0.556838905775076,0.9838882921589689,0.06893995349894952
0.5571776155717761,0.9838882921589689,0.06920229077289296
0.5575167376749848,0.9838882921589689,0.06966692048015789
0.5578562728380024,0.9838882921589689,0.06968023917404619
0.5581962218159658,0.9838882921589689,0.06969366682193545
0.5585365853658537,0.9838882921589689,0.07037178957579436
0.5586080586080586,0.9828141783029001,0.07054502982098887
0.5589492974954184,0.9828141783029001,0.0707497076023392
0.5592909535452323,0.9828141783029001,0.07086894024125337
0.5596330275229358,0.9828141783029001,0.07090009992885499
0.5593635250917993,0.9817400644468314,0.07156161278146868
0.5597060624617268,0.9817400644468314,0.07156505225977589
0.5600490196078431,0.9817400644468314,0.07184643701882103
0.5603923973022685,0.9817400644468314,0.07196032056878869
0.5607361963190184,0.9817400644468314,0.07249761904761906
0.5610804174340086,0.9817400644468314,0.07262338155773368
0.5614250614250614,0.9817400644468314,0.0728625258749135
0.5617701290719115,0.9817400644468314,0.07291984126984127
0.5621156211562116,0.9817400644468314,0.07297197196568771
0.5624615384615385,0.9817400644468314,0.07299356486769948
0.562807881773399,0.9817400644468314,0.07327356526342596
0.563154651879236,0.9817400644468314,0.07356240981240983
0.5635018495684341,0.9817400644468314,0.07359194139194139
0.5638494756323257,0.9817400644468314,0.07424661598564036
0.5641975308641975,0.9817400644468314,0.07582113342284023
0.5645460160592959,0.9817400644468314,0.07631723403249961
0.5648949320148331,0.9817400644468314,0.07651392936306473
0.5652442795299938,0.9817400644468314,0.0769025547430025
0.5655940594059405,0.9817400644468314,0.07691825396825394
0.5659442724458205,0.9817400644468314,0.0772285253908714
0.5662949194547707,0.9817400644468314,0.07753632053928057
0.5663771712158809,0.9806659505907627,0.07754025004307363
0.5667287399130975,0.9806659505907627,0.07774140304140305
0.5670807453416149,0.9806659505907627,0.07794955143855745
0.5674331883157241,0.9806659505907627,0.07799596620178059
0.5677860696517413,0.9806659505907627,0.07812285615750585
0.568139390168015,0.9806659505907627,0.07873745427701688
0.5684931506849316,0.9806659505907627,0.07884307483048165
0.5688473520249221,0.9806659505907627,0.07977344860565236
0.5692019950124688,0.9806659505907627,0.07990187978349834
0.569557080474111,0.9806659505907627,0.08018492063492061
0.5699126092384519,0.9806659505907627,0.08045056736583295
0.5709818636647905,0.9806659505907627,0.08056601328859965
0.5713391739674594,0.9806659505907627,0.08072624580479294
0.5716969317470256,0.9806659505907627,0.0811956506723475
0.5720551378446115,0.9806659505907627,0.08124307091947469
0.5724137931034483,0.9806659505907627,0.08144798808406023
0.5727728983688833,0.9806659505907627,0.08149862914862917
0.5731324544883867,0.9806659505907627,0.08173358484317886
0.5728643216080402,0.9795918367346939,0.08194887247600287
0.5732243871778756,0.9795918367346939,0.08246212379098837
0.5735849056603773,0.9795918367346939,0.08261421643605266
0.5739458779106357,0.9795918367346939,0.08267516834450818
0.5743073047858942,0.9795918367346939,0.08302583263757976
0.575031525851198,0.9795918367346939,0.0831442107999448
0.5753943217665615,0.9795918367346939,0.08337750320428622
0.5757575757575758,0.9795918367346939,0.08339364715967197
0.5754895767530006,0.9785177228786252,0.08374470529470535
0.5758533501896334,0.9785177228786252,0.08384064759515014
0.5762175838077166,0.9785177228786252,0.08392163139854716
0.5765822784810126,0.9785177228786252,0.08393247802271214
0.5769474350854972,0.9785177228786252,0.08400110229276891
0.5773130544993663,0.9785177228786252,0.08425520827549501
0.5776791376030438,0.9785177228786252,0.08440927356038908
0.5780456852791879,0.9785177228786252,0.08457777777777777
0.5784126984126984,0.9785177228786252,0.08465828051244681
0.5787801778907242,0.9785177228786252,0.08466392048955959
0.5791481246026701,0.9785177228786252,0.08486546635883685
0.5795165394402035,0.9785177228786252,0.0850722222222222
0.5798854232972629,0.9785177228786252,0.08529213214021393
0.5802547770700637,0.9785177228786252,0.08572352092352091
0.5806246016571064,0.9785177228786252,0.08583338529588504
0.5809948979591837,0.9785177228786252,0.0861328354239544
0.5807275047862157,0.9774436090225563,0.08622954079003654
0.5810983397190294,0.9774436090225563,0.0871639276998432
0.5814696485623003,0.9774436090225563,0.08743707006529072
0.5818414322250639,0.9774436090225563,0.0875438269239121
0.582213691618682,0.9774436090225563,0.08833768400142765
0.5825864276568502,0.9774436090225563,0.08857743429478995
0.5829596412556054,0.9774436090225563,0.08952880717332773
0.5833333333333334,0.9774436090225563,0.09030900269603193
0.5837075048107762,0.9774436090225563,0.09042198153401514
0.5840821566110398,0.9774436090225563,0.09075713671433486
0.5844572896596018,0.9774436090225563,0.0914547619047619
0.5848329048843187,0.9774436090225563,0.09149727221759892
0.5852090032154341,0.9774436090225563,0.09164981403572953
0.5855855855855856,0.9774436090225563,0.09167580001697652
0.5859626529298133,0.9774436090225563,0.09178974836871023
0.586340206185567,0.9774436090225563,0.09187026675294171
0.586073500967118,0.9763694951664876,0.09191653750915822
0.5864516129032258,0.9763694951664876,0.0924188061077745
0.5861846352485475,0.9752953813104189,0.09260952048858914
0.58656330749354,0.9752953813104189,0.09377488396445285
0.5862960568842922,0.9742212674543501,0.09382757666625578
0.5866752910737387,0.9742212674543501,0.09397370962370966
0.5870550161812298,0.9742212674543501,0.09469546820573722
0.5874352331606217,0.9742212674543501,0.09491404236072769
0.5878159429682437,0.9742212674543501,0.0953127818407064
0.5881971465629053,0.9742212674543501,0.09581975848262565
0.5885788449059053,0.9742212674543501,0.09601077099734798
0.5889610389610389,0.9742212674543501,0.09623530562030563
0.5893437296946069,0.9742212674543501,0.09629157509157511
0.5890767230169051,0.9731471535982814,0.09661452458220701
0.5894599869876382,0.9731471535982814,0.0970362193362193
0.58984375,0.9731471535982814,0.09739709248809406
0.5902280130293159,0.9731471535982814,0.09741035883488282
0.590612777053455,0.9731471535982814,0.09794240556828794
0.5909980430528375,0.9731471535982814,0.09842214208202353
0.5913838120104439,0.9731471535982814,0.09850324675324673
0.5917700849118224,0.9731471535982814,0.09869922299922303
0.592156862745098,0.9731471535982814,0.09880618698907893
0.5918901242642249,0.9720730397422127,0.09883437861842458
0.5922774869109948,0.9720730397422127,0.09884148629148631
0.5926653569089718,0.9720730397422127,0.09889113535500872
0.5930537352555701,0.9720730397422127,0.0989876956376956
0.5934426229508196,0.9720730397422127,0.0990115420069007
0.5931758530183727,0.9709989258861439,0.10039595513450289
0.5935653315824031,0.9709989258861439,0.10044098636657459
0.5939553219448095,0.9709989258861439,0.10056603058121796
0.5943458251150558,0.9709989258861439,0.1006950768186062
0.5947368421052631,0.9709989258861439,0.10083306295970984
0.5951283739302172,0.9709989258861439,0.10114983260637678
0.5955204216073782,0.9709989258861439,0.10131526973018885
0.5959129861568886,0.9709989258861439,0.10174055115050824
0.5963060686015831,0.9709989258861439,0.1019296756192761
0.5966996699669967,0.9709989258861439,0.10236577034256086
0.5970937912813739,0.9709989258861439,0.1026336910457963
0.5974884335756775,0.9709989258861439,0.10290390802838713
0.5978835978835979,0.9709989258861439,0.10303491529024489
0.5982792852415619,0.9709989258861439,0.10342148885154755
0.5986754966887418,0.9709989258861439,0.10447700632700631
0.5990722332670643,0.9709989258861439,0.10448548176038683
0.5994694960212201,0.9709989258861439,0.10461291759883312
0.5998672859986729,0.9709989258861439,0.1046810245310246
0.600265604249668,0.9709989258861439,0.10469388845665567
0.6006644518272425,0.9709989258861439,0.10494476733966507
0.601063829787234,0.9709989258861439,0.10516735514792874
0.6014637391882901,0.9709989258861439,0.10539115627254746
0.6018641810918774,0.9709989258861439,0.10564991559802886
0.6022651565622918,0.9709989258861439,0.10569648962148961
0.6026666666666667,0.9709989258861439,0.10610348550262012
0.6030687124749833,0.9709989258861439,0.10631857603299917
0.6034712950600801,0.9709989258861439,0.10655189355148192
0.603874415497662,0.9709989258861439,0.10682741702741703
0.6042780748663101,0.9709989258861439,0.10717051883398798
0.6046822742474917,0.9709989258861439,0.10729861770531693
0.6050870147255689,0.9709989258861439,0.10747165184735202
0.6054922973878097,0.9709989258861439,0.10765811546373731
0.6052278820375335,0.9699248120300752,0.10768311957599294
0.6056338028169014,0.9699248120300752,0.10799002719481912
0.6060402684563758,0.9699248120300752,0.10855359654063709
0.6064472800537274,0.9699248120300752,0.10884453879453879
0.6068548387096774,0.9699248120300752,0.108995579011709
0.6072629455279085,0.9699248120300752,0.10899954560853763
0.607671601615074,0.9699248120300752,0.11018729459138896
0.6080808080808081,0.9699248120300752,0.11121074481074487
0.6084905660377359,0.9699248120300752,0.11197135883440235
0.6089008766014835,0.9699248120300752,0.11203626858885002
0.6093117408906883,0.9699248120300752,0.112371955117768
0.6097231600270088,0.9699248120300752,0.11248676451313774
0.6101351351351352,0.9699248120300752,0.11259554592497206
0.6105476673427992,0.9699248120300752,0.11260182244185857
0.6109607577807848,0.9699248120300752,0.11277972602560843
0.6113744075829384,0.9699248120300752,0.11349922195955583
0.6117886178861789,0.9699248120300752,0.11374733975175154
0.6122033898305085,0.9699248120300752,0.11445003949374097
0.6126187245590231,0.9699248120300752,0.1148136570468311
0.6130346232179226,0.9699248120300752,0.11489206349206356
0.6134510869565217,0.9699248120300752,0.11528197932149155
0.6138681169272604,0.9699248120300752,0.11555242488743322
0.6142857142857143,0.9699248120300752,0.11592874382253363
0.6147038801906058,0.9699248120300752,0.11665146931973282
0.6151226158038147,0.9699248120300752,0.11682857142857142
0.6155419222903885,0.9699248120300752,0.11683413076973354
0.6159618008185539,0.9699248120300752,0.11687934811492781
0.616382252559727,0.9699248120300752,0.11707755211176252
0.6168032786885246,0.9699248120300752,0.1182577973333856
0.6172248803827751,0.9699248120300752,0.11845995115995116
0.6176470588235294,0.9699248120300752,0.11849101554921541
0.6180698151950719,0.9699248120300752,0.11869114774114778
0.6184931506849315,0.9699248120300752,0.11878843574229256
0.6189170664838931,0.9699248120300752,0.1188875122293603
0.6193415637860082,0.9699248120300752,0.11893110559081764
0.6197666437886067,0.9699248120300752,0.11960866515285369
0.6195054945054945,0.9688506981740065,0.12038678025686443
0.6199312714776632,0.9688506981740065,0.12073999012683227
0.6203576341127923,0.9688506981740065,0.12120800865800865
0.6207845836200964,0.9688506981740065,0.12140714285714287
0.6212121212121212,0.9688506981740065,0.12144743487409433
0.6216402481047554,0.9688506981740065,0.12214276348007001
0.6220689655172413,0.9688506981740065,0.1222893953343902
0.6224982746721878,0.9688506981740065,0.12294208869790914
0.6229281767955801,0.9688506981740065,0.1231780045351474
0.6233586731167934,0.9688506981740065,0.12321975772765249
0.623789764868603,0.9688506981740065,0.12365634682986183
0.6242214532871972,0.9688506981740065,0.12372115471492898
0.6246537396121884,0.9688506981740065,0.12390486735486737
0.625086625086625,0.9688506981740065,0.12423760571172633
0.6255201109570042,0.9688506981740065,0.12445209235209236
0.6259541984732825,0.9688506981740065,0.12468365239948999
0.6263888888888889,0.9688506981740065,0.12474808871053902
0.6268241834607367,0.9688506981740065,0.12526456013574436
0.627260083449235,0.9688506981740065,0.12580657815254712
0.627696590118302,0.9688506981740065,0.12626121099065113
0.628133704735376,0.9688506981740065,0.12629181096681102
0.6285714285714286,0.9688506981740065,0.12629395604395607
0.6290097629009763,0.9688506981740065,0.12641486339648092
0.6294487090020935,0.9688506981740065,0.1264508103008103
0.6298882681564246,0.9688506981740065,0.12721565083392872
0.6303284416491963,0.9688506981740065,0.1273198165959947
0.6307692307692307,0.9688506981740065,0.12860549649253702
0.6312106368089573,0.9688506981740065,0.12886076146076147
0.6316526610644257,0.9688506981740065,0.1291808466806151
0.6320953048353188,0.9688506981740065,0.12988191533362345
0.6325385694249649,0.9688506981740065,0.13002930131226823
0.6329824561403509,0.9688506981740065,0.13084550780280454
0.6327247191011236,0.9677765843179377,0.13156230075643044
0.6324666198172875,0.966702470461869,0.1328041847041847
0.6329113924050633,0.966702470461869,0.133154558083848
0.633356790992259,0.966702470461869,0.13435992799471055
0.6338028169014085,0.966702470461869,0.13441831000264892
0.6342494714587738,0.966702470461869,0.13499979530666822
0.6339915373765868,0.9656283566058003,0.13507852858233546
0.634438955539873,0.9656283566058003,0.13526561478373153
0.6348870056497176,0.9656283566058003,0.13571692457692563
0.6353356890459364,0.9656283566058003,0.13576104765109806
0.6357850070721358,0.9656283566058003,0.13652163564954098
0.6362349610757254,0.9656283566058003,0.13654704108899232
0.636685552407932,0.9656283566058003,0.13748540704356518
0.6371367824238129,0.9656283566058003,0.13757793776272031
0.6375886524822695,0.9656283566058003,0.1376641440402934
0.638041163946061,0.9656283566058003,0.13774517605501957
0.6377840909090909,0.9645542427497314,0.1381109556762894
0.6382373845060412,0.9645542427497314,0.13832756511566383
0.6386913229018493,0.9645542427497314,0.13861467004658312
0.6391459074733096,0.9645542427497314,0.13876289308115652
0.6396011396011396,0.9645542427497314,0.1404642396765857
0.6400570206699929,0.9645542427497314,0.14053158802384916
0.6398002853067047,0.9634801288936627,0.14077926489342826
0.6402569593147751,0.9634801288936627,0.1408409226165639
0.6407142857142857,0.9634801288936627,0.14122587957055405
0.6411722659042173,0.9634801288936627,0.1414601743932172
0.6416309012875536,0.9634801288936627,0.1417990617865053
0.6425501432664756,0.9634801288936627,0.1421815903394851
0.6430107526881721,0.9634801288936627,0.1427559810973471
0.6434720229555236,0.9634801288936627,0.1428937245848621
0.6439339554917445,0.9634801288936627,0.1431531274281275
0.6443965517241379,0.9634801288936627,0.1432388563552402
0.6448598130841121,0.9634801288936627,0.14330032162886905
0.6453237410071943,0.9634801288936627,0.14375702094840032
0.6457883369330454,0.9634801288936627,0.14389935546105775
0.6462536023054755,0.9634801288936627,0.14436003932078378
0.6467195385724586,0.9634801288936627,0.14710650092335803
0.6471861471861472,0.9634801288936627,0.14721075919018758
0.6469314079422382,0.9624060150375939,0.14738186705651163
0.6466763005780347,0.9613319011815252,0.14756731520546182
0.6471438900939985,0.9613319011815252,0.14767892673910837
0.6476121562952243,0.9613319011815252,0.14783571428571424
0.6480811006517017,0.9613319011815252,0.14788931275652772
0.6485507246376812,0.9613319011815252,0.14886735347088761
0.6490210297316896,0.9613319011815252,0.1489822224963265
0.6494920174165457,0.9613319011815252,0.1493708343657763
0.6499636891793754,0.9613319011815252,0.1498563457206895
0.6504360465116279,0.9613319011815252,0.1500121212121213
0.6509090909090909,0.9613319011815252,0.1500812206261308
0.6513828238719068,0.9613319011815252,0.15021249549871657
0.6518572469045885,0.9613319011815252,0.15032183488554457
0.652332361516035,0.9613319011815252,0.15233863517689886
0.6528081692195478,0.9613319011815252,0.1544872818862513
0.6525547445255474,0.9602577873254565,0.15480185163710636
0.6523009495982469,0.9591836734693877,0.1549203555703556
0.6527777777777778,0.9591836734693877,0.1550423672753942
0.6532553035844916,0.9591836734693877,0.15532345011846094
0.6537335285505125,0.9591836734693877,0.15567507215007215
0.6542124542124542,0.9591836734693877,0.15671306949922156
0.6544387380777696,0.958109559613319,0.15756615950054137
0.6549192364170338,0.958109559613319,0.1576339041016362
0.6546656869948567,0.9570354457572503,0.1578492372515115
0.6544117647058824,0.9559613319011815,0.1582741171109593
0.6548933038999264,0.9559613319011815,0.1586478590195072
0.6553755522827688,0.9559613319011815,0.15974236283810764
0.6558585114222549,0.9559613319011815,0.15984259351759358
0.6563421828908554,0.9559613319011815,0.15992900229950135
0.6568265682656826,0.9559613319011815,0.16006098797779986
0.6573116691285081,0.9559613319011815,0.16031688311688316
0.6577974870657798,0.9559613319011815,0.1605769059284156
0.658284023668639,0.9559613319011815,0.16096623376623373
0.6587712805329385,0.9559613319011815,0.16121986715399622
0.6592592592592592,0.9559613319011815,0.16190677532744513
0.6597479614529281,0.9559613319011815,0.16313600580759974
0.6602373887240356,0.9559613319011815,0.16348255910755927
0.6607275426874536,0.9559613319011815,0.16377777777777772
0.6612184249628529,0.9559613319011815,0.16393516228353686
0.6617100371747212,0.9559613319011815,0.1639674825174825
0.6622023809523809,0.9559613319011815,0.16506429469978195
0.6626954579300074,0.9559613319011815,0.16519682539682543
0.6631892697466468,0.9559613319011815,0.16552812494165162
0.662938105891126,0.9548872180451128,0.16597679141825078
0.6634328358208955,0.9548872180451128,0.16606079462218978
0.6631814787154593,0.9538131041890441,0.1662925351924368
0.6636771300448431,0.9538131041890441,0.16641674004978282
0.6641735228122663,0.9538131041890441,0.16663102146125056
0.6646706586826348,0.9538131041890441,0.16734530717553625
0.6651685393258427,0.9538131041890441,0.16734908309257907
0.6656671664167916,0.9538131041890441,0.16736001154321176
0.6661665416354089,0.9538131041890441,0.1681225440693379
0.6666666666666666,0.9538131041890441,0.1681985124097946
0.667167543200601,0.9538131041890441,0.16841733543126666
0.6676691729323309,0.9538131041890441,0.168582805758804
0.6681715575620768,0.9538131041890441,0.16887287157287145
0.6686746987951807,0.9538131041890441,0.17056500865937319
0.6684250188394876,0.9527389903329753,0.17065932540846965
0.6681749622926093,0.9516648764769066,0.1720048562548563
0.6686792452830189,0.9516648764769066,0.17226825764803663
0.6691842900302115,0.9516648764769066,0.17281038511601524
0.6689342403628118,0.9505907626208379,0.1729207977064902
0.6694402420574886,0.9505907626208379,0.17322344322344327
0.6699470098410295,0.9505907626208379,0.17325216313189246
0.6704545454545454,0.9505907626208379,0.17350607725607728
0.6709628506444276,0.9505907626208379,0.17357132209895362
0.6714719271623673,0.9505907626208379,0.17448006724458337
0.6712224753227031,0.949516648764769,0.17450698973826945
0.6717325227963525,0.949516648764769,0.17455233601349993
0.6722433460076046,0.949516648764769,0.17463800513382727
0.6719939117199392,0.9484425349087003,0.17498637640580203
0.6725057121096725,0.9484425349087003,0.1755202108719641
0.6730182926829268,0.9484425349087003,0.17611931360273153
0.6735316552250191,0.9484425349087003,0.1766646805592306
0.6732824427480916,0.9473684210526315,0.17725675257584522
0.6730328495034378,0.9462943071965628,0.17806335577919316
0.6735474006116208,0.9462943071965628,0.1786445507107271
0.6740627390971691,0.9462943071965628,0.17896129476765762
0.6745788667687596,0.9462943071965628,0.18028006702639288
0.6743295019157088,0.9452201933404941,0.18028977281172034
0.6748466257668712,0.9452201933404941,0.18204523809523807
0.6753645433614736,0.9452201933404941,0.18233929742127958
0.6758832565284179,0.9452201933404941,0.18286185585101888
0.6756341275941583,0.9441460794844253,0.18312448006457838
0.6761538461538461,0.9441460794844253,0.18331882630887214
0.6766743648960739,0.9441460794844253,0.18552862838915474
0.6771956856702619,0.9441460794844253,0.1856242233149318
0.6777178103315343,0.9441460794844253,0.18565006374293713
0.6774691358024691,0.9430719656283566,0.18586896460806668
0.677992277992278,0.9430719656283566,0.18590090235507697
0.6777434312210201,0.9419978517722879,0.1862014240132065
0.6782675947409126,0.9419978517722879,0.1865854581150513
0.6787925696594427,0.9419978517722879,0.18670063640063642
0.6793183578621224,0.9419978517722879,0.18678833719033167
0.6798449612403101,0.9419978517722879,0.1880684999640882
0.6803723816912335,0.9419978517722879,0.18956741859676535
0.6809006211180124,0.9419978517722879,0.18985844505323313
0.6806526806526807,0.9409237379162191,0.1903162834756758
0.6811819595645412,0.9409237379162191,0.19044922292783742
0.6817120622568094,0.9409237379162191,0.19103149427531713
0.6822429906542056,0.9409237379162191,0.1910499175978283
0.6827747466874513,0.9409237379162191,0.1911459902498804
0.6833073322932918,0.9409237379162191,0.1911600134530557
0.6830601092896175,0.9398496240601504,0.19176857676475917
0.6828125,0.9387755102040817,0.1932321107967752
0.6833463643471462,0.9387755102040817,0.1937242131599683
0.6838810641627543,0.9387755102040817,0.19419921828702252
0.6844166014095536,0.9387755102040817,0.19467441359809765
0.6849529780564263,0.9387755102040817,0.19516188433755274
0.6847058823529412,0.9377013963480129,0.19612974912955855
0.6844583987441131,0.9366272824919442,0.1965824644150041
0.6842105263157895,0.9355531686358755,0.19658288364595208
0.684748427672956,0.9355531686358755,0.19658840978402353
0.6852871754523997,0.9355531686358755,0.19733291737896017
0.6858267716535433,0.9355531686358755,0.19768154618203698
0.6863672182821119,0.9355531686358755,0.1978980452721659
0.6869085173501577,0.9355531686358755,0.1992486167266459
0.6874506708760852,0.9355531686358755,0.20080750106513165
0.6879936808846762,0.9355531686358755,0.20095682568359924
0.6885375494071146,0.9355531686358755,0.2012155990584262
0.6890822784810127,0.9355531686358755,0.20238815029036142
0.6896278701504355,0.9355531686358755,0.20242924225532913
0.6901743264659271,0.9355531686358755,0.20245788714839802
0.6907216494845361,0.9355531686358755,0.20296957625879467
0.6912698412698413,0.9355531686358755,0.2039906418273389
0.6918189038919778,0.9355531686358755,0.20427711395315556
0.6923688394276629,0.9355531686358755,0.20501552891552893
0.6929196499602227,0.9355531686358755,0.2052400441348319
0.6926751592356688,0.9344790547798066,0.20526560554165474
0.6932270916334662,0.9344790547798066,0.20545475145769265
0.69377990430622,0.9344790547798066,0.20575221596391677
0.6943335993615323,0.9344790547798066,0.2060840858405875
0.694888178913738,0.9344790547798066,0.20716728826728828
0.6946442845723422,0.9334049409237379,0.2074690301145074
0.6952,0.9334049409237379,0.20821805489857564
0.6957566052842273,0.9334049409237379,0.20999682539682532
0.6955128205128205,0.9323308270676691,0.21070607170607172
0.6960705693664796,0.9323308270676691,0.21099854028683657
0.6966292134831461,0.9323308270676691,0.21100982437367433
0.6971887550200804,0.9323308270676691,0.21209501797164101
0.6977491961414791,0.9323308270676691,0.21291024428787583
0.6983105390185036,0.9323308270676691,0.21303425989215463
0.6988727858293076,0.9323308270676691,0.21339870129870125
0.6994359387590653,0.9323308270676691,0.2139247557804484
0.6991935483870968,0.9312567132116004,0.21405289987789994
0.6997578692493946,0.9312567132116004,0.21483377056450878
0.7003231017770598,0.9312567132116004,0.21483983402597465
0.7000808407437349,0.9301825993555317,0.2150393075108691
0.7006472491909385,0.9301825993555317,0.21504200144366603
0.7012145748987855,0.9301825993555317,0.21504397527807284
0.7017828200972447,0.9301825993555317,0.21536628908252745
0.7023519870235199,0.9301825993555317,0.2157820423129151
0.7021103896103896,0.9291084854994629,0.21584946801564456
0.7026807473598701,0.9291084854994629,0.21590367965367968
0.7032520325203252,0.9291084854994629,0.2175298720640552
0.7038242473555736,0.9291084854994629,0.21761272773858578
0.7035830618892508,0.9280343716433942,0.2182840130394601
0.7041564792176039,0.9280343716433942,0.2184050857555385
0.7047308319738989,0.9280343716433942,0.21949353925233764
0.7053061224489796,0.9280343716433942,0.2200111509344419
0.7050653594771242,0.9269602577873255,0.22027675909353228
0.705641864268193,0.9269602577873255,0.22080997043891779
0.7062193126022913,0.9269602577873255,0.22139933628463035
0.7067977067977068,0.9269602577873255,0.22250554300224204
0.7073770491803278,0.9269602577873255,0.22309931565111701
0.7079573420836751,0.9269602577873255,0.2238501886421435
0.7077175697865353,0.9258861439312567,0.22429074272027646
0.7082990961380444,0.9258861439312567,0.22440362532213806
0.7080592105263158,0.924812030075188,0.2256052369968784
0.7086419753086419,0.924812030075188,0.22566856285673423
0.7084019769357496,0.9237379162191193,0.22602268476652662
0.708161582852432,0.9226638023630505,0.22622315213703464
0.7087458745874587,0.9226638023630505,0.22654786177866015
0.708505367464905,0.9215896885069818,0.22779495304401207
0.7082644628099174,0.920515574650913,0.22814125844915323
0.7088502894954508,0.920515574650913,0.2293594797472608
0.7086092715231788,0.9194414607948442,0.22968589743589746
0.7091963545981773,0.9194414607948442,0.2310464991716486
0.7097844112769486,0.9194414607948442,0.23127310712679344
0.7095435684647303,0.9183673469387755,0.2319288620652007
0.7101328903654485,0.9183673469387755,0.23336964852579883
0.7098919368246052,0.9172932330827067,0.23342708210030183
0.7104825291181365,0.9172932330827067,0.23424273384428562
0.7110741049125728,0.9172932330827067,0.23476903622693107
0.7116666666666667,0.9172932330827067,0.23546376111480077
0.7114261884904087,0.916219119226638,0.23592508408978732
0.7111853088480802,0.9151450053705693,0.2372333383674709
0.7117794486215538,0.9151450053705693,0.2378962068097735
0.7115384615384616,0.9140708915145005,0.23799550439038333
0.7121338912133891,0.9140708915145005,0.23815280073759573
0.7127303182579564,0.9140708915145005,0.23837484649969232
0.7133277451802179,0.9140708915145005,0.2388457903207903
0.7139261744966443,0.9140708915145005,0.23927948202744587
0.7145256087321579,0.9140708915145005,0.23984322759686227
0.7142857142857143,0.9129967776584318,0.24021391216793994
0.7148864592094197,0.9129967776584318,0.24071072346287298
0.7154882154882155,0.9129967776584318,0.2413393218084145
0.7160909856781803,0.9129967776584318,0.24144882158366998
0.7166947723440135,0.9129967776584318,0.24246963150330664
0.7172995780590717,0.9129967776584318,0.24298261550889624
0.7170608108108109,0.9119226638023631,0.24334435261181198
0.716821639898563,0.9108485499462943,0.2443515614648892
0.7174280879864636,0.9108485499462943,0.24440038567061978
0.7180355630821338,0.9108485499462943,0.24521467138490552
0.7177966101694915,0.9097744360902256,0.24527555559908512
0.7184054283290925,0.9097744360902256,0.24623240665036952
0.7190152801358234,0.9097744360902256,0.24641040102269882
0.719626168224299,0.9097744360902256,0.24646071615717313
0.7202380952380952,0.9097744360902256,0.24669603975325977
0.72,0.9087003222341569,0.24713010924366477
0.7212276214833759,0.9087003222341569,0.24910473415473416
0.7218430034129693,0.9087003222341569,0.24911538382810464
0.7224594363791631,0.9087003222341569,0.24997719250653389
0.7230769230769231,0.9087003222341569,0.2506436143486975
0.7236954662104362,0.9087003222341569,0.2512441697191698
0.7243150684931506,0.9087003222341569,0.25127836607836596
0.7249357326478149,0.9087003222341569,0.2516731363528495
0.725557461406518,0.9087003222341569,0.2519972689278168
0.7253218884120172,0.907626208378088,0.25215449510974236
0.7259450171821306,0.907626208378088,0.25275351652120237
0.7265692175408427,0.907626208378088,0.2532124947751807
0.7271944922547332,0.907626208378088,0.25359072163716284
0.7278208440999139,0.907626208378088,0.2547502415911505
0.728448275862069,0.907626208378088,0.25507648179825293
0.729076790336497,0.907626208378088,0.25518171478300183
0.729706390328152,0.907626208378088,0.2566566624895572
0.7303370786516854,0.907626208378088,0.2584049842260116
0.7301038062283737,0.9065520945220193,0.2589966685361421
0.7307359307359307,0.9065520945220193,0.25938095665372585
0.7313691507798961,0.9065520945220193,0.2597540872726619
0.7320034692107545,0.9065520945220193,0.25987224442224444
0.7326388888888888,0.9065520945220193,0.2599915505736345
0.7324066029539531,0.9054779806659506,0.26013374148881757
0.7321739130434782,0.9044038668098818,0.26119283500317914
0.7328111401218451,0.9044038668098818,0.2614657831161249
0.7334494773519163,0.9044038668098818,0.26207772769380544
0.7340889276373147,0.9044038668098818,0.2622106162843005
0.7338568935427574,0.9033297529538131,0.2651538454946923
0.7344978165938865,0.9033297529538131,0.2676515236801162
0.7351398601398601,0.9033297529538131,0.2679821291735087
0.7349081364829396,0.9022556390977443,0.26878981494030757
0.7355516637478109,0.9022556390977443,0.2692720752935513
0.7361963190184049,0.9022556390977443,0.26955826909773883
0.7368421052631579,0.9022556390977443,0.26968942147901187
0.7366110623353819,0.9011815252416756,0.26984132389207033
0.7372583479789103,0.9011815252416756,0.27011526524977725
0.7379067722075637,0.9011815252416756,0.27213932821409825
0.738556338028169,0.9011815252416756,0.2730490032037755
0.7383259911894273,0.9001074113856069,0.273325361890593
0.7389770723104057,0.9001074113856069,0.27379126984126995
0.7387466902030009,0.8990332975295381,0.27379140989362727
0.7393992932862191,0.8990332975295381,0.276055362717188
0.7391688770999116,0.8979591836734694,0.2767498736031781
0.7389380530973452,0.8968850698174007,0.27700555439934427
0.7395925597874224,0.8968850698174007,0.2770856032856033
0.7402482269503546,0.8968850698174007,0.2784887538553548
0.7409050576752441,0.8968850698174007,0.2785005341340741
0.7415630550621669,0.8968850698174007,0.2794113442113442
0.7422222222222222,0.8968850698174007,0.2804048302238807
0.7428825622775801,0.8968850698174007,0.2805587270217706
0.7435440783615316,0.8968850698174007,0.28125386792945606
0.7433155080213903,0.8958109559613319,0.2815314532581441
0.7430865298840321,0.8947368421052632,0.28194145462383496
0.74375,0.8947368421052632,0.2821650805897826
0.7444146559428061,0.8947368421052632,0.28239201153029253
0.7450805008944544,0.8947368421052632,0.2823921007130451
0.7448522829006267,0.8936627282491945,0.28257978794679056
0.7446236559139785,0.8925886143931256,0.28352197802197804
0.7452914798206278,0.8925886143931256,0.28460727577354034
0.7450628366247756,0.8915145005370569,0.2856417433141572
0.7457322551662174,0.8915145005370569,0.2858402763081497
0.7455035971223022,0.8904403866809882,0.2862851603408855
0.7461746174617462,0.8904403866809882,0.2869615128200281
0.7468468468468469,0.8904403866809882,0.2875860302269784
0.7475202885482417,0.8904403866809882,0.2881701954011097
0.7481949458483754,0.8904403866809882,0.2886248355887678
0.7488708220415538,0.8904403866809882,0.2887278229939997
0.7495479204339964,0.8904403866809882,0.2890825458973686
0.7502262443438914,0.8904403866809882,0.28992317965334224
0.75,0.8893662728249194,0.2901523810582634
0.7502270663033606,0.8872180451127819,0.29062473504085057
0.75,0.8861439312567132,0.2912184936742189
0.7506824385805277,0.8861439312567132,0.2912455026455027
0.7504553734061931,0.8850698174006445,0.2916662571761782
0.7511394712853237,0.8850698174006445,0.29191243145743134
0.7518248175182481,0.8850698174006445,0.2928574041240805
0.7525114155251141,0.8850698174006445,0.29311478739533653
0.753199268738574,0.8850698174006445,0.2937533427571652
0.7538883806038427,0.8850698174006445,0.293990325808094
0.7552703941338221,0.8850698174006445,0.294381519903694
0.7559633027522936,0.8850698174006445,0.2951495834231127
0.7566574839302111,0.8850698174006445,0.29556696647072517
0.7573529411764706,0.8850698174006445,0.29641465065112754
0.7580496780128795,0.8850698174006445,0.2973747140925876
0.7578268876611418,0.8839957035445757,0.29820097085221453
0.7585253456221198,0.8839957035445757,0.3003689647517235
0.7592250922509225,0.8839957035445757,0.30052035883262257
0.7599261311172668,0.8839957035445757,0.30614684494664457
0.7606284658040665,0.8839957035445757,0.30638603631733796
0.7604070305272895,0.882921589688507,0.3066492231887354
0.7601851851851852,0.8818474758324383,0.31025982571304195
0.7608897126969416,0.8818474758324383,0.310631513822907
0.7606679035250464,0.8807733619763695,0.3108678078828744
0.7604456824512534,0.8796992481203008,0.3116554026654157
0.7602230483271375,0.878625134264232,0.3120231490731491
0.76,0.8775510204081632,0.3123896942852951
0.7607076350093109,0.8775510204081632,0.3124834877572539
0.7604846225535881,0.8764769065520945,0.31279115592010326
0.7602611940298507,0.8754027926960258,0.31417006741108927
0.7609710550887021,0.8754027926960258,0.31429710532394656
0.7616822429906542,0.8754027926960258,0.31478954047012886
0.7623947614593077,0.8754027926960258,0.3152158859597398
0.7621722846441947,0.874328678839957,0.3159343202119518
0.7619493908153702,0.8732545649838883,0.3166635739045958
0.7626641651031895,0.8732545649838883,0.31673654736416457
0.7633802816901408,0.8732545649838883,0.31714515412610716
0.7640977443609023,0.8732545649838883,0.31746892480826866
0.7648165569143932,0.8732545649838883,0.31882592954380284
0.7655367231638418,0.8732545649838883,0.31996399172966333
0.7662582469368521,0.8732545649838883,0.32115472760700997
0.7669811320754717,0.8732545649838883,0.3222864646095592
0.7677053824362606,0.8732545649838883,0.32482648622555055
0.7684310018903592,0.8732545649838883,0.3249199365150977
0.7691579943235572,0.8732545649838883,0.3249438174784456
0.7689393939393939,0.8721804511278195,0.3263141968933554
0.7696682464454976,0.8721804511278195,0.3263230478845178
0.7703984819734345,0.8721804511278195,0.32736127255931663
0.7711301044634378,0.8721804511278195,0.3279378901593567
0.7718631178707225,0.8721804511278195,0.32864057587412443
0.7725975261655567,0.8721804511278195,0.3287413001991317
0.7733333333333333,0.8721804511278195,0.3288081066235049
0.7740705433746425,0.8721804511278195,0.3295518301272713
0.773854961832061,0.8711063372717508,0.3297670291231665
0.7745940783190067,0.8711063372717508,0.32992662488458874
0.7753346080305927,0.8711063372717508,0.33002118680975284
0.7751196172248804,0.8700322234156821,0.3304823326044732
0.7758620689655172,0.8700322234156821,0.3319909774057126
0.775647171620326,0.8689581095596133,0.332737971600774
0.7763915547024952,0.8689581095596133,0.33383749997432965
0.7761767531219981,0.8678839957035446,0.33479898030027855
0.7759615384615385,0.8668098818474759,0.3360896985604975
0.7767083734359962,0.8668098818474759,0.33698651981939876
0.7764932562620424,0.8657357679914071,0.3374626761321024
0.7772420443587271,0.8657357679914071,0.33751965019316527
0.777992277992278,0.8657357679914071,0.33825352853109114
0.778743961352657,0.8657357679914071,0.3389928571428573
0.7785299806576402,0.8646616541353384,0.3396277777777778
0.7792836398838335,0.8646616541353384,0.34163429448512395
0.7800387596899225,0.8646616541353384,0.34254599867755553
0.7807953443258971,0.8646616541353384,0.3431599565174914
0.7805825242718447,0.8635875402792696,0.3437189300439067
0.7803692905733722,0.8625134264232008,0.34376543060275316
0.7811284046692607,0.8625134264232008,0.3438746657187045
0.7818889970788705,0.8625134264232008,0.34437651021840093
0.7816764132553606,0.8614393125671321,0.3448888500784575
0.7824390243902439,0.8614393125671321,0.34539117494824
0.783203125,0.8614393125671321,0.3462247446997446
0.7839687194525904,0.8614393125671321,0.3464388042382312
0.7847358121330724,0.8614393125671321,0.34875441350533637
0.7855044074436827,0.8614393125671321,0.34968950077742894
0.7852941176470588,0.8603651987110634,0.350043754916567
0.7860647693817469,0.8603651987110634,0.35059739771389914
0.7868369351669942,0.8603651987110634,0.35326774739127675
0.7874015748031497,0.8592910848549946,0.3535072393869896
0.7881773399014779,0.8592910848549946,0.3552019377019284
0.7889546351084813,0.8592910848549946,0.35607011438853553
0.788746298124383,0.8582169709989259,0.3579681454473141
0.7885375494071146,0.8571428571428571,0.36103274849660894
0.7893175074183977,0.8571428571428571,0.3614373579621276
0.7900990099009901,0.8571428571428571,0.36165119107551663
0.7898909811694748,0.8560687432867884,0.36488709462292723
0.7906746031746031,0.8560687432867884,0.3668436264978886
0.791459781529295,0.8560687432867884,0.3687827178593123
0.7912524850894632,0.8549946294307197,0.36892555026672674
0.7920398009950249,0.8549946294307197,0.3698416524359832
0.7928286852589641,0.8549946294307197,0.3703890322934452
0.7936191425722832,0.8549946294307197,0.3710387331783288
0.7944111776447106,0.8549946294307197,0.3735217977058982
0.7952047952047953,0.8549946294307197,0.37483050099580434
0.795,0.8539205155746509,0.3756538239538242
0.7957957957957958,0.8539205155746509,0.3773919098319875
0.7965931863727455,0.8539205155746509,0.3786356865356865
0.7973921765295887,0.8539205155746509,0.3796479242979242
0.7979899497487437,0.8528464017185822,0.38232911490825666
0.7977867203219315,0.8517722878625135,0.38368103890062816
0.798590130916415,0.8517722878625135,0.3842738109230704
0.7983870967741935,0.8506981740064447,0.3858349841426976
0.7991927346115035,0.8506981740064447,0.38731733648813893
0.8,0.8506981740064447,0.38806700696963864
0.7997977755308392,0.849624060150376,0.39320667264657955
0.8006072874493927,0.849624060150376,0.39323300274179523
0.8012170385395537,0.8485499462943072,0.3947042153964737
0.8020304568527918,0.8485499462943072,0.395406240454632
0.8028455284552846,0.8485499462943072,0.39544687766907893
0.8036622583926755,0.8485499462943072,0.3955681211459093
0.8044806517311609,0.8485499462943072,0.39603539879914745
0.8042813455657493,0.8474758324382384,0.3963930925068897
0.8040816326530612,0.8464017185821697,0.3978467177675339
0.8038815117466803,0.8453276047261009,0.3980276597875129
0.803680981595092,0.8442534908700322,0.39817015710296666
0.8034800409416581,0.8431793770139635,0.39833945117956926
0.8043032786885246,0.8431793770139635,0.39877282834866756
0.8051282051282052,0.8431793770139635,0.398939731467363
0.8049281314168378,0.8421052631578947,0.3993836476070192
0.8057553956834532,0.8421052631578947,0.3996577800867077
0.8055555555555556,0.841031149301826,0.40141819116599936
0.8063851699279093,0.841031149301826,0.40147106994239784
0.8072164948453608,0.841031149301826,0.4018619047619049
0.8070175438596491,0.8399570354457573,0.40319742540236075
0.8078512396694215,0.8399570354457573,0.40389252136752135
0.8086866597724922,0.8399570354457573,0.40411521811521806
0.8084886128364389,0.8388829215896885,0.4044907420735454
0.8093264248704664,0.8388829215896885,0.4049357623933006
0.8091286307053942,0.8378088077336198,0.4053721750471748
0.8099688473520249,0.8378088077336198,0.4058447858612218
0.8108108108108109,0.8378088077336198,0.4064573593073596
0.8116545265348595,0.8378088077336198,0.40663685497599067
0.8125,0.8378088077336198,0.40668799645290327
0.8123044838373306,0.8367346938775511,0.4068028470533249
0.8131524008350731,0.8367346938775511,0.4078236124574139
0.8140020898641588,0.8367346938775511,0.40816618629908086
0.8148535564853556,0.8367346938775511,0.40841348426621926
0.8157068062827225,0.8367346938775511,0.4089239922336489
0.8165618448637316,0.8367346938775511,0.40958950978672326
0.8163693599160545,0.8356605800214822,0.4101566930340356
0.8172268907563025,0.8356605800214822,0.4103161150724578
0.8180862250262881,0.8356605800214822,0.41100197638618696
0.8178947368421052,0.8345864661654135,0.4110432660998473
0.8187565858798735,0.8345864661654135,0.411043968620708
0.819620253164557,0.8345864661654135,0.4124662337662338
0.8194297782470961,0.8335123523093448,0.4130220846233229
0.8192389006342494,0.832438238453276,0.4137150624646958
0.8201058201058201,0.832438238453276,0.41417434402699677
0.8209745762711864,0.832438238453276,0.41504447320642385
0.8207847295864263,0.8313641245972073,0.4161253265643582
0.8205944798301487,0.8302900107411385,0.4177705519064509
0.8214665249734325,0.8302900107411385,0.41883476462535274
0.8212765957446808,0.8292158968850698,0.41888822869278797
0.8221512247071352,0.8292158968850698,0.4193590491806366
0.8230277185501066,0.8292158968850698,0.41940169494822027
0.823906083244397,0.8292158968850698,0.42120868298368297
0.8247863247863247,0.8292158968850698,0.42484149492804163
0.8245989304812834,0.8281417830290011,0.42747728078077274
0.8254817987152034,0.8281417830290011,0.4284910325192522
0.8263665594855305,0.8281417830290011,0.4302490636884104
0.8259935553168636,0.8259935553168636,0.4306687158263309
0.8258064516129032,0.8249194414607949,0.43175048499764673
0.8256189451022605,0.8238453276047261,0.4339112387612384
0.8265086206896551,0.8238453276047261,0.4339489590978563
0.8274002157497303,0.8238453276047261,0.43432619550405854
0.8272138228941684,0.8227712137486574,0.4346072201204075
0.8281081081081081,0.8227712137486574,0.4364165884567231
0.829004329004329,0.8227712137486574,0.4373953810331428
0.8299024918743229,0.8227712137486574,0.43795014127121784
0.8308026030368764,0.8227712137486574,0.4380607623945704
0.8317046688382194,0.8227712137486574,0.43828633358169833
0.8326086956521739,0.8227712137486574,0.4387730069225843
0.8335146898803046,0.8227712137486574,0.4392014315363172
0.8344226579520697,0.8227712137486574,0.44218200215244785
0.8342420937840785,0.8216970998925887,0.44257258664116883
0.8351528384279476,0.8216970998925887,0.44330855736529684
0.8360655737704918,0.8216970998925887,0.44355267090003786
0.8358862144420132,0.8206229860365198,0.4439464588564836
0.836801752464403,0.8206229860365198,0.4466904949798989
0.8366228070175439,0.8195488721804511,0.44740507923890943
0.8364434687156971,0.8184747583243824,0.4476975624499926
0.8362637362637363,0.8174006444683136,0.44769797045038834
0.8360836083608361,0.8163265306122449,0.44888338658253607
0.8359030837004405,0.8152524167561761,0.45097698458258945
0.8357221609702316,0.8141783029001074,0.45126459493842036
0.8366445916114791,0.8141783029001074,0.451470978865193
0.8364640883977901,0.8131041890440387,0.4515458354242798
0.8373893805309734,0.8131041890440387,0.45469419068176964
0.8372093023255814,0.8120300751879699,0.45753176750628877
0.8381374722838137,0.8120300751879699,0.45838778502199556
0.8390677025527192,0.8120300751879699,0.4584002145444917
0.8388888888888889,0.8109559613319012,0.4596018326686643
0.8398220244716351,0.8109559613319012,0.45998666178229447
0.8407572383073497,0.8109559613319012,0.46148710014509686
0.8405797101449275,0.8098818474758325,0.46273374389850025
0.8415178571428571,0.8098818474758325,0.46338856248246935
0.841340782122905,0.8088077336197637,0.4645116184692133
0.8411633109619687,0.807733619763695,0.46466399910435047
0.8421052631578947,0.807733619763695,0.4657610644228538
0.8419282511210763,0.8066595059076263,0.4657949861784027
0.8417508417508418,0.8055853920515574,0.46642822110207083
0.8426966292134831,0.8055853920515574,0.4718083910816747
0.84251968503937,0.8045112781954887,0.4725721695377663
0.8434684684684685,0.8045112781954887,0.4730528999623905
0.8432919954904171,0.80343716433942,0.4737223582752225
0.8431151241534989,0.8023630504833512,0.4743463764053933
0.8440677966101695,0.8023630504833512,0.4754682164829593
0.8450226244343891,0.8023630504833512,0.47555689841751697
0.8448471121177803,0.8012889366272825,0.47630785594902725
0.844671201814059,0.8002148227712137,0.4767220139788508
0.8456299659477866,0.8002148227712137,0.4807371024755875
0.8465909090909091,0.8002148227712137,0.48079629397670953
0.8464163822525598,0.799140708915145,0.4818949141603091
0.8473804100227791,0.799140708915145,0.4821222129483383
0.8483466362599772,0.799140708915145,0.4828660089871095
0.8481735159817352,0.7980665950590763,0.48356739202626237
0.848,0.7969924812030075,0.4855117044487788
0.8489702517162472,0.7969924812030075,0.48641612689883384
0.8487972508591065,0.7959183673469388,0.4867381427189942
0.8497706422018348,0.7959183673469388,0.4879559854235653
0.8495981630309989,0.7948442534908701,0.4887670995670995
0.8505747126436781,0.7948442534908701,0.48881094452775575
0.8504027617951668,0.7937701396348013,0.48882039814908596
0.8513824884792627,0.7937701396348013,0.48897540822250324
0.8512110726643599,0.7926960257787325,0.48960202456506974
0.851039260969977,0.7916219119226638,0.48985052933542717
0.8520231213872832,0.7916219119226638,0.49018204728061027
0.8518518518518519,0.790547798066595,0.49192221024775634
0.8516801853997682,0.7894736842105263,0.4919496894150182
0.851508120649652,0.7883995703544576,0.4920185579034684
0.851335656213705,0.7873254564983888,0.49206566689628156
0.8523255813953489,0.7873254564983888,0.492837256055912
0.8521536670547147,0.7862513426423201,0.49362362983511465
0.8531468531468531,0.7862513426423201,0.4947206382457533
0.8541423570595099,0.7862513426423201,0.4949658507856291
0.8539719626168224,0.7851772287862513,0.49548801574842516
0.8549707602339182,0.7851772287862513,0.4965150187756052
0.8548009367681498,0.7841031149301826,0.4967093902984549
0.8558030480656507,0.7841031149301826,0.49744891520206636
0.8556338028169014,0.7830290010741139,0.49830250914761237
0.8566392479435958,0.7830290010741139,0.49927835497835504
0.8576470588235294,0.7830290010741139,0.5004080212283667
0.8574793875147232,0.7819548872180451,0.5015670588897956
0.8573113207547169,0.7808807733619764,0.5018514521943406
0.8583234946871311,0.7808807733619764,0.5029149736668669
0.859338061465721,0.7808807733619764,0.503691165853839
0.8603550295857988,0.7808807733619764,0.5046890268605526
0.8613744075829384,0.7808807733619764,0.5118512799376186
0.8612099644128114,0.7798066595059077,0.5134725865039215
0.8610451306413301,0.7787325456498388,0.5143064521530474
0.8620689655172413,0.7787325456498388,0.5149570129309579
0.861904761904762,0.7776584317937701,0.5149772941320677
0.8617401668653158,0.7765843179377014,0.5171596514596514
0.8627684964200477,0.7765843179377014,0.5177620694312874
0.8626045400238949,0.7755102040816326,0.5182673585246664
0.8624401913875598,0.7744360902255639,0.521218611976034
0.8622754491017964,0.7733619763694952,0.5215741702196337
0.8621103117505995,0.7722878625134264,0.5217012711343488
0.8631452581032413,0.7722878625134264,0.5220915750915752
0.8641826923076923,0.7722878625134264,0.5232423495609945
0.865222623345367,0.7722878625134264,0.5238267304149945
0.8662650602409638,0.7722878625134264,0.5247335743001919
0.8661037394451147,0.7712137486573577,0.5253862520122466
0.8659420289855072,0.7701396348012889,0.5262267304149946
0.8657799274486094,0.7690655209452202,0.52667089081731
0.8668280871670703,0.7690655209452202,0.5271925008142182
0.8678787878787879,0.7690655209452202,0.5292316738816737
0.8677184466019418,0.7679914070891515,0.5316583422384621
0.8675577156743621,0.7669172932330827,0.5320490522573202
0.8673965936739659,0.765843179377014,0.5321549368682461
0.8684531059683313,0.765843179377014,0.5335828566311258
0.8682926829268293,0.7647690655209453,0.5357910972762088
0.8681318681318682,0.7636949516648764,0.5362370668817955
0.8679706601466992,0.7626208378088077,0.5371640926225799
0.8690330477356181,0.7626208378088077,0.5372776346202818
0.8688725490196079,0.761546723952739,0.5372971131357317
0.8699386503067484,0.761546723952739,0.5376227576801914
0.8697788697788698,0.7604726100966702,0.5380136012552479
0.8696186961869619,0.7593984962406015,0.5381401906815718
0.8706896551724138,0.7593984962406015,0.5381523142837747
0.8705302096177558,0.7583243823845328,0.5403203411138634
0.8703703703703703,0.757250268528464,0.5417402672819173
0.8702101359703337,0.7561761546723953,0.5437893418580653
0.8712871287128713,0.7561761546723953,0.5450305353195231
0.872366790582404,0.7561761546723953,0.545866109744988
0.8722084367245657,0.7551020408163265,0.5462799304247534
0.8732919254658386,0.7551020408163265,0.5485621038165467
0.8731343283582089,0.7540279269602578,0.5488311502428187
0.8729763387297634,0.7529538131041891,0.5490031911088321
0.8740648379052369,0.7529538131041891,0.5527444487972132
0.8739076154806492,0.7518796992481203,0.5563702412037151
0.87375,0.7508055853920516,0.5564228735524098
0.8735919899874843,0.7497314715359829,0.5565387727639236
0.8734335839598998,0.748657357679914,0.5575504998922678
0.8732747804265998,0.7475832438238453,0.5589084195386619
0.8731155778894473,0.7465091299677766,0.5590194598370417
0.8742138364779874,0.7465091299677766,0.5612282604631572
0.8753148614609572,0.7465091299677766,0.5629182707126988
0.8764186633039092,0.7465091299677766,0.5630268567910052
0.8775252525252525,0.7465091299677766,0.563504057835046
0.8786346396965866,0.7465091299677766,0.5642374680874682
0.879746835443038,0.7465091299677766,0.5647697854989004
0.8795944233206591,0.7454350161117078,0.5657642857142856
0.8794416243654822,0.7443609022556391,0.5664641704106008
0.8792884371029225,0.7432867883995704,0.5675288226751775
0.8791348600508906,0.7422126745435016,0.5682841444411789
0.8802547770700637,0.7422126745435016,0.5691548127807758
0.8813775510204082,0.7422126745435016,0.5695736752726374
0.8812260536398467,0.7411385606874329,0.5700089991676596
0.881074168797954,0.7400644468313641,0.571293403369316
0.882202304737516,0.7400644468313641,0.5715131325196541
0.882051282051282,0.7389903329752954,0.5726414959166164
0.883183568677792,0.7389903329752954,0.5730114369417328
0.8830334190231363,0.7379162191192267,0.5737747636239782
0.8828828828828829,0.7368421052631579,0.5739727819855588
0.884020618556701,0.7368421052631579,0.5767167474107269
0.8838709677419355,0.7357679914070892,0.5788400000000001
0.8837209302325582,0.7346938775510204,0.5805608023129384
0.8835705045278137,0.7336197636949516,0.581088723470793
0.883419689119171,0.7325456498388829,0.5823747195621197
0.8832684824902723,0.7314715359828142,0.5838262432469671
0.8831168831168831,0.7303974221267454,0.5841141963107327
0.8842652795838751,0.7303974221267454,0.5864749123178323
0.8841145833333334,0.7293233082706767,0.587161771510017
0.8839634941329857,0.728249194414608,0.5876723528718255
0.8838120104438643,0.7271750805585392,0.589100144830469
0.8849673202614379,0.7271750805585392,0.5905126514278994
0.8848167539267016,0.7261009667024705,0.5907171841774779
0.8846657929226737,0.7250268528464017,0.5945807169239292
0.884514435695538,0.723952738990333,0.5947171530731413
0.885676741130092,0.723952738990333,0.6032401011859639
0.8855263157894737,0.7228786251342643,0.6037727587237548
0.8866930171277997,0.7228786251342643,0.6063520843625272
0.8865435356200527,0.7218045112781954,0.6072662414391737
0.8863936591809776,0.7207303974221267,0.6081617490182473
0.8875661375661376,0.7207303974221267,0.6098208161743006
0.8874172185430463,0.719656283566058,0.6106820616637681
0.8885941644562334,0.719656283566058,0.6116742738752701
0.8897742363877822,0.719656283566058,0.6123932893753902
0.8909574468085106,0.719656283566058,0.6143332059283865
0.8921438082556591,0.719656283566058,0.6145826599326603
0.892,0.7185821697099892,0.6149053016856952
0.8918558077436582,0.7175080558539205,0.6149219208197003
0.893048128342246,0.7175080558539205,0.61540773357304
0.8942436412315931,0.7175080558539205,0.6169459901404039
0.8954423592493298,0.7175080558539205,0.6187041297124162
0.8953020134228188,0.7164339419978518,0.6225413021627728
0.8951612903225806,0.715359828141783,0.6227385609423198
0.8950201884253028,0.7142857142857143,0.6244327300005689
0.894878706199461,0.7132116004296455,0.6254148378443705
0.8947368421052632,0.7121374865735768,0.6259265028675018
0.8959459459459459,0.7121374865735768,0.6281176445449762
0.8971583220568335,0.7121374865735768,0.6283030863334108
0.8970189701897019,0.7110633727175081,0.6288123668968718
0.898236092265943,0.7110633727175081,0.629912898867009
0.8980978260869565,0.7099892588614393,0.6315741040973327
0.8993197278911564,0.7099892588614393,0.6348350875783314
0.8991825613079019,0.7089151450053706,0.6352790063834823
0.8990450204638472,0.7078410311493019,0.6392838334078313
0.8989071038251366,0.706766917293233,0.6412469979591369
0.8987688098495212,0.7056928034371643,0.6416608764406128
0.8986301369863013,0.7046186895810956,0.6428796684540931
0.8998628257887518,0.7046186895810956,0.6434798527719183
0.8997252747252747,0.7035445757250268,0.6438416931036355
0.8995873452544704,0.7024704618689581,0.6446334354505721
0.9008264462809917,0.7024704618689581,0.64737661388298
0.9006896551724138,0.7013963480128894,0.6474765845265846
0.9005524861878453,0.7003222341568206,0.6478334609834611
0.9002770083102493,0.6981740064446831,0.6484371358396782
0.9015256588072122,0.6981740064446831,0.6496211745651972
0.9027777777777778,0.6981740064446831,0.6503272489906187
0.9026425591098748,0.6970998925886144,0.6512536707971606
0.9025069637883009,0.6960257787325457,0.6536933187943206
0.902370990237099,0.6949516648764769,0.6565458240847604
0.9022346368715084,0.6938775510204082,0.6585645658642016
0.9020979020979021,0.6928034371643395,0.6601201010789408
0.9019607843137255,0.6917293233082706,0.6607852545846886
0.9018232819074333,0.6906552094522019,0.6609633929811979
0.9030898876404494,0.6906552094522019,0.6615754590629866
0.9029535864978903,0.6895810955961332,0.6657570842217461
0.9042253521126761,0.6895810955961332,0.6658367390605301
0.9040902679830748,0.6885069817400644,0.6663137441131775
0.903954802259887,0.6874328678839957,0.666748995193821
0.9052333804809052,0.6874328678839957,0.6671071330515044
0.9050991501416431,0.686358754027927,0.6671306320564284
0.9049645390070922,0.6852846401718582,0.6696448422303835
0.90625,0.6852846401718582,0.669952508708591
0.9061166429587483,0.6842105263157895,0.6701465734335261
0.905982905982906,0.6831364124597207,0.6704111314621275
0.905848787446505,0.682062298603652,0.67354053353021
0.9071428571428571,0.682062298603652,0.6738919328022214
0.9070100143061517,0.6809881847475833,0.6740986581632895
0.9068767908309455,0.6799140708915145,0.6765412901859553
0.9067431850789096,0.6788399570354458,0.6769290512627044
0.9080459770114943,0.6788399570354458,0.6773009704363302
0.9079136690647482,0.677765843179377,0.6813111323906508
0.9077809798270894,0.6766917293233082,0.6820255658084609
0.9076479076479076,0.6756176154672395,0.6842843435968992
0.9089595375722543,0.6756176154672395,0.6850697010865685
0.91027496382055,0.6756176154672395,0.6866326434412208
0.9101449275362319,0.6745435016111708,0.6883875807569909
0.9100145137880987,0.673469387755102,0.6894837159344732
0.9113372093023255,0.673469387755102,0.6902107267039798
0.9126637554585153,0.673469387755102,0.6916768146126967
0.9125364431486881,0.6723952738990333,0.69215341783246
0.9138686131386862,0.6723952738990333,0.6943576934761144
0.9137426900584795,0.6713211600429646,0.6947242307276867
0.9136163982430454,0.6702470461868958,0.6962056988117575
0.9149560117302052,0.6702470461868958,0.6968846296543647
0.9148311306901615,0.6691729323308271,0.6978865016526348
0.9147058823529411,0.6680988184747583,0.6979955801541194
0.914580265095729,0.6670247046186896,0.6992647400142479
0.9144542772861357,0.6659505907626209,0.6993620895202095
0.914327917282127,0.664876476906552,0.6993945515790168
0.9142011834319527,0.6638023630504833,0.6994780214718369
0.914074074074074,0.6627282491944146,0.7011820797990693
0.913946587537092,0.6616541353383458,0.7012571234998066
0.9138187221396731,0.6605800214822771,0.7026868751256949
0.9151785714285714,0.6605800214822771,0.7047075588575584
0.9165424739195231,0.6605800214822771,0.7047430003990591
0.9164179104477612,0.6595059076262084,0.7049139832475505
0.9177877428998505,0.6595059076262084,0.7069674941501565
0.9176646706586826,0.6584317937701396,0.707387562067741
0.9190404797601199,0.6584317937701396,0.7093031912531909
0.9204204204204204,0.6584317937701396,0.7111917113132382
0.9218045112781955,0.6584317937701396,0.711770181235703
0.9216867469879518,0.6573576799140709,0.7130654675927209
0.9215686274509803,0.6562835660580022,0.7131682017935582
0.9229607250755287,0.6562835660580022,0.7161929384272058
0.924357034795764,0.6562835660580022,0.7170124116762735
0.9242424242424242,0.6552094522019334,0.7171729384523835
0.9241274658573596,0.6541353383458647,0.7182777612527572
0.9240121580547113,0.6530612244897959,0.7197536556694646
0.923896499238965,0.6519871106337272,0.7222231642753207
0.9237804878048781,0.6509129967776585,0.7227765992606283
0.9236641221374046,0.6498388829215896,0.723286856757038
0.9250764525993884,0.6498388829215896,0.7235365153152873
0.9249617151607963,0.6487647690655209,0.7235503558998618
0.9248466257668712,0.6476906552094522,0.7250001090308479
0.9247311827956989,0.6466165413533834,0.7261165977122508
0.9246153846153846,0.6455424274973147,0.7292291264291262
0.9244992295839753,0.644468313641246,0.7296528659213871
0.9243827160493827,0.6433941997851772,0.7297903652276936
0.9242658423493045,0.6423200859291085,0.7306079753021424
0.9256965944272446,0.6423200859291085,0.7315904402068767
0.9271317829457364,0.6423200859291085,0.733236781323268
0.9285714285714286,0.6423200859291085,0.7337120216001737
0.9284603421461898,0.6412459720730398,0.7348697350465151
0.9283489096573209,0.640171858216971,0.7351153614870176
0.9282371294851794,0.6390977443609023,0.7379891453325962
0.928125,0.6380236305048335,0.7381497220259462
0.9278996865203761,0.635875402792696,0.7383202641459384
0.9277864992150706,0.6348012889366272,0.7389514247660791
0.9276729559748428,0.6337271750805585,0.7390192787367875
0.9275590551181102,0.6326530612244898,0.7410576605213676
0.9290220820189274,0.6326530612244898,0.7428620257956694
0.9289099526066351,0.631578947368421,0.746577029412446
0.9287974683544303,0.6305048335123523,0.746863128457266
0.9286846275752774,0.6294307196562836,0.7478837155713712
0.9301587301587302,0.6294307196562836,0.7495563737211169
0.9300476947535771,0.6283566058002148,0.7498574160811863
0.9299363057324841,0.6272824919441461,0.7509137022724424
0.9314194577352473,0.6272824919441461,0.7520333362994815
0.9329073482428115,0.6272824919441461,0.7523662543672986
0.9328,0.6262083780880774,0.7525691672561358
0.9326923076923077,0.6251342642320086,0.7532201833358256
0.9325842696629213,0.6240601503759399,0.754036621385891
0.932475884244373,0.6229860365198711,0.7541578099918053
0.9323671497584541,0.6219119226638024,0.7563521923867903
0.932258064516129,0.6208378088077336,0.7569902100926855
0.9337641357027464,0.6208378088077336,0.7576124908566659
0.9336569579288025,0.6197636949516648,0.7579053794244968
0.9351701782820098,0.6197636949516648,0.7588976302342053
0.935064935064935,0.6186895810955961,0.7627722159809561
0.9365853658536586,0.6186895810955961,0.7642945105896986
0.9364820846905537,0.6176154672395274,0.7648105134302998
0.9363784665579119,0.6165413533834586,0.7649216865180487
0.9362745098039216,0.6154672395273899,0.7654592373426876
0.9361702127659575,0.6143931256713212,0.7665324671036696
0.9360655737704918,0.6133190118152524,0.7666483734239615
0.9359605911330049,0.6122448979591837,0.7668043187508112
0.9375,0.6122448979591837,0.7669748923257178
0.9390444810543658,0.6122448979591837,0.7680566715451905
0.9389438943894389,0.611170784103115,0.7684146054838867
0.9388429752066115,0.6100966702470462,0.7689304935367827
0.9387417218543046,0.6090225563909775,0.7692153601433317
0.9402985074626866,0.6090225563909775,0.7698481745808371
0.9401993355481728,0.6079484425349087,0.7703772061272065
0.940099833610649,0.60687432867884,0.7724095554225119
0.9416666666666667,0.60687432867884,0.77366521400512
0.9432387312186978,0.60687432867884,0.7738956846140927
0.9431438127090301,0.6058002148227712,0.7755626978885649
0.9430485762144054,0.6047261009667024,0.7766073400147554
0.9446308724832215,0.6047261009667024,0.7767157209445527
0.9445378151260504,0.6036519871106337,0.7782005676187614
0.9444444444444444,0.602577873254565,0.7810690025846642
0.9460370994940978,0.602577873254565,0.7812215360348457
0.9459459459459459,0.6015037593984962,0.7817587106343502
0.9458544839255499,0.6004296455424275,0.7822532551477693
0.9474576271186441,0.6004296455424275,0.7838809932613408
0.9473684210526315,0.5993555316863588,0.7856915846462512
0.9489795918367347,0.5993555316863588,0.7858387356075837
0.948892674616695,0.59828141783029,0.7859128629325967
0.9488054607508533,0.5972073039742213,0.7860588075885063
0.9487179487179487,0.5961331901181526,0.7871711363071756
0.9486301369863014,0.5950590762620838,0.788698014660702
0.9485420240137221,0.5939849624060151,0.7891713420885375
0.9484536082474226,0.5929108485499462,0.7915870562070705
0.9500860585197934,0.5929108485499462,0.7916997792718483
0.9517241379310345,0.5929108485499462,0.7919927279573609
0.9516407599309153,0.5918367346938775,0.7927742923843708
0.9515570934256056,0.5907626208378088,0.793453627405839
0.951473136915078,0.58968850698174,0.7937110220054903
0.953125,0.58968850698174,0.7947897647845212
0.9530434782608695,0.5886143931256713,0.7948569988630385
0.9529616724738676,0.5875402792696026,0.7949255787851797
0.9528795811518325,0.5864661654135338,0.7959662850723845
0.9527972027972028,0.5853920515574651,0.7962198101113594
0.9527145359019265,0.5843179377013964,0.79718411385097
0.9526315789473684,0.5832438238453276,0.7977214285714286
0.9525483304042179,0.5821697099892589,0.7989152091098014
0.9524647887323944,0.5810955961331902,0.8002574320197358
0.9523809523809523,0.5800214822771214,0.801231807569471
0.9522968197879859,0.5789473684210527,0.8015277165928337
0.952212389380531,0.5778732545649838,0.8027241436925646
0.9539007092198581,0.5778732545649838,0.8031669398907102
0.9538188277087034,0.5767991407089151,0.8036797647098799
0.9537366548042705,0.5757250268528464,0.8045838344027474
0.9554367201426025,0.5757250268528464,0.8066915515179446
0.9553571428571429,0.5746509129967776,0.8066959835384827
0.9552772808586762,0.5735767991407089,0.8069549639722087
0.9551971326164874,0.5725026852846402,0.8089061511281972
0.9551166965888689,0.5714285714285714,0.8092498747484499
0.9550359712230215,0.5703544575725027,0.8093309823813121
0.954954954954955,0.569280343716434,0.8097515529582554
0.9548736462093863,0.5682062298603652,0.8105724514767114
0.9547920433996383,0.5671321160042965,0.8106060536668622
0.9547101449275363,0.5660580021482277,0.813536434195793
0.956442831215971,0.5660580021482277,0.8139313902882434
0.9563636363636364,0.564983888292159,0.8140429546880719
0.9562841530054644,0.5639097744360902,0.8146384323286361
0.9562043795620438,0.5628356605800214,0.8155906677693661
0.9561243144424132,0.5617615467239527,0.8156261722266193
0.9560439560439561,0.560687432867884,0.8169818181818183
0.9577981651376147,0.560687432867884,0.8192461231476562
0.9577205882352942,0.5596133190118152,0.8199920554409423
0.9576427255985267,0.5585392051557465,0.8204384274341455
0.9575645756457565,0.5574650912996778,0.8205316222019325
0.9574861367837338,0.556390977443609,0.8226786510801009
0.9574074074074074,0.5553168635875403,0.8262336230367148
0.9573283858998145,0.5542427497314716,0.8268771618745546
0.9572490706319703,0.5531686358754028,0.828079590094296
0.957169459962756,0.5520945220193341,0.8294378921322163
0.9589552238805971,0.5520945220193341,0.8294505675603501
0.9588785046728971,0.5510204081632653,0.8307930680519064
0.9588014981273408,0.5499462943071965,0.8314099680674661
0.9587242026266416,0.5488721804511278,0.8314627110297738
0.9586466165413534,0.547798066595059,0.8316411604964328
0.9585687382297552,0.5467239527389903,0.8317423201049096
0.960377358490566,0.5467239527389903,0.8325337213364158
0.9603024574669187,0.5456498388829216,0.8330926293911877
0.9602272727272727,0.5445757250268528,0.8335503765293989
0.9601518026565465,0.5435016111707841,0.8352577538419809
0.9600760456273765,0.5424274973147154,0.8369435996953236
0.9619047619047619,0.5424274973147154,0.8386000892694324
0.9618320610687023,0.5413533834586466,0.839103871329701
0.9617590822179732,0.5402792696025779,0.8395066308708609
0.9616858237547893,0.5392051557465092,0.8399589894818564
0.9616122840690979,0.5381310418904404,0.8400002981311311
0.9615384615384616,0.5370569280343717,0.8402539234837562
0.9614643545279383,0.5359828141783028,0.8406140406705975
0.9613899613899614,0.5349087003222341,0.8429617409790079
0.9613152804642167,0.5338345864661654,0.8454740660707957
0.9631782945736435,0.5338345864661654,0.8475395132084895
0.9631067961165048,0.5327604726100966,0.8487260533436722
0.9630350194552529,0.5316863587540279,0.8490960594622865
0.9649122807017544,0.5316863587540279,0.8493314982343713
0.96484375,0.5306122448979592,0.8494031158383152
0.9667318982387475,0.5306122448979592,0.8516777888197246
0.9666666666666667,0.5295381310418904,0.8517246354150266
0.9666011787819253,0.5284640171858217,0.8522220753983809
0.9665354330708661,0.527389903329753,0.8524224359133489
0.9664694280078896,0.5263157894736842,0.8538228715728717
0.9664031620553359,0.5252416756176155,0.8539016277406403
0.9663366336633663,0.5241675617615468,0.85472907967658
0.9662698412698413,0.523093447905478,0.8552973581973583
0.9681908548707754,0.523093447905478,0.8555418314292479
0.9681274900398407,0.5220193340494093,0.8570905184738553
0.9680638722554891,0.5209452201933404,0.857976615368799
0.968,0.5198711063372717,0.8581130380357009
0.9679358717434869,0.518796992481203,0.859178158074764
0.9678714859437751,0.5177228786251342,0.8595492614006228
0.9678068410462777,0.5166487647690655,0.8601565596099698
0.967741935483871,0.5155746509129968,0.8619170226852426
0.9676767676767677,0.514500537056928,0.8625431645112469
0.9676113360323887,0.5134264232008593,0.8629733046976553
0.9695740365111561,0.5134264232008593,0.8650977984987178
0.9695121951219512,0.5123523093447906,0.866680738861769
0.9694501018329938,0.5112781954887218,0.8667963501273934
0.9693877551020408,0.5102040816326531,0.8675931077199605
0.9693251533742331,0.5091299677765844,0.8678185803725537
0.9692622950819673,0.5080558539205156,0.86932881758562
0.9691991786447639,0.5069817400644469,0.869453055094877
0.9691358024691358,0.505907626208378,0.870259126945402
0.9690721649484536,0.5048335123523093,0.8712888147730722
0.96900826446281,0.5037593984962406,0.8713239813801928
0.968944099378882,0.5026852846401718,0.8718953593244432
0.9688796680497925,0.5016111707841031,0.8728875625423586
0.9688149688149689,0.5005370569280344,0.8747613289097245
0.9708333333333333,0.5005370569280344,0.8751357753357748
0.9707724425887265,0.49946294307196565,0.8766920236451637
0.9707112970711297,0.4983888292158969,0.8778649632071196
0.9706498951781971,0.49731471535982813,0.8787933335687892
0.9705882352941176,0.49624060150375937,0.8790438274900534
0.9705263157894737,0.49516648764769067,0.8840393649131358
0.9704641350210971,0.4940923737916219,0.8870412516408013
0.9704016913319239,0.49301825993555315,0.8877413410104679
0.9703389830508474,0.49194414607948445,0.887742219802158
0.970276008492569,0.4908700322234157,0.8890173717457479
0.9702127659574468,0.4897959183673469,0.8900735362922662
0.9722814498933902,0.4897959183673469,0.8901403680727045
0.9722222222222222,0.48872180451127817,0.8905038330385582
0.9721627408993576,0.48764769065520946,0.8915582422539433
0.9721030042918455,0.4865735767991407,0.8934390072899266
0.9720430107526882,0.48549946294307195,0.8944181999373173
0.9741379310344828,0.48549946294307195,0.89448131039431
0.9740820734341252,0.48442534908700324,0.8952596599371077
0.974025974025974,0.4833512352309345,0.895485444241718
0.9761388286334056,0.4833512352309345,0.8969853929553621
0.9760869565217392,0.4822771213748657,0.8970040428841094
0.9760348583877996,0.48120300751879697,0.8970860117959217
0.9759825327510917,0.48012889366272826,0.8971913882423075
0.975929978118162,0.4790547798066595,0.8982960369603049
0.9758771929824561,0.47798066595059074,0.8990236542276296
0.9758241758241758,0.47690655209452204,0.8995330059765033
0.9757709251101322,0.4758324382384533,0.9000098304365437
0.9757174392935982,0.4747583243823845,0.9002749656131279
0.9756637168141593,0.47368421052631576,0.9007389738178473
0.975609756097561,0.47261009667024706,0.90114676042223
0.9755555555555555,0.4715359828141783,0.9018091067264696
0.9755011135857461,0.47046186895810954,0.9033539522669134
0.9754464285714286,0.46938775510204084,0.9053997043833008
0.9753914988814317,0.4683136412459721,0.9056766276354804
0.9753363228699552,0.4672395273899033,0.9058783096267743
0.9752808988764045,0.46616541353383456,0.9059050262273041
0.9752252252252253,0.46509129967776586,0.9059099596963444
0.9751693002257337,0.4640171858216971,0.9060794598604709
0.9751131221719457,0.46294307196562834,0.9065008547008547
0.9750566893424036,0.46186895810955964,0.9071433765639649
0.975,0.4607948442534909,0.9072556325030902
0.9749430523917996,0.4597207303974221,0.907521721951326
0.9748858447488584,0.45864661654135336,0.9075273954703115
0.9748283752860412,0.45757250268528465,0.9079717267879144
0.9747706422018348,0.4564983888292159,0.9087224638249785
0.9747126436781609,0.45542427497314714,0.9091760908218084
0.9769585253456221,0.45542427497314714,0.9096727674718545
0.976905311778291,0.45435016111707843,0.9102697150888329
0.9768518518518519,0.4532760472610097,0.9104348816850917
0.9767981438515081,0.4522019334049409,0.9111589367153026
0.9790697674418605,0.4522019334049409,0.9113659916111275
0.9813519813519813,0.4522019334049409,0.9118819594176558
0.9813084112149533,0.45112781954887216,0.9121074144600019
0.9812646370023419,0.45005370569280345,0.912316420427501
0.9812206572769953,0.4489795918367347,0.9123414689411968
0.9811764705882353,0.44790547798066593,0.9125470439509977
0.9811320754716981,0.44683136412459723,0.9128768777031445
0.9810874704491725,0.44575725026852847,0.9133285375923161
0.981042654028436,0.4446831364124597,0.9148149080310374
0.9809976247030879,0.44360902255639095,0.9151408753867092
0.9809523809523809,0.44253490870032225,0.9161123457726045
0.9809069212410502,0.4414607948442535,0.916647716350231
0.9808612440191388,0.44038668098818473,0.9167140867847623
0.9808153477218226,0.439312567132116,0.9171843016277886
0.9807692307692307,0.43823845327604727,0.9186317161804957
0.980722891566265,0.4371643394199785,0.9186628611119139
0.9806763285024155,0.43609022556390975,0.9200550336050336
0.9806295399515739,0.43501611170784105,0.921728500103265
0.9805825242718447,0.4339419978517723,0.9218407647499662
0.9805352798053528,0.43286788399570353,0.9221204965135268
0.9804878048780488,0.4317937701396348,0.9231071358748779
0.980440097799511,0.43071965628356607,0.9253010017490091
0.9803921568627451,0.4296455424274973,0.9267007435573646
0.9803439803439803,0.42857142857142855,0.9269096513700948
0.9802955665024631,0.42749731471535984,0.926926795128868
0.980246913580247,0.4264232008592911,0.928172072983664
0.9801980198019802,0.4253490870032223,0.9285879355108172
0.9801488833746899,0.4242749731471536,0.9300173715677205
0.9800995024875622,0.42320085929108486,0.930287411711096
0.9800498753117207,0.4221267454350161,0.9304997559765018
0.98,0.42105263157894735,0.9310844151428208
0.9799498746867168,0.41997851772287864,0.9324
0.9798994974874372,0.4189044038668099,0.9328161566941325
0.9798488664987406,0.4178302900107411,0.9329697579021805
0.9797979797979798,0.4167561761546724,0.9339901453856362
0.979746835443038,0.41568206229860366,0.9346950304495463
0.9796954314720813,0.4146079484425349,0.9353721411987985
0.9796437659033079,0.41353383458646614,0.9357246031746032
0.9795918367346939,0.41245972073039744,0.9359589914192119
0.979539641943734,0.4113856068743287,0.9374
0.9794871794871794,0.4103114930182599,0.9375723128786427
0.9794344473007712,0.4092373791621912,0.9405303177148654
0.979381443298969,0.40816326530612246,0.9408218463360868
0.979328165374677,0.4070891514500537,0.9411000251079128
0.9792746113989638,0.40601503759398494,0.9412861320031379
0.9792207792207792,0.40494092373791624,0.9420097087251659
0.9791666666666666,0.4038668098818475,0.9421253061541058
0.97911227154047,0.4027926960257787,0.9423013452872788
0.9790575916230366,0.40171858216971,0.9438549597205014
0.979002624671916,0.40064446831364126,0.944145946323976
0.9789473684210527,0.3995703544575725,0.9452608676994042
0.978891820580475,0.39849624060150374,0.9455992292450605
0.9814814814814815,0.39849624060150374,0.9459332137244563
0.9814323607427056,0.39742212674543503,0.9471010665961869
0.9813829787234043,0.3963480128893663,0.9472079974449804
0.9813333333333333,0.3952738990332975,0.9472647861711926
0.9812834224598931,0.3941997851772288,0.9476833943847379
0.9812332439678284,0.39312567132116005,0.9477670204347624
0.9811827956989247,0.3920515574650913,0.9478407045326271
0.9838274932614556,0.3920515574650913,0.9479074334633221
0.9837837837837838,0.39097744360902253,0.9480390630720872
0.986449864498645,0.39097744360902253,0.9481288353268494
0.9863760217983651,0.38882921589688507,0.9482289603720868
0.9863387978142076,0.3877551020408163,0.9497227566716171
0.9863013698630136,0.3866809881847476,0.9502860532352475
0.9862637362637363,0.38560687432867885,0.9512624261669584
0.9862258953168044,0.3845327604726101,0.9524878801043478
0.9861878453038674,0.38345864661654133,0.9556304826343973
0.9889196675900277,0.38345864661654133,0.9561745331534052
0.9916666666666667,0.38345864661654133,0.9563942303180644
0.9916434540389972,0.38238453276047263,0.9565066674356953
0.9916201117318436,0.38131041890440387,0.9567441398510509
0.9915966386554622,0.3802363050483351,0.9589600497405117
0.9915730337078652,0.3791621911922664,0.9589776611718508
0.9915492957746479,0.37808807733619765,0.9592356431612639
0.9915254237288136,0.3770139634801289,0.9595420195708961
0.9915014164305949,0.37593984962406013,0.9601216426752587
0.9914772727272727,0.3748657357679914,0.9602451546212988
0.9914529914529915,0.37379162191192267,0.9609305482490159
0.9914285714285714,0.3727175080558539,0.9620365314028662
0.9914040114613181,0.3716433941997852,0.96257685766992
0.9913793103448276,0.37056928034371645,0.9627760633019277
0.9913544668587896,0.3694951664876477,0.9630140247587745
0.9913294797687862,0.3684210526315789,0.9631428643230147
0.991304347826087,0.3673469387755102,0.9632404426404424
0.9941860465116279,0.3673469387755102,0.9635940030766436
0.9941690962099126,0.36627282491944146,0.9637230802678393
0.9941520467836257,0.3651987110633727,0.9637503801201349
0.9941348973607038,0.364124597207304,0.9647852766218418
0.9941176470588236,0.36305048335123524,0.965469365395484
0.9941002949852508,0.3619763694951665,0.9655226571427731
0.9940828402366864,0.3609022556390977,0.965952960549284
0.9970326409495549,0.3609022556390977,0.9661762245629686
0.9970238095238095,0.359828141783029,0.9662658921114623
0.9970149253731343,0.35875402792696026,0.9663038019724006
0.9970059880239521,0.3576799140708915,0.966562093163366
0.996996996996997,0.35660580021482274,0.9667767134047041
0.9969879518072289,0.35553168635875404,0.9670549233237025
0.9969788519637462,0.3544575725026853,0.9682908994532847
0.996969696969697,0.3533834586466165,0.9683799028882668
0.9969604863221885,0.3523093447905478,0.9685587644771284
0.9969512195121951,0.35123523093447906,0.9688304508716202
0.9969418960244648,0.3501611170784103,0.9692595739503185
0.9969325153374233,0.34908700322234154,0.9698270893371758
0.9969230769230769,0.34801288936627284,0.9708279503467566
0.9969135802469136,0.3469387755102041,0.9708465291435503
0.9969040247678018,0.3458646616541353,0.9709244929082944
0.9968944099378882,0.3447905477980666,0.9713311983274708
0.9968847352024922,0.34371643394199786,0.9715600857862043
0.996875,0.3426423200859291,0.9716588798955159
0.9968652037617555,0.34156820622986034,0.9716766786350438
0.9968553459119497,0.34049409237379163,0.9718932739409923
0.9968354430379747,0.3383458646616541,0.9721065628268523
0.9968253968253968,0.3372717508055854,0.9729229107178391
0.9968152866242038,0.33619763694951665,0.9734781314844696
0.9968051118210862,0.3351235230934479,0.9743993296131872
0.9967948717948718,0.33404940923737914,0.9747107122836327
0.9967845659163987,0.33297529538131043,0.9750113585529925
0.9967741935483871,0.3319011815252417,0.9751667860394649
0.9967637540453075,0.3308270676691729,0.9754164154400305
0.9967532467532467,0.3297529538131042,0.9765052343816972
0.996742671009772,0.32867883995703545,0.976894231366322
0.9967320261437909,0.3276047261009667,0.9772690277537887
0.9967213114754099,0.32653061224489793,0.9775142203412416
0.9967105263157895,0.32545649838882923,0.9776523718875108
0.9966996699669967,0.32438238453276047,0.9778937560038424
0.9966887417218543,0.3233082706766917,0.9789267208956727
0.9966777408637874,0.322234156820623,0.9791843140736465
0.9966666666666667,0.32116004296455425,0.9795450053499044
0.9966555183946488,0.3200859291084855,0.9796498490000041
0.9966442953020134,0.31901181525241673,0.9798621364067257
0.9966329966329966,0.317937701396348,0.9800280952380952
0.9966216216216216,0.31686358754027927,0.9805174488774918
0.9966101694915255,0.3157894736842105,0.9807228099932538
0.9965986394557823,0.3147153598281418,0.9812982101960133
0.9965870307167235,0.31364124597207305,0.9814695240522054
0.9965753424657534,0.3125671321160043,0.9823141547542255
0.9965635738831615,0.31149301825993553,0.9826823709529102
0.996551724137931,0.3104189044038668,0.9829471166838645
0.9965397923875432,0.30934479054779807,0.9830940446995278
0.9965277777777778,0.3082706766917293,0.9832
0.9965156794425087,0.3071965628356606,0.9834589812255263
0.9965034965034965,0.30612244897959184,0.9837691845750309
0.9964912280701754,0.3050483351235231,0.9838724127558162
0.9964788732394366,0.3039742212674543,0.984193920540502
0.9964664310954063,0.3029001074113856,0.9843131767856569
0.9964539007092199,0.30182599355531686,0.9843260101296212
0.99644128113879,0.3007518796992481,0.9843525844642951
0.9964285714285714,0.2996777658431794,0.9851519609299929
0.996415770609319,0.29860365198711064,0.9854641149566891
0.9964028776978417,0.2975295381310419,0.9858682601316638
0.9963898916967509,0.2964554242749731,0.9860072798131262
0.9963768115942029,0.2953813104189044,0.9860358255061387
0.9963636363636363,0.29430719656283566,0.9864509844542165
0.9963503649635036,0.2932330827067669,0.9864615020637569
0.9963369963369964,0.2921589688506982,0.9869333333333334
0.9963235294117647,0.29108485499462944,0.9882267978860313
0.996309963099631,0.2900107411385607,0.9891038109174842
0.9962962962962963,0.2889366272824919,0.989736459469284
0.9962825278810409,0.2878625134264232,0.989758239470162
0.996268656716418,0.28678839957035446,0.9904499764103809
0.9962546816479401,0.2857142857142857,0.9906292553569678
0.9962406015037594,0.284640171858217,0.9909442283481765
0.9962264150943396,0.28356605800214824,0.9909915151879659
0.9962121212121212,0.2824919441460795,0.9918422333453389
1.0,0.2824919441460795,0.9920331841154839
1.0,0.2814178302900107,0.9926533564273318
1.0,0.280343716433942,0.9928256037148416
1.0,0.27926960257787325,0.9929378209178682
1.0,0.2781954887218045,0.9932478966915738
1.0,0.2771213748657358,0.9933769426451444
1.0,0.27604726100966703,0.9936700819126659
1.0,0.2749731471535983,0.9937244509434968
1.0,0.2738990332975295,0.9939598857838647
1.0,0.2728249194414608,0.9942324628344816
1.0,0.27175080558539205,0.9942600268132091
1.0,0.2706766917293233,0.9945626787933477
1.0,0.2696025778732546,0.9946666666666666
1.0,0.26852846401718583,0.9946800818821008
1.0,0.26745435016111707,0.9948138879740508
1.0,0.2663802363050483,0.9949622652783308
1.0,0.2653061224489796,0.9953918584914507
1.0,0.26423200859291085,0.9954929608739062
1.0,0.2631578947368421,0.9959641134028454
1.0,0.2620837808807734,0.9962855454775267
1.0,0.26100966702470463,0.9962887429726469
1.0,0.25993555316863587,0.996334552583326
1.0,0.2577873254564984,0.9964078255727042
1.0,0.25671321160042965,0.9964784561314494
1.0,0.2556390977443609,0.9964987680407874
1.0,0.2545649838882922,0.9965
1.0,0.2534908700322234,0.9965645165392911
1.0,0.25241675617615467,0.9966997159559626
1.0,0.2513426423200859,0.9968110111694622
1.0,0.2502685284640172,0.9968181230477919
1.0,0.24919441460794844,0.9968333333333333
1.0,0.24812030075187969,0.9968342500085076
1.0,0.24704618689581095,0.9968948520388397
1.0,0.24597207303974222,0.9969324087620776
1.0,0.24489795918367346,0.9969374151452273
1.0,0.24167561761546724,0.9970431984881042
1.0,0.24060150375939848,0.9972184628692023
1.0,0.23952738990332975,0.9972745547073792
1.0,0.23845327604726102,0.9972948369268392
1.0,0.23630504833512353,0.9973532591016793
1.0,0.23523093447905477,0.9974614546251023
1.0,0.23415682062298604,0.9974724909184461
1.0,0.23308270676691728,0.9975
1.0,0.23200859291084855,0.9975032798913901
1.0,0.23093447905477982,0.997545849162665
1.0,0.22986036519871106,0.9978333333333333
1.0,0.22878625134264233,0.9979210926788634
1.0,0.22771213748657357,0.9979389423037553
1.0,0.22663802363050484,0.9980301523568919
1.0,0.22556390977443608,0.9980852889691177
1.0,0.22448979591836735,0.9982246905228774
1.0,0.22126745435016112,0.9982724323991932
1.0,0.22019334049409237,0.9983883999058639
1.0,0.21911922663802363,0.9986734745699206
1.0,0.21804511278195488,0.9986737579240659
1.0,0.2158968850698174,0.999676139815123
1.0,0.21482277121374865,0.9997584254626364
1.0,0.21374865735767992,0.9997720773397696
1.0,0.21267454350161116,0.9999609028302462
1.0,0.21052631578947367,1.0
1.0,0.0,
