precision,recall,threshold
0.23222748815165878,1.0,4.0164072499241415e-06
0.23228542914171657,1.0,7.533523272412489e-06
0.2323433990516596,1.0,8.232906424588797e-06
0.2324013979031453,1.0,9.674568214854023e-06
0.2324594257178527,1.0,1.0072962452233494e-05
0.23251748251748253,1.0,1.1360521122295635e-05
0.23257556832375717,1.0,1.348532930186966e-05
0.23263368315842078,1.0,1.630330363181926e-05
0.23269182704323918,1.0,1.8449667125272253e-05
0.23275,1.0,2.2286945217638392e-05
0.23280820205051264,1.0,2.2301445504704422e-05
0.2328664332166083,1.0,2.5371590392236616e-05
0.2329246935201401,1.0,2.6779642939796006e-05
0.23298298298298298,1.0,2.6797066178405703e-05
0.2330413016270338,1.0,2.7070494944808913e-05
0.23309964947421133,1.0,2.727789135476023e-05
0.2331580265464563,1.0,2.7534390127181642e-05
0.23321643286573146,1.0,2.854140575058334e-05
0.23327486845402154,1.0,2.8883156391105067e-05
0.23333333333333334,1.0,2.927797389658038e-05
0.23339182752569565,1.0,2.9697186434331508e-05
0.23345035105315948,1.0,3.1283340831037755e-05
0.23350890393779783,1.0,3.1808452856074774e-05
0.23356748620170598,1.0,3.355974199053887e-05
0.23362609786700125,1.0,3.382884078243824e-05
0.23368473895582328,1.0,3.396512903993985e-05
0.23374340949033393,1.0,3.449851101193624e-05
0.23380210949271724,1.0,3.5949655424790895e-05
0.2338608389851796,1.0,3.602175239277666e-05
0.23391959798994974,1.0,3.745591180829031e-05
0.23397838652927871,1.0,3.9060572797739194e-05
0.23403720462543992,1.0,4.113578933844168e-05
0.2340960523007292,1.0,4.160223165354193e-05
0.23415492957746478,1.0,4.248782858406556e-05
0.2342138364779874,1.0,4.357250171764634e-05
0.2342727730246603,1.0,4.535731321029419e-05
0.2343317392398691,1.0,4.695150180974208e-05
0.23439073514602216,1.0,4.890311494130768e-05
0.23444976076555024,1.0,5.466587757834049e-05
0.2345088161209068,1.0,5.4847778949686076e-05
0.2345679012345679,1.0,5.890696471281787e-05
0.23462701612903225,1.0,5.922523843644836e-05
0.23468616082682128,1.0,5.957790455427194e-05
0.23474533535047906,1.0,5.979835252701634e-05
0.2348045397225725,1.0,6.46890881378732e-05
0.23486377396569122,1.0,6.637247346624933e-05
0.23492303810244763,1.0,6.676824097012594e-05
0.23498233215547704,1.0,6.683955963851687e-05
0.23504165614743752,1.0,6.807444513381781e-05
0.2351010101010101,1.0,6.879883941019612e-05
0.2351603940388987,1.0,6.954602750600737e-05
0.23521980798383021,1.0,7.048139581217689e-05
0.23527925195855445,1.0,7.58231678973811e-05
0.2353387259858443,1.0,7.604778583639407e-05
0.23539823008849559,1.0,7.685291078237376e-05
0.23545776428932727,1.0,8.02581290576491e-05
0.23551732861118138,1.0,8.171574545049864e-05
0.23557692307692307,1.0,8.20209438893987e-05
0.23563654770944065,1.0,8.989628946867873e-05
0.23569620253164558,1.0,9.088172668382593e-05
0.23575588756647253,1.0,9.097687033102345e-05
0.23581560283687944,1.0,9.289078989703171e-05
0.23587534836584748,1.0,9.309657242171873e-05
0.23593512417638116,1.0,9.394373926943358e-05
0.23599493029150823,1.0,9.701177106220518e-05
0.2360547667342799,1.0,9.721644688287383e-05
0.23611463352777073,1.0,9.799593960826263e-05
0.23617453069507863,1.0,9.832632322806476e-05
0.23623445825932504,1.0,9.844120211195298e-05
0.23629441624365483,1.0,9.946268844662201e-05
0.23635440467123636,1.0,0.0001002338364439529
0.23641442356526154,1.0,0.00010077025649049289
0.23647447294894589,1.0,0.00010122018303477891
0.23653455284552846,1.0,0.00010426778087677875
0.23659466327827192,1.0,0.00010429287778579118
0.23665480427046262,1.0,0.00010609825016060989
0.23671497584541062,1.0,0.00010654479117016531
0.23677517802644965,1.0,0.00010724476885454029
0.23683541083693715,1.0,0.00010751738081600947
0.23689567430025446,1.0,0.00010757113640861703
0.23695596843980657,1.0,0.00010802736179895958
0.2370162932790224,1.0,0.00010818633039278518
0.23707664884135474,1.0,0.00010846502585806145
0.23713703515028017,1.0,0.00011038646513502186
0.23719745222929936,1.0,0.00011100890614041755
0.2372579001019368,1.0,0.00011127583478293808
0.237318378791741,1.0,0.00011320207265361646
0.23737888832228454,1.0,0.0001144125328729781
0.23743942871716398,1.0,0.00011710234025618186
0.2375,1.0,0.00011811729295116239
0.23756060219443736,1.0,0.00011913921255060589
0.23762123532414497,1.0,0.00011989124264817025
0.23768189941281592,1.0,0.00012065991731980743
0.2377425944841675,1.0,0.00012258277151032943
0.23786407766990292,1.0,0.00012311380952290368
0.23798568507157464,1.0,0.0001233986703988731
0.23804653541293785,1.0,0.00012660987754986182
0.2381074168797954,1.0,0.00012681961655074868
0.23816832949603478,1.0,0.00012704861347151013
0.23822927328556806,1.0,0.00012716852386417755
0.23829024827233172,1.0,0.0001272385164568318
0.23835125448028674,1.0,0.00012842479380614663
0.2384122919334187,1.0,0.00012914305656470975
0.2384733606557377,1.0,0.00012931037359637987
0.2385344606712785,1.0,0.00012931957308221216
0.23859559200410047,1.0,0.0001308584604118905
0.23865675467828762,1.0,0.0001317418511605672
0.2387179487179487,1.0,0.00013373345750905018
0.23877917414721722,1.0,0.00013422526415929152
0.2388404309902514,1.0,0.00013510395163962577
0.23890171927123427,1.0,0.000136057165524669
0.2389630390143737,1.0,0.00013753471053954224
0.23902439024390243,1.0,0.00013896642497978316
0.23908577298407807,1.0,0.00014091199041562012
0.23914718725918316,1.0,0.00014092617795401278
0.2392086330935252,1.0,0.0001410511790331536
0.23927011051143665,1.0,0.00014176715383971777
0.23933161953727505,1.0,0.00014207848470900675
0.23939316019542298,1.0,0.0001429734010635865
0.23945473251028807,1.0,0.000143497746476171
0.23951633650630305,1.0,0.00014366201248394055
0.2395779722079259,1.0,0.00014399103067518166
0.23963963963963963,1.0,0.00014496048886216762
0.23970133882595263,1.0,0.00014505608251970249
0.23976306979139841,1.0,0.00014539918669834325
0.2398248325605358,1.0,0.00014596224981657183
0.23988662715794898,1.0,0.0001489446776329662
0.23994845360824743,1.0,0.0001505572400272001
0.240010311936066,1.0,0.0001513811621397051
0.24007220216606498,1.0,0.0001523620540475401
0.2401341243229301,1.0,0.00015276209459896416
0.24019607843137256,1.0,0.0001534652238795266
0.24025806451612902,1.0,0.00015359967699943856
0.2403200826019618,1.0,0.00015390511720153661
0.24038213271365866,1.0,0.00015614802293051485
0.24044421487603307,1.0,0.00015680386098454983
0.24050632911392406,1.0,0.00015739972246111997
0.2405684754521964,1.0,0.00015793704258223478
0.2406306539157405,1.0,0.0001586581265254445
0.24069286452947258,1.0,0.00015902936176518992
0.24075510731833463,1.0,0.00015920440268347725
0.24081738230729435,1.0,0.00015955781837921507
0.24087968952134542,1.0,0.00015978127728033992
0.24094202898550723,1.0,0.00016124856228297944
0.24100440072482526,1.0,0.00016335594364131083
0.24106680476437078,1.0,0.00016340793954735543
0.24112924112924114,1.0,0.0001646132964007139
0.2411917098445596,1.0,0.00016537193838127306
0.2412542109354755,1.0,0.00016562143747811628
0.24131674442716433,1.0,0.0001666023762773016
0.2413793103448276,1.0,0.0001676735363530683
0.24144190871369295,1.0,0.000167872911036315
0.24150453955901427,1.0,0.00016811924570885948
0.24156720290607162,1.0,0.0001691324874405928
0.2416298987801713,1.0,0.00016990449915111705
0.2416926272066459,1.0,0.00017018584718001613
0.24175538821085432,1.0,0.00017023517153678976
0.24181818181818182,1.0,0.00017069811372207462
0.24188100805404,1.0,0.00017133491835990202
0.24194386694386694,1.0,0.00017208207423577762
0.2420067585131271,1.0,0.0001754999795571188
0.2420696827873115,1.0,0.00017550248724868136
0.24213263979193758,1.0,0.00017618549509842619
0.24219562955254942,1.0,0.00017741302708550944
0.24225865209471767,1.0,0.00017786163976850445
0.24232170744403955,1.0,0.00017809874558992784
0.24238479562613902,1.0,0.00017887996747041368
0.24244791666666668,1.0,0.00017991462003458795
0.2425110705912998,1.0,0.0001800327688942551
0.24257425742574257,1.0,0.00018121893294830287
0.24263747719572581,1.0,0.0001819464934352126
0.2427007299270073,1.0,0.000182045715777149
0.2427640156453716,1.0,0.00018225453676233116
0.24282733437663015,1.0,0.00018376411228016528
0.24289068614662143,1.0,0.0001838428084683028
0.24295407098121086,1.0,0.00018477098316953868
0.2430174889062908,1.0,0.00018702948659071302
0.24308093994778068,1.0,0.00018812435185959101
0.24314442413162707,1.0,0.00018923727064593807
0.24320794148380356,1.0,0.00019002245470128805
0.24327149203031095,1.0,0.0001920769153446188
0.2433350757971772,1.0,0.00019280704758259067
0.2433986928104575,1.0,0.0001931888368009918
0.2434623430962343,1.0,0.00019714131043551257
0.24352602668061732,1.0,0.00019796706293100222
0.24358974358974358,1.0,0.00019891528350637392
0.24365349384977755,1.0,0.00019958560119061523
0.243717277486911,1.0,0.00020175290909095378
0.24378109452736318,1.0,0.0002039840250345029
0.24384494499738082,1.0,0.00020419706228935814
0.24390882892323815,1.0,0.00020489938970898725
0.2439727463312369,1.0,0.00020546598238758727
0.24403669724770644,1.0,0.0002060123091648336
0.24410068169900367,1.0,0.00020607160367886007
0.24416469971151325,1.0,0.00020865588289810014
0.24422875131164742,1.0,0.00020959169651260106
0.24435695538057742,1.0,0.00020995250515272283
0.24442110790233657,1.0,0.00021036243924842863
0.24448529411764705,1.0,0.0002118676379705377
0.24454951405306016,1.0,0.00021473903600971382
0.24461376773515503,1.0,0.0002148104135089112
0.24467805519053876,1.0,0.00021590204098658413
0.24474237644584648,1.0,0.00021649657157176428
0.24480673152774127,1.0,0.00021727539977023616
0.24487112046291426,1.0,0.00021884399896494923
0.24493554327808473,1.0,0.00021904713054096217
0.245,1.0,0.00021922152597251922
0.24506449065543565,1.0,0.0002194919404847804
0.24512901527119538,1.0,0.00022062196962610304
0.24519357387411114,1.0,0.00022122118970905916
0.2452581664910432,1.0,0.0002212624840697803
0.24532279314888011,1.0,0.00022369253604961794
0.24538745387453875,1.0,0.00022542670882489966
0.2454521486949644,1.0,0.00022566698443298095
0.24551687763713081,1.0,0.00022573001147835326
0.2455816407280401,1.0,0.00022582563457657843
0.24564643799472297,1.0,0.00022608155638259136
0.24571126946423857,1.0,0.00022625942312114284
0.24584103512014788,1.0,0.00022632316680669937
0.24590596936080295,1.0,0.00022847817222236848
0.24597093791281374,1.0,0.0002297163590974717
0.24603594080338267,1.0,0.00023304147746107303
0.24610097805974096,1.0,0.00023335020871728757
0.2461660497091486,1.0,0.00023349867522872163
0.24623115577889448,1.0,0.00023470766657538065
0.2462962962962963,1.0,0.00023624819456182698
0.2463614712887007,1.0,0.00023752996128623876
0.24642668078348332,1.0,0.00023793221182820252
0.2464919248080487,1.0,0.00023835567615456305
0.2465572033898305,1.0,0.00023859716937115906
0.2466225165562914,1.0,0.0002406424687787718
0.24668786433492315,1.0,0.0002411880032316979
0.24675324675324675,1.0,0.00024136282094482184
0.2468186638388123,1.0,0.00024243679813059987
0.24688411561919915,1.0,0.00024329664209462164
0.24694960212201592,1.0,0.0002436519438097609
0.2470151233749005,1.0,0.00024377396103548383
0.24708067940552017,1.0,0.00024380308940774657
0.24714627024157154,1.0,0.0002448548538669972
0.24721189591078066,1.0,0.00024515619069218064
0.24727755644090305,1.0,0.0002458236816322763
0.2473432518597237,1.0,0.0002460934887180846
0.24740898219505714,1.0,0.0002476517625746242
0.2474747474747475,1.0,0.0002477304097625217
0.24754054772666845,1.0,0.0002491603733779688
0.2476063829787234,1.0,0.00024920446281456976
0.24767225325884543,1.0,0.00025114411464235856
0.24773815859499734,1.0,0.00025137931885760084
0.24780409901517167,1.0,0.00025180157850976056
0.24787007454739085,1.0,0.0002520182004656537
0.24793608521970706,1.0,0.0002525399293574732
0.24800213106020244,1.0,0.0002566759430097256
0.24806821209698907,1.0,0.0002569252982631135
0.24813432835820895,1.0,0.00025696514585336704
0.2482004798720341,1.0,0.00025733461594135593
0.24833288877033877,1.0,0.0002587890498179058
0.2483991462113127,1.0,0.00025997020065107046
0.24846543901788098,1.0,0.00026152374131785465
0.24853176721836626,1.0,0.0002666021466722235
0.2485981308411215,1.0,0.00026709992008158836
0.24866452991452992,1.0,0.00026718474180307313
0.24873096446700507,1.0,0.000268741592960688
0.2487974345269909,1.0,0.00026939908143060437
0.24886394012296179,1.0,0.0002700001706409591
0.24893048128342246,1.0,0.00027134972941582195
0.24899705803690828,1.0,0.00027429611301091827
0.24906367041198502,1.0,0.00027459447097034326
0.24919700214132762,1.0,0.0002748337921535127
0.24926372155287818,1.0,0.00027574157079740476
0.2493304767005892,1.0,0.00027945110938469087
0.24939726761317974,1.0,0.00028063021179894224
0.24946409431939978,1.0,0.00028287700704616157
0.24953095684803,1.0,0.0002846228828419422
0.24959785522788203,1.0,0.00028671649846996996
0.24966478948779833,1.0,0.0002900049629678799
0.24973175965665237,1.0,0.0002913985750188615
0.24986580783682233,1.0,0.00029297667478320877
0.24993288590604026,1.0,0.0002945625898786338
0.25,1.0,0.00029575040718778344
0.25006715014773034,1.0,0.0002964276386077257
0.25013433637829124,1.0,0.0002968985171070604
0.250201558720774,1.0,0.000297006421010925
0.25026881720430105,1.0,0.00029755225168512627
0.25033611185802634,1.0,0.0002981093062670063
0.250403442711135,1.0,0.0002984289134661107
0.2504708097928437,1.0,0.0002985609079734016
0.25053821313240043,1.0,0.0003005958902366988
0.2506056527590848,1.0,0.0003013461644928922
0.25067312870220787,1.0,0.0003014544970830052
0.2507406409911123,1.0,0.00030361684148153006
0.25080818965517243,1.0,0.00030792566696962224
0.25087577472379413,1.0,0.000308881453487343
0.2509433962264151,1.0,0.0003089015326319672
0.25101105419250475,1.0,0.0003092482966133538
0.2510787486515642,1.0,0.00030931616062236395
0.25114647963312653,1.0,0.0003095131972323871
0.2512142471667566,1.0,0.00031011752159136683
0.2512820512820513,1.0,0.00031047569513150607
0.25134989200863933,1.0,0.000311269077637701
0.2514177693761815,1.0,0.0003118446618126675
0.2514856834143706,1.0,0.0003128738396710301
0.25155363415293164,1.0,0.00031367583010031544
0.2516216216216216,1.0,0.0003136845725993915
0.2516896458502298,1.0,0.00031464877913094504
0.2517577068685776,1.0,0.0003159451826283075
0.2518939393939394,1.0,0.0003176934962417792
0.25196211096075777,1.0,0.00031948377366500475
0.2520303194369247,1.0,0.00032052444851477115
0.2520985648524235,1.0,0.0003243742733356553
0.2521668472372698,1.0,0.0003263486643528419
0.2522351666215118,1.0,0.0003285384309425625
0.25230352303523035,1.0,0.0003286946557715862
0.2523719165085389,1.0,0.0003301311340310991
0.252508814754543,1.0,0.00033103564879587063
0.25257731958762886,1.0,0.0003319578309460514
0.25271444082519,1.0,0.0003320288838898075
0.2527830572902525,1.0,0.00033278277542820504
0.25285171102661597,1.0,0.00033371556784236845
0.2529204020646563,1.0,0.00033667127167842246
0.2529891304347826,1.0,0.000337424743617271
0.2530578961674368,1.0,0.0003384914947871468
0.25312669929309406,1.0,0.00033935510744086036
0.25319553984226273,1.0,0.0003396189715411322
0.2532644178454842,1.0,0.0003396528192108667
0.25333333333333335,1.0,0.0003405472328479597
0.2534022863364181,1.0,0.0003408888204994258
0.2534712768853798,1.0,0.00034241002541786944
0.25354030501089325,1.0,0.0003436314002803882
0.2536093707436666,1.0,0.00034570279892277936
0.25367847411444144,1.0,0.0003462142603565302
0.2537476151539929,1.0,0.00034677170864288087
0.2538167938931298,1.0,0.00034923378909852975
0.2538860103626943,1.0,0.000350120951852251
0.2539552645935625,1.0,0.00035053054422851956
0.2540245566166439,1.0,0.0003519552480265135
0.2540938864628821,1.0,0.00035317170008055825
0.25416325416325414,1.0,0.0003539223503899984
0.2542326597487712,1.0,0.00035487313739956445
0.25430210325047803,1.0,0.0003550375901724502
0.25437158469945353,1.0,0.00035506836156789964
0.2544411041268106,1.0,0.00035534944957290546
0.254510661563696,1.0,0.00035596722990863906
0.25458025704129067,1.0,0.00035637909028288364
0.2546498905908096,1.0,0.00035761408943701907
0.25471956224350206,1.0,0.0003592663635775426
0.2547892720306513,1.0,0.00036185186315311615
0.25485901998357513,1.0,0.00036334268024999485
0.2549288061336254,1.0,0.0003644495069548068
0.25499863051218846,1.0,0.0003648718684924728
0.2550684931506849,1.0,0.0003661775910353374
0.25513839408057004,1.0,0.000366356131443888
0.2552083333333333,1.0,0.00036847475785762093
0.255278310940499,1.0,0.0003689980939925381
0.2553483269336259,1.0,0.0003692593273237074
0.2554183813443073,1.0,0.0003695238145165357
0.25548847420417126,1.0,0.0003699891250418474
0.2555586055448806,1.0,0.00037003817955557787
0.2556287753981329,1.0,0.0003703824551281666
0.25569898379566053,1.0,0.0003705377690689309
0.25576923076923075,1.0,0.0003713193168246989
0.2558395163506458,1.0,0.0003728358857858661
0.2559098405717427,1.0,0.00037283785500298513
0.2559802034643937,1.0,0.0003743545106703894
0.25605060506050603,1.0,0.00037466662283008786
0.256121045392022,1.0,0.00037747103894123114
0.2561915244909191,1.0,0.00037824557212634774
0.25626204238921,1.0,0.00037826947334876864
0.25633259911894274,1.0,0.0003784189227235297
0.2564031947122005,1.0,0.0003784776176889641
0.25647382920110195,1.0,0.00037854663201783526
0.25654450261780104,1.0,0.0003788621419394166
0.2566152149944873,1.0,0.00037913559144111425
0.2566859663633857,1.0,0.0003793810283379142
0.25675675675675674,1.0,0.0003804433523188673
0.25682758620689655,1.0,0.00038156927460171236
0.2568984547461369,1.0,0.00038511194990188495
0.25696936240684515,1.0,0.0003852117242822357
0.2570403092214246,1.0,0.00038652784708196144
0.2571112952223143,1.0,0.0003876581221021313
0.25718232044198897,1.0,0.00039006984657665025
0.2572533849129594,1.0,0.00039240208583535735
0.25732448866777224,1.0,0.00039374954130278145
0.25739563173901026,1.0,0.00039518377456067635
0.257466814159292,1.0,0.0003967771835923337
0.25753803596127245,1.0,0.0004004277507290868
0.2576092971776425,1.0,0.0004017988895832373
0.25768059784112923,1.0,0.0004035892009063996
0.25775193798449614,1.0,0.00040374864973749774
0.2578233176405428,1.0,0.0004047693461069053
0.2578947368421053,1.0,0.0004051589844706602
0.25796619562205597,1.0,0.00040555019981069654
0.2580376940133038,1.0,0.0004057848381935006
0.258109232048794,1.0,0.000405829070027025
0.2581808097615086,1.0,0.00040716771559790103
0.258252427184466,1.0,0.00040890498514459305
0.2583240843507214,1.0,0.00040921876645043067
0.25839578129336666,1.0,0.0004119149439392988
0.25846751804553025,1.0,0.00041300641271056814
0.25853929464037767,1.0,0.0004152532609611037
0.2586111111111111,1.0,0.00041866739333787503
0.2586829674909697,1.0,0.0004195321389738044
0.2587548638132296,1.0,0.0004197798659683616
0.2588268001112038,1.0,0.00042110768500828587
0.2588987764182425,1.0,0.00042137670054231144
0.25897079276773294,1.0,0.00042374201941456355
0.2590428491930996,1.0,0.00042474264268204444
0.2591149457278041,1.0,0.0004261466255882433
0.2591870824053452,1.0,0.00042765879717592345
0.25925925925925924,1.0,0.00043196545604553595
0.25933147632311976,1.0,0.00043215563190768236
0.25940373363053776,1.0,0.00043454870418255893
0.25947603121516166,1.0,0.0004350290448087758
0.25954836911067747,1.0,0.00043503075792351495
0.2596207473508087,1.0,0.0004357705965565154
0.2596931659693166,1.0,0.0004379505271621833
0.259765625,1.0,0.00043804966509142625
0.2598381244766955,1.0,0.00043907472482343534
0.2599832449036582,1.0,0.00044024550597379495
0.2600558659217877,1.0,0.00044056892421092157
0.2601285275216541,1.0,0.00044065746491534435
0.2602012297372834,1.0,0.0004428659749800846
0.2602739726027397,1.0,0.0004436589540602016
0.26034675615212527,1.0,0.00044452779213747205
0.2604195804195804,1.0,0.00044579859909452444
0.26049244543928374,1.0,0.0004484754752300471
0.260565351245452,1.0,0.0004493537414855929
0.26063829787234044,1.0,0.00044960894913647015
0.2607112853542425,1.0,0.0004501681118614999
0.2607843137254902,1.0,0.00045322792599022656
0.2608573830204539,1.0,0.00045449003622186984
0.2609304932735426,1.0,0.0004546695856578674
0.2610036445192038,1.0,0.000454893026310527
0.2610768367919237,1.0,0.0004558295134977288
0.2611500701262272,1.0,0.0004580086793149622
0.2612233445566779,1.0,0.00045863760556834793
0.26129666011787817,1.0,0.00045960558724086393
0.2613700168444694,1.0,0.0004605058696591676
0.2614434147711317,1.0,0.00046077810172934377
0.2615168539325843,1.0,0.00046110898088601456
0.26159033436358525,1.0,0.0004631220334074025
0.261663856098932,1.0,0.0004634132150994577
0.2617374191734608,1.0,0.00046394635640949504
0.2618110236220472,1.0,0.0004658309210601708
0.2618846694796062,1.0,0.0004676735811514729
0.26195835678109175,1.0,0.0004689267967520145
0.2620320855614973,1.0,0.00047204119922240173
0.26210585585585583,1.0,0.0004726423914558529
0.26217966769923967,1.0,0.0004732320300244523
0.26225352112676054,1.0,0.00047330866056154207
0.26232741617357,1.0,0.00047421691053761375
0.26240135287485905,1.0,0.0004751597163629106
0.2624753312658585,1.0,0.00047585830245723196
0.2625493513818387,1.0,0.00048096840316069945
0.26262341325811,1.0,0.00048176112334969345
0.2626975169300226,1.0,0.00048190056310506
0.2627716624329664,1.0,0.0004820353072567423
0.2628458498023715,1.0,0.0004830378677878543
0.262920079073708,1.0,0.0004843652351184567
0.26299435028248586,1.0,0.00048668747458076127
0.26306866346425545,1.0,0.0004921495183618571
0.2631430186546071,1.0,0.0004922778126185777
0.26321741588917164,1.0,0.0004926449408133304
0.2632918552036199,1.0,0.0004973116509942613
0.2633663366336634,1.0,0.000497953985891325
0.26344086021505375,1.0,0.0004981584446131764
0.26351542598358335,1.0,0.0004987705928669087
0.26359003397508496,1.0,0.0005022545548028595
0.26373937677053827,1.0,0.0005023451748443413
0.26381411164635876,1.0,0.0005024041346309342
0.2638888888888889,1.0,0.0005035734755781776
0.263963708534165,1.0,0.00050694471736463
0.2640385706182643,1.0,0.0005070364277487383
0.264113475177305,1.0,0.0005077068877751914
0.2641884222474461,1.0,0.000509224437068745
0.2642634118648879,1.0,0.000509979238027279
0.26433844406587165,1.0,0.0005102604778619016
0.2644135188866799,1.0,0.0005109499603008308
0.26448863636363634,1.0,0.0005132183793354699
0.264563796533106,1.0,0.0005133155350525336
0.26463899943149516,1.0,0.0005159308538916989
0.26471424509525165,1.0,0.0005160302588431905
0.2647895335608646,1.0,0.0005163919752184794
0.2648648648648649,1.0,0.0005178219090774927
0.2649402390438247,1.0,0.0005191995290184978
0.2650156561343581,1.0,0.0005206720320770161
0.26509111617312076,1.0,0.0005225253904356063
0.26516661919681,1.0,0.0005271886981761625
0.26524216524216526,1.0,0.0005271930638796249
0.2653177543459675,1.0,0.0005275100140679699
0.2655447803764974,1.0,0.0005304373504929733
0.26562054208273894,1.0,0.0005306126394935604
0.2656963470319635,1.0,0.0005375584549425483
0.26577219526120466,1.0,0.0005379285668040311
0.2658480868075386,1.0,0.0005419926013899814
0.2659240217080834,1.0,0.000542820908919615
0.266,1.0,0.000542824424948142
0.26607602172049155,1.0,0.0005433049610832225
0.26615208690680386,1.0,0.0005436512950384802
0.26622819559622535,1.0,0.000545780456628679
0.266304347826087,1.0,0.0005495175714916686
0.2663805436337625,1.0,0.000552270002392655
0.2664567830566686,1.0,0.0005564133507413943
0.2665330661322645,1.0,0.0005570454916361473
0.2666093928980527,1.0,0.0005582010488396696
0.26668576339157835,1.0,0.0005594620096824749
0.2667621776504298,1.0,0.0005599604594925517
0.2668386357122385,1.0,0.0005626633955273441
0.2669151376146789,1.0,0.0005634043381409145
0.26699168339546886,1.0,0.0005662129645493429
0.26706827309236947,1.0,0.0005689230065442584
0.2671449067431851,1.0,0.0005695201175632974
0.2672215843857635,1.0,0.0005717315777543856
0.267298306057996,1.0,0.0005718058878976866
0.26737507179781733,1.0,0.0005718347261215042
0.267451881643206,1.0,0.0005726073566119637
0.26752873563218393,1.0,0.0005736315667373603
0.2676056338028169,1.0,0.0005749451393087017
0.2676825761932145,1.0,0.0005776607534952188
0.2677595628415301,1.0,0.0005780128137764078
0.26783659378596086,1.0,0.0005816737738233925
0.2679907887161773,1.0,0.0005878839235293645
0.2680679527785776,1.0,0.0005889512829437159
0.26814516129032256,1.0,0.0005892023337307443
0.26822241428983,1.0,0.0005925151481669719
0.26829971181556195,1.0,0.0005927538821621968
0.2683770539060248,1.0,0.0005931955737596528
0.2684544405997693,1.0,0.0006016309776019387
0.26853187193539085,1.0,0.0006018064898134404
0.26860934795152913,1.0,0.0006059488081536566
0.2686868686868687,1.0,0.0006063078854128851
0.26876443418013857,1.0,0.0006066028657079196
0.2688420444701126,1.0,0.0006072363982921622
0.26891969959560946,1.0,0.0006089591429244182
0.2689973995954926,1.0,0.0006118160201269637
0.26907514450867054,1.0,0.0006180529595654566
0.26915293437409654,1.0,0.0006272881517712347
0.2692307692307692,1.0,0.000631595030139678
0.2693086491177321,1.0,0.000634654715084868
0.26938657407407407,1.0,0.000634760655642422
0.26946454413892906,1.0,0.000637248633391564
0.26954255935147653,1.0,0.0006401450510951502
0.2696206197509412,1.0,0.0006423084909958778
0.2696987253765933,1.0,0.0006580729975653957
0.2697768762677485,1.0,0.0006631632564404885
0.2698550724637681,1.0,0.0006657082546078363
0.2699333140040591,1.0,0.0006679978425174806
0.27001160092807425,1.0,0.0006695727304453008
0.2700899332753119,1.0,0.0006710042248252177
0.2701683110853163,1.0,0.0006719136589664048
0.27024673439767777,1.0,0.0006765810127701286
0.2703252032520325,1.0,0.0006815303549462267
0.27040371768806276,1.0,0.0006948119770145708
0.2704822777454968,1.0,0.000700275935346389
0.2705608834641093,1.0,0.0007085527611073211
0.27063953488372094,1.0,0.000709310046425707
0.27071823204419887,1.0,0.0007096174834930954
0.2707969749854567,1.0,0.0007097287611315753
0.2708757637474542,1.0,0.0007126969112015022
0.2709545983701979,1.0,0.0007132326653825465
0.2710334788937409,1.0,0.0007147960809021056
0.2711124053581829,1.0,0.000717319274047061
0.27119137780367025,1.0,0.0007206760784724554
0.2712703962703963,1.0,0.0007237085090990589
0.271349460798601,1.0,0.0007275789236091004
0.2714285714285714,1.0,0.0007315198974757921
0.27150772820064156,1.0,0.0007330892881809292
0.27158693115519256,1.0,0.0007383232741565804
0.27166618033265244,1.0,0.0007396778791906929
0.2717454757734968,1.0,0.0007463363885868942
0.27182481751824816,1.0,0.0007607392265439587
0.27190420560747663,1.0,0.0007618854450221548
0.2719836400817996,1.0,0.0007626242634638672
0.27206312098188196,1.0,0.0007651701184701465
0.2722222222222222,1.0,0.0007736220030723228
0.27230184264404794,1.0,0.0007775694429418497
0.27238150965476887,1.0,0.0007927175016107341
0.27246122329528827,1.0,0.0007927240644413228
0.2725409836065574,1.0,0.0008108108719882265
0.2726207906295754,1.0,0.0008257021633691349
0.27270064440538955,1.0,0.0008275957447176271
0.27278054497509524,1.0,0.0008298375692308857
0.2728604923798359,1.0,0.0008304320385385019
0.2729404866608033,1.0,0.0008327340418803546
0.2730205278592375,1.0,0.0008362634819090346
0.2731006160164271,1.0,0.0008430465157694697
0.27318075117370894,1.0,0.0008464550947946568
0.27326093337246843,1.0,0.0008550084428669183
0.27334116265413977,1.0,0.000861634378453222
0.2734214390602056,1.0,0.0008628563216420621
0.2735017626321974,1.0,0.0008660904239798399
0.27358213341169557,1.0,0.0008690035656982212
0.2736625514403292,1.0,0.0008754488911779234
0.2737430167597765,1.0,0.0008760737872951023
0.2738235294117647,1.0,0.0008822468524387529
0.27390408943807004,1.0,0.000882535604569472
0.27398469688051796,1.0,0.0009130171375372811
0.27406535178098324,1.0,0.0009257745033694434
0.2741460541813899,1.0,0.0009285795706691306
0.27422680412371137,1.0,0.0009313886857676322
0.27430760164997053,1.0,0.0009337797494830742
0.2743884468022399,1.0,0.0009384173644009326
0.27446933962264153,1.0,0.000943912173565249
0.2745502801533471,1.0,0.0009508849721382845
0.27463126843657815,1.0,0.0009517938898692125
0.2747123045146061,1.0,0.0009559207078732368
0.27479338842975204,1.0,0.0009568101514607734
0.27487452022438735,1.0,0.0009576246895417642
0.2749556999409333,1.0,0.0009637755150864254
0.27503692762186116,1.0,0.0009686053386691768
0.27511820330969267,1.0,0.0009842990419554895
0.2751995270469997,1.0,0.0009846251931882385
0.2752808988764045,1.0,0.0009849642654259512
0.2753623188405797,1.0,0.0009868776727241673
0.27544378698224853,1.0,0.0009897882977641028
0.2755253033441847,1.0,0.000990446723748307
0.2756068679692126,1.0,0.0009911976060320857
0.2756884809002073,1.0,0.0010004366826687919
0.27577014218009477,1.0,0.001012321807112675
0.27585185185185185,1.0,0.001016139468504658
0.27593360995850624,1.0,0.0010272216130547444
0.27601541654313666,1.0,0.001031095169433919
0.2760972716488731,1.0,0.0010317124095983394
0.27617917531889646,1.0,0.0010380218473615397
0.27626112759643917,1.0,0.0010499798964460146
0.2763431285247848,1.0,0.0010603164997981106
0.2764251781472684,1.0,0.001069815802751753
0.2765072765072765,1.0,0.0010726096107680923
0.2765894236482472,1.0,0.001074418152996453
0.27675386444708683,1.0,0.0010765412851733698
0.2768361581920904,1.0,0.0010805720080539322
0.276918500892326,1.0,0.0010892809614502237
0.27700089259149063,1.0,0.0010933045580516008
0.27708333333333335,1.0,0.0011091145841045597
0.2771658231616553,1.0,0.001111146176014707
0.27724836212030973,1.0,0.0011138045881830178
0.27733095025320226,1.0,0.001114446656582288
0.2774135876042908,1.0,0.0011195521814989487
0.2774962742175857,1.0,0.0011259182053515663
0.2775790101371497,1.0,0.001126629990474149
0.2776617954070981,1.0,0.0011323028086794094
0.27774463007159905,1.0,0.0011362200404788209
0.27782751417487317,1.0,0.0011462816378615664
0.27791044776119406,1.0,0.0011498720268240375
0.27799343087488804,1.0,0.0011512077445409272
0.27807646356033455,1.0,0.0011608617428908235
0.27815954586196595,1.0,0.0011666469774560964
0.27824267782426776,1.0,0.0011712875955074845
0.2783258594917788,1.0,0.0011734553346557017
0.2784090909090909,1.0,0.0011951333327249718
0.27849237212084954,1.0,0.0011968384006479113
0.27857570317175345,1.0,0.001197089681701996
0.27865908410655493,1.0,0.0011999608301398541
0.27874251497005986,1.0,0.001201190228746719
0.27882599580712786,1.0,0.0012068971831863458
0.27890952666267227,1.0,0.0012099337202959176
0.2789931075816602,1.0,0.001212915890369072
0.2790767386091127,1.0,0.0012129780726832563
0.279160419790105,1.0,0.0012260734976181583
0.27924415116976603,1.0,0.0012277716481705917
0.27932793279327933,1.0,0.001234384677429626
0.27941176470588236,1.0,0.0012430384262726102
0.279495646952867,1.0,0.0012513267385575266
0.2795795795795796,1.0,0.001268143701748105
0.27966356263142084,1.0,0.0012714218546962701
0.27974759615384615,1.0,0.0012771476787173835
0.2798316801923655,1.0,0.001277791403350517
0.27991581479254357,1.0,0.0012841213935170892
0.28,1.0,0.0012933956405513465
0.28008423586040915,1.0,0.0012954229832956045
0.28016852241950047,1.0,0.0012995621956016744
0.2802528597230584,1.0,0.001302872249528574
0.2803372478169226,1.0,0.0013035039444899265
0.280421686746988,1.0,0.0013035115007383464
0.28050617655920457,1.0,0.0013245127778974196
0.2805907172995781,1.0,0.0013252804316366451
0.2806753090141694,1.0,0.0013382008443757463
0.2807599517490953,1.0,0.0013391744396430358
0.2808446455505279,1.0,0.0013416515684269532
0.28092939046469523,1.0,0.001346382086146131
0.28101418653788107,1.0,0.001349261176033859
0.28109903381642515,1.0,0.0013511646174702084
0.28118393234672306,1.0,0.0013556186777340606
0.2812688821752266,1.0,0.001359425006843057
0.28135388334844363,1.0,0.001362874871745899
0.28143893591293834,1.0,0.0013767326131006456
0.2815240399153311,1.0,0.0013802218571144697
0.28160919540229884,1.0,0.0013806338879959806
0.28169440242057486,1.0,0.0013956083434170045
0.28195033313143547,1.0,0.0013999554364018307
0.2820357467434111,1.0,0.0014041400589391024
0.282292298362644,1.0,0.0014050335260262898
0.2823779193205945,1.0,0.0014162570707948008
0.2824635922330097,1.0,0.0014182597148973924
0.2825493171471927,1.0,0.00142401697557517
0.28263509411050397,1.0,0.0014249673695931697
0.28272092317036135,1.0,0.0014425604919591389
0.2828068043742406,1.0,0.001450970817859457
0.2828927377696749,1.0,0.0014512465817770302
0.28297872340425534,1.0,0.0014519969244756758
0.2830647613256309,1.0,0.0014571456210035944
0.2831508515815085,1.0,0.001466052977562905
0.2832369942196532,1.0,0.001466707032262558
0.283323189287888,1.0,0.0014677442509558503
0.28340943683409436,1.0,0.0014729487042185905
0.28349573690621194,1.0,0.001481741228825251
0.2835820895522388,1.0,0.0014819525197627681
0.28366849482023154,1.0,0.0014876933049742308
0.28375495275830537,1.0,0.0014980242359538367
0.2838414634146341,1.0,0.001499605081387429
0.28392802683745044,1.0,0.0015161560274763917
0.28401464307504576,1.0,0.0015175135892670406
0.2841013121757705,1.0,0.001519210747751395
0.2841880341880342,1.0,0.001537890938315186
0.28427480916030534,1.0,0.0015386044685367641
0.28444851817904065,1.0,0.0015472911164864343
0.2845354523227384,1.0,0.0015505436289790881
0.28462243962091105,1.0,0.0015526390040758724
0.28470948012232417,1.0,0.001553910578033181
0.284796573875803,1.0,0.001564070317226251
0.28488372093023256,1.0,0.0015664043319176299
0.2849709213345577,1.0,0.0015714263526868987
0.2850581751377832,1.0,0.0015884668653999652
0.28514548238897397,1.0,0.0016056918678792023
0.2852328431372549,1.0,0.0016119593152713054
0.2853202574318112,1.0,0.0016231033510303128
0.2855828220858896,1.0,0.0016349071074080142
0.28567045105860694,1.0,0.001640703327102403
0.2858458704329137,1.0,0.0016409319025366385
0.28593366093366096,1.0,0.0016425957498323893
0.2860215053763441,1.0,0.0016433608373957976
0.28610940381069455,1.0,0.001643781012041383
0.2861973562865048,1.0,0.0016542141679344701
0.28628536285362854,1.0,0.0016556777127336721
0.2863734235619809,1.0,0.0016717961403506895
0.28646153846153843,1.0,0.0016760809273751358
0.28654970760233917,1.0,0.0016764769150796597
0.2867262088081306,1.0,0.0016830201898019046
0.28681454097350584,1.0,0.0016855380464273573
0.2869029275808937,1.0,0.0016867227527886251
0.2869913686806412,1.0,0.0016874750891975494
0.2870798643231576,1.0,0.0016946546602432373
0.28716841455891423,1.0,0.0016964248336441567
0.28725701943844495,1.0,0.0016966092058574459
0.2873456790123457,1.0,0.0016976728212506787
0.2874343933312751,1.0,0.0017050114020392116
0.2875231624459543,1.0,0.0017060959892112757
0.2876119864071671,1.0,0.0017130291653077584
0.2877008652657602,1.0,0.0017157736896991822
0.28778979907264296,1.0,0.001726490226584216
0.2878787878787879,1.0,0.0017266010392723479
0.28796783173523044,1.0,0.0017273384868691215
0.2880569306930693,1.0,0.0017309243320252799
0.28814608480346643,1.0,0.0017383606076303026
0.28823529411764703,1.0,0.0017457483444121664
0.2883245586869,1.0,0.0017460667505919808
0.28841387856257744,1.0,0.0017466451514559723
0.2885032537960954,1.0,0.0017503769674677774
0.28859268443893366,1.0,0.0017523956681061415
0.2886821705426357,1.0,0.0017618590917390744
0.2887717121588089,1.0,0.0017676270483531593
0.288861309339125,1.0,0.0017713077690472618
0.2889509621353197,1.0,0.0017760948303096457
0.2890406705991928,1.0,0.0017812993375551768
0.2891304347826087,1.0,0.001785973808245795
0.28922025473749613,1.0,0.0018002695738000315
0.28931013051584836,1.0,0.0018013066948252
0.28940006216972336,1.0,0.0018021516962801903
0.28949004975124376,1.0,0.0018079281738144785
0.2896701929060361,1.0,0.0018087344740647358
0.289760348583878,1.0,0.0018197871343177375
0.2898505603985056,1.0,0.0018200831286431438
0.28994082840236685,1.0,0.0018215875461972601
0.290121533187909,1.0,0.001821689624525322
0.290211970074813,1.0,0.001822453618265686
0.2903024633613969,1.0,0.0018247091946800781
0.2903930131004367,1.0,0.0018275286127660145
0.2904836193447738,1.0,0.0018321157138909878
0.29057428214731584,1.0,0.0018328611038749042
0.29066500156103653,1.0,0.0018351183182117802
0.29075577763897564,1.0,0.001841936760058757
0.2908466104342393,1.0,0.0018487324969992394
0.2909375,1.0,0.0018500971021667635
0.2910284463894967,1.0,0.0018607726044356622
0.29111944965603503,1.0,0.0018731956606406832
0.2912105098529872,1.0,0.0018741101098930166
0.29130162703379225,1.0,0.0018815811231202321
0.29139280125195616,1.0,0.0018831851893451196
0.291484032561052,1.0,0.0018835878667575758
0.2915753210147197,1.0,0.0018877434707534192
0.2916666666666667,1.0,0.0018935023470631573
0.2917580695706675,1.0,0.0018983817630939704
0.2918495297805643,1.0,0.0019041442572954705
0.29194104735026655,1.0,0.0019080743834388812
0.29203262233375155,1.0,0.001911164135887129
0.2921242547850643,1.0,0.0019113956160594825
0.29221594475831764,1.0,0.001915519846662625
0.2923076923076923,1.0,0.0019216952837249426
0.2923994974874372,1.0,0.0019237668164238878
0.2924913603518693,1.0,0.0019268585579538438
0.292583280955374,1.0,0.0019291642037962049
0.2926752593524049,1.0,0.001930982476877798
0.29285938974520287,1.0,0.0019326101147882524
0.29295154185022027,1.0,0.0019361047621995842
0.2931360201511335,1.0,0.001942780705861829
0.29322834645669293,1.0,0.0019433289473216135
0.2933207309388784,1.0,0.0019466974753092456
0.2934131736526946,1.0,0.0019479061809617143
0.29350567465321564,1.0,0.001956349605781016
0.293598233995585,1.0,0.001962453147731737
0.2937835279267908,1.0,0.0019635835176339865
0.29387626262626265,1.0,0.0019645044940934846
0.2939690558888538,1.0,0.0019837525557528544
0.29406190777005686,1.0,0.0019983779763826713
0.2942477876106195,1.0,0.002016078622782081
0.2943408156813152,1.0,0.0020223677859077375
0.2944339025932954,1.0,0.002025419868441046
0.2945270484024043,1.0,0.002034414562203818
0.294620253164557,1.0,0.0020347232373225904
0.29471351693573916,1.0,0.0020364917590453765
0.2948068397720076,1.0,0.002054698865661483
0.29490022172949004,1.0,0.0020557503387183805
0.2949936628643853,1.0,0.002060979049066228
0.2950871632329635,1.0,0.002066445889557584
0.29518072289156627,1.0,0.0020821214923223198
0.2952743418966064,1.0,0.0020823476956938172
0.29546175817200887,1.0,0.002095777349653355
0.29555555555555557,1.0,0.0020991355412684105
0.2956494125119085,1.0,0.0021056288018405215
0.2957433290978399,1.0,0.002107824606631361
0.2958373053701938,1.0,0.002109303999718469
0.29593134138588684,1.0,0.002110695506145655
0.29602543720190777,1.0,0.0021135547257916847
0.2961195928753181,1.0,0.0021185093637183334
0.2962138084632517,1.0,0.002120048702295614
0.29630808402291536,1.0,0.002122700403874427
0.29640241961158864,1.0,0.002130525950834921
0.2964968152866242,1.0,0.002133373371449113
0.2965912711054476,1.0,0.0021413320454464983
0.29668578712555765,1.0,0.0021414520032125195
0.2967803634045266,1.0,0.0021414697081532956
0.296875,1.0,0.002143001753999585
0.296969696969697,1.0,0.002146540710083705
0.2970644543714103,1.0,0.0021572327501437837
0.2971592722630067,1.0,0.0021582263895364184
0.29725415070242656,1.0,0.002160754421290403
0.2973490897476844,1.0,0.002170086898305511
0.297444089456869,1.0,0.0021766531276551093
0.2975391498881432,1.0,0.0021779023177280446
0.2976342710997442,1.0,0.0021825477737472585
0.297729453149984,1.0,0.002185005690715317
0.2978246960972489,1.0,0.0021856690148179276
0.29792,1.0,0.0021894779256417737
0.2980153649167734,1.0,0.0021908045379958174
0.29811079090618,1.0,0.0021921873487301385
0.2982062780269058,1.0,0.002192959271260976
0.2983018263377123,1.0,0.002212260409310228
0.2983974358974359,1.0,0.0022324832220406215
0.2984931067649888,1.0,0.00223995841245945
0.29858883899935856,1.0,0.0022495563256416935
0.2986846326596086,1.0,0.0022515062407333646
0.29878048780487804,1.0,0.0022525547744197626
0.298876404494382,1.0,0.0022591615196658065
0.2989723827874117,1.0,0.0022605961456191484
0.2990684227433344,1.0,0.002265828441109719
0.2991645244215938,1.0,0.002272960343563113
0.29926068788171006,1.0,0.0022773192280398096
0.2993569131832797,1.0,0.002284521846065883
0.29945320038597617,1.0,0.0022939964288385246
0.29954954954954954,1.0,0.0022942944754507635
0.2996459607338268,1.0,0.002296789432839829
0.29974243399871214,1.0,0.0023016383008166333
0.29993556701030927,1.0,0.0023116849480842214
0.3000322268772156,1.0,0.00231297409436732
0.3001289490651193,1.0,0.002313145561989988
0.3002257336343115,1.0,0.0023188542774637984
0.30032258064516126,1.0,0.002322069275626534
0.30041949015811553,1.0,0.002327009147605052
0.30051646223369916,1.0,0.002336788757597536
0.3006134969325153,1.0,0.0023407884023428868
0.3007105943152455,1.0,0.002344743961917628
0.30080775444264946,1.0,0.00234980277162569
0.3009049773755656,1.0,0.002351788844045708
0.3010996119016818,1.0,0.002355226532701971
0.30119702361695244,1.0,0.0023578909933983138
0.301294498381877,1.0,0.002359593860778589
0.30139203625768857,1.0,0.002377271441716774
0.3014896373056995,1.0,0.002385160826820472
0.30158730158730157,1.0,0.0023895936823897096
0.3016850291639663,1.0,0.0023947587420969692
0.3017828200972447,1.0,0.0023988040849152663
0.3018806744487678,1.0,0.002407573498113661
0.30197859228024654,1.0,0.0024080101626445306
0.3020765736534718,1.0,0.002410929080509081
0.3021746186303148,1.0,0.002412517079896522
0.30227272727272725,1.0,0.0024223337663724686
0.30237089964274116,1.0,0.002424794873849828
0.30246913580246915,1.0,0.002427014774246573
0.30256743581410467,1.0,0.002430311250545059
0.30266579973992197,1.0,0.002434983247192606
0.3027642276422764,1.0,0.00243714694570166
0.30286271958360445,1.0,0.0024650303739771145
0.30296127562642367,1.0,0.0024751076266157812
0.3030598958333333,1.0,0.0024912292684687856
0.303158580267014,1.0,0.002502327215983501
0.303257328990228,1.0,0.0025125357970425433
0.3033561420658195,1.0,0.0025162325433378853
0.30345501955671444,1.0,0.002529028322903437
0.3035539615259211,1.0,0.0025364511730453653
0.3036529680365297,1.0,0.0025434924132880328
0.3037520391517129,1.0,0.002544471273522724
0.3040496407576747,1.0,0.002548732539895778
0.30414897092453447,1.0,0.002563929520625836
0.30424836601307187,1.0,0.0025762963907754234
0.30434782608695654,1.0,0.002582384239628485
0.30444735120994115,1.0,0.002584120648915517
0.30464659685863876,1.0,0.0025883610288472726
0.30474631751227493,1.0,0.0025884007214125758
0.3048461034708579,1.0,0.002591704778206404
0.3049459547985588,1.0,0.0025958684948647276
0.30504587155963303,1.0,0.00259620039829481
0.3051458538184202,1.0,0.002604730039526641
0.3052459016393443,1.0,0.002608831429424754
0.3053460150869137,1.0,0.002610293299923146
0.3054461942257218,1.0,0.002614296794392104
0.3055464391204463,1.0,0.002622658924502327
0.3056467498358503,1.0,0.002628063024382444
0.3057471264367816,1.0,0.002640409928698578
0.3060486522024984,1.0,0.0026457331682246473
0.3061492929957251,1.0,0.0026497510841034183
0.30625,1.0,0.0026565311950340173
0.30635077328068444,1.0,0.0026814870016305843
0.3064516129032258,1.0,0.002689754128479002
0.3065525189331577,1.0,0.002694140143783785
0.30665349143610016,1.0,0.002697922027761605
0.30675453047775947,1.0,0.002698357734656804
0.3068556361239288,1.0,0.002707288856379275
0.30695680844048795,1.0,0.0027105323082269183
0.3071593533487298,1.0,0.0027143934838517983
0.30726072607260724,1.0,0.002716044255136645
0.30736216573126446,1.0,0.0027271448683312467
0.3074636723910172,1.0,0.002728385062179541
0.3075652461182689,1.0,0.0027315750032712513
0.3076668869795109,1.0,0.002750423515942227
0.3077685950413223,1.0,0.0027536566979029817
0.30787037037037035,1.0,0.0027565301919880176
0.30797221303341055,1.0,0.0027695675368148297
0.30807412309728655,1.0,0.002771164778163093
0.3081761006289308,1.0,0.0027712517692212637
0.3082781456953642,1.0,0.002772445847028394
0.3083802583636966,1.0,0.0027735125747339424
0.30848243870112657,1.0,0.0027797948729051634
0.308584686774942,1.0,0.0027865409064984233
0.3088918380889184,1.0,0.0027876360745661237
0.3089943577829406,1.0,0.0027910672578287912
0.3090969455511288,1.0,0.0028013757756921794
0.30919960146130854,1.0,0.002816720921202828
0.30930232558139537,1.0,0.0028254979316389406
0.30940511797939513,1.0,0.0028305255079617013
0.30950797872340424,1.0,0.0028411807365508004
0.30961090788160955,1.0,0.002841296859400096
0.3097139055222888,1.0,0.0028421782967628837
0.30981697171381034,1.0,0.002842908394302653
0.3099201065246338,1.0,0.0028435613987839517
0.31002331002331,1.0,0.002863505587607289
0.3102299233588804,1.0,0.002866349112799545
0.31033333333333335,1.0,0.0028719508311285153
0.3104368122707569,1.0,0.002873360259961293
0.31054036024016013,1.0,0.0028973909898366377
0.31064397731064397,1.0,0.0029175959085805904
0.3107476635514019,1.0,0.002920172572402401
0.31085141903171953,1.0,0.0029258844432164736
0.3109552438209753,1.0,0.002928177529285361
0.31105913798864016,1.0,0.0029293565510000617
0.31116310160427807,1.0,0.0029324252632323355
0.31126713473754597,1.0,0.0029336172877485103
0.311371237458194,1.0,0.002952218403073771
0.3114754098360656,1.0,0.0029607767121774637
0.3115796519410977,1.0,0.0029613723422441136
0.31168396384332103,1.0,0.0029663478769323733
0.31178834561286,1.0,0.0029831139994492013
0.311892797319933,1.0,0.0029895738446749447
0.31199731903485256,1.0,0.002998214881820909
0.31210191082802546,1.0,0.003001104202917129
0.31220657276995306,1.0,0.003049449564408239
0.3123113049312311,1.0,0.0030527685189839834
0.3124161073825503,1.0,0.0030583150605059412
0.3125209801946962,1.0,0.0030596957738497255
0.31262592343854934,1.0,0.0030628508205698584
0.31273093718508566,1.0,0.0030635319212019524
0.31283602150537637,1.0,0.0030636752659604642
0.3129411764705882,1.0,0.0030710576281917524
0.31304640215198387,1.0,0.0030798453720496033
0.3131516986209216,1.0,0.0031078282555190456
0.313257065948856,1.0,0.0031198311866518537
0.3133625042073376,1.0,0.003123468957839439
0.31346801346801345,1.0,0.0031256216355113387
0.31357359380262717,1.0,0.0031330948949536254
0.3136792452830189,1.0,0.003140177633606339
0.3137849679811257,1.0,0.003158160336500304
0.3138907619689818,1.0,0.003200580306989476
0.31399662731871836,1.0,0.00321574732936753
0.3141025641025641,1.0,0.0032222637756040553
0.3142085723928451,1.0,0.0032229690613167594
0.31431465226198513,1.0,0.003238892522961515
0.3144208037825059,1.0,0.0032462891030394857
0.314527027027027,1.0,0.0032798814526155697
0.31463332206826633,1.0,0.0032962460218620778
0.31473968897903987,1.0,0.0033005117702168945
0.3148461278322624,1.0,0.0033392963969132196
0.31495263870094725,1.0,0.003364204345401737
0.31505922165820643,1.0,0.003381259404507029
0.31516587677725116,1.0,0.003381863644155612
0.3152726041313918,1.0,0.003398288010874525
0.31537940379403795,1.0,0.0034004831299981556
0.31548627583869876,1.0,0.003449050575081824
0.31559322033898307,1.0,0.003451315298267368
0.31570023736859953,1.0,0.003456120551513372
0.31580732700135683,1.0,0.0035289543036859695
0.3159144893111639,1.0,0.0035542499589236772
0.31602172437202986,1.0,0.0035616724947347103
0.3161290322580645,1.0,0.003567558899923076
0.31623641304347827,1.0,0.003577184011059409
0.3163438668025824,1.0,0.003588528283701931
0.31645139360978924,1.0,0.0035886721552570748
0.31655899353961237,1.0,0.0035930490389213675
0.31666666666666665,1.0,0.0035959833244880654
0.3167744130656686,1.0,0.0035981683044365854
0.31688223281143635,1.0,0.003600804853680892
0.31699012597889004,1.0,0.0036354070655322474
0.3170980926430518,1.0,0.0036397716772710053
0.317206132879046,1.0,0.0036421611744740794
0.3173142467620995,1.0,0.0036436044333619474
0.31742243436754175,1.0,0.003655931087354839
0.3175306957708049,1.0,0.0037027347539767166
0.3176390310474241,1.0,0.0037083583274606876
0.31774744027303753,1.0,0.003726988642451992
0.3178559235233868,1.0,0.0037648083643370637
0.31796448087431695,1.0,0.003799690951319971
0.31807311240177655,1.0,0.003805960855143263
0.3181818181818182,1.0,0.003828059471064059
0.3182905982905983,1.0,0.003843331658985536
0.3183994528043776,1.0,0.0038581483158827393
0.31850838179952107,1.0,0.0038656075496368418
0.3186173853524983,1.0,0.0038825543750429206
0.3187264635398836,1.0,0.003915743610343468
0.3188356164383562,1.0,0.003918341220992429
0.31894484412470026,1.0,0.003922990078035978
0.31905414667580534,1.0,0.003924403822498511
0.31916352416866645,1.0,0.003940432855221421
0.31927297668038407,1.0,0.00397157959978087
0.31938250428816467,1.0,0.003973530287059883
0.3194921070693205,1.0,0.003991493695895392
0.3196017851012702,1.0,0.0040139243984412265
0.31971153846153844,1.0,0.004047879774281596
0.3198213672277568,1.0,0.004053304745811833
0.3199312714776632,1.0,0.004055108371541821
0.32004125128910277,1.0,0.004059338267059002
0.3201513067400275,1.0,0.004060325363857897
0.3202614379084967,1.0,0.0040605043512359175
0.3203716448726772,1.0,0.004090658993720739
0.3204819277108434,1.0,0.004122426999333153
0.3205922865013774,1.0,0.004127174769770409
0.32070272132276956,1.0,0.0041323953121079355
0.32092381937263015,1.0,0.00414762823161195
0.3210344827586207,1.0,0.004156408107122636
0.32114522249051397,1.0,0.004188913447744633
0.321256038647343,1.0,0.004245149599576237
0.3213669313082499,1.0,0.004252520707494073
0.3214779005524862,1.0,0.0042679308176518755
0.32158894645941277,1.0,0.004269646976910407
0.32170006910850035,1.0,0.004277778791549496
0.3218112685793294,1.0,0.004283661201831637
0.3219225449515906,1.0,0.004315380819824535
0.3220338983050847,1.0,0.004315842259302799
0.3221453287197232,1.0,0.004320132928304604
0.32225683627552787,1.0,0.0043233303235172636
0.3223684210526316,1.0,0.004338537778053251
0.32248008313127813,1.0,0.0043395244143457235
0.3225918225918226,1.0,0.004351898748736151
0.32270363951473136,1.0,0.004356346668701659
0.32281553398058255,1.0,0.004376608184487793
0.32292750607006593,1.0,0.004407891980342873
0.32303955586398336,1.0,0.004419527596015841
0.32315168344324885,1.0,0.004424135929722341
0.3232638888888889,1.0,0.004428191132143393
0.32337617228204235,1.0,0.004459354564570822
0.3234885337039611,1.0,0.00446739593020792
0.3236009732360097,1.0,0.004475775102767637
0.32371349095966623,1.0,0.004519419103679675
0.32382608695652176,1.0,0.004520361457633094
0.32393876130828114,1.0,0.004525026667661553
0.32405151409676297,1.0,0.00453598936439626
0.3241643454038997,1.0,0.004590809306156086
0.32427725531173807,1.0,0.004596948023592901
0.32439024390243903,1.0,0.0046016393780740905
0.32450331125827814,1.0,0.0046030202972643045
0.32461645746164575,1.0,0.004652035253866539
0.3247296825950471,1.0,0.0046535105066380904
0.32484298674110257,1.0,0.004655353405618673
0.324956369982548,1.0,0.004683556651758616
0.32506983240223464,1.0,0.004689432639534564
0.3251833740831296,1.0,0.004703079419306745
0.3252969951083159,1.0,0.004705678340132782
0.3255244755244755,1.0,0.0047189900664914
0.3256383350821966,1.0,0.004719501068523706
0.3257522743177047,1.0,0.004721205805657498
0.3258662933146657,1.0,0.004732074867571715
0.32598039215686275,1.0,0.004735340458948327
0.32609457092819616,1.0,0.004768391325180144
0.32620882971268395,1.0,0.0047771825097856465
0.326323168594462,1.0,0.004822669714002543
0.326437587657784,1.0,0.004824765770916202
0.3265520869870221,1.0,0.0048366470524601425
0.32666666666666666,1.0,0.004862586988336009
0.32678132678132676,1.0,0.0049105060792054706
0.32689606741573035,1.0,0.004960271857268633
0.3270108886547243,1.0,0.004965499143875606
0.3271257905832748,1.0,0.0049933874824191985
0.3272407732864675,1.0,0.004996832499517878
0.32735583684950775,1.0,0.00500105746992476
0.32747098135772074,1.0,0.005013708232723463
0.3275862068965517,1.0,0.00503416799873317
0.32770151355156635,1.0,0.005049144657660147
0.3278169014084507,1.0,0.005064858479570458
0.3279323705530116,1.0,0.0050734398870110305
0.32804792107117686,1.0,0.005076218448704803
0.3281635530489954,1.0,0.005105408289812534
0.32839506172839505,1.0,0.005108415410991776
0.3285109386026817,1.0,0.005109724592828269
0.3286268972820332,1.0,0.005120252030735612
0.3287429378531073,1.0,0.005145257647839446
0.3288590604026846,1.0,0.0051479064916600354
0.32897526501766783,1.0,0.005150390893777121
0.3290915517850831,1.0,0.005151258136894723
0.3292079207920792,1.0,0.005160573147788865
0.3293243721259285,1.0,0.005176383429522909
0.3294409058740269,1.0,0.005212735391439726
0.32955752212389383,1.0,0.005228137746941168
0.3296742209631728,1.0,0.005249912203182971
0.3297910024796316,1.0,0.005272687992127672
0.3299078667611623,1.0,0.005275793119735512
0.33002481389578164,1.0,0.005281182450013498
0.3301418439716312,1.0,0.005290194992336909
0.33025895707697767,1.0,0.005291567426362062
0.3303761533002129,1.0,0.005296285594208762
0.33049343272985443,1.0,0.00532066686655878
0.33061079545454547,1.0,0.00535350181784448
0.3307282415630551,1.0,0.005377922829529469
0.3308457711442786,1.0,0.00538722537184845
0.3310810810810811,1.0,0.0054266298339087915
0.3313167259786477,1.0,0.00544166604840735
0.33143467426130296,1.0,0.005445418647406839
0.3315527065527066,1.0,0.005472779477796365
0.3316708229426434,1.0,0.005494960603512158
0.33178902352102635,1.0,0.005500048077304918
0.3319073083778966,1.0,0.005504237053020654
0.33202567760342366,1.0,0.005528865179332416
0.3321441312879058,1.0,0.005539752408941586
0.33226266952177014,1.0,0.005610350037464649
0.332381292395573,1.0,0.005614299108036832
0.3325,1.0,0.0056155391138960654
0.3326187924258664,1.0,0.005617282539696092
0.3327376697641172,1.0,0.005623775882454005
0.33285663210582767,1.0,0.005640997216826202
0.33297567954220314,1.0,0.005660083304829982
0.3330948121645796,1.0,0.005674254452849282
0.33321403006442374,1.0,0.00568450979318109
0.3334527220630373,1.0,0.005687856059140697
0.3335721963453959,1.0,0.005711589962359982
0.33369175627240144,1.0,0.005721960847505812
0.33381140193617787,1.0,0.005742203278903388
0.33393113342898134,1.0,0.005798155543636814
0.3340509508432006,1.0,0.005806525215541655
0.3341708542713568,1.0,0.005811359350466547
0.33429084380610413,1.0,0.005848958991348522
0.3344109195402299,1.0,0.005896909795485344
0.3345310815666547,1.0,0.005900136671000913
0.3346513299784328,1.0,0.005913571332246629
0.33477166486875226,1.0,0.005947276983660992
0.33489208633093526,1.0,0.005960575731754256
0.3350125944584383,1.0,0.0059774160730223635
0.3351331893448524,1.0,0.005987749354967342
0.3352538710839035,1.0,0.006019561526707998
0.3353746397694525,1.0,0.0060282213732994324
0.3354954954954955,1.0,0.006062852169186417
0.3356164383561644,1.0,0.006067685616469005
0.33573746844572666,1.0,0.00608996445383495
0.33597979068928185,1.0,0.0060940180930103005
0.336101083032491,1.0,0.00610401649129644
0.3362224629830264,1.0,0.006109647991192811
0.3363439306358382,1.0,0.006114089733592771
0.33646548608601373,1.0,0.006128298656315862
0.336587129428778,1.0,0.006155701796557083
0.3367088607594937,1.0,0.006180633598873984
0.33683068017366136,1.0,0.00625471531050993
0.33695258776692,1.0,0.006264988942640627
0.33707458363504705,1.0,0.006273465538704936
0.3371966678739587,1.0,0.0062837022022762465
0.3373188405797101,1.0,0.006289299402899284
0.33756345177664976,1.0,0.006296716897500803
0.3376858904606456,1.0,0.006309623126043433
0.33780841799709727,1.0,0.006321298016068492
0.33793103448275863,1.0,0.0063334214008717105
0.3380537400145243,1.0,0.006337211046174953
0.3381765346894297,1.0,0.006340692129644702
0.3382994186046512,1.0,0.0063418591647625925
0.3384223918575064,1.0,0.006361026694277888
0.33854545454545454,1.0,0.0063689104327911755
0.3386686067660968,1.0,0.006378218089692501
0.33879184861717615,1.0,0.006397180050433382
0.33891518019657807,1.0,0.006401769781774469
0.3390386016023307,1.0,0.006410298016050017
0.33916211293260473,1.0,0.006411447765982561
0.3392857142857143,1.0,0.00641948397859394
0.33940940576011663,1.0,0.006438142901498465
0.33953318745441285,1.0,0.006455058397280353
0.3396570594673477,1.0,0.0064708509545790775
0.33978102189781023,1.0,0.00647876764014006
0.3399050748448339,1.0,0.006513456964455135
0.3400292184075968,1.0,0.0065249801355684416
0.340153452685422,1.0,0.006534049419551694
0.3402777777777778,1.0,0.006550758082552875
0.3404021937842779,1.0,0.006563691139952393
0.3405267008046818,1.0,0.006565198102640898
0.340651298938895,1.0,0.006593711722719263
0.34077598828696926,1.0,0.006595109846344667
0.3409007689491029,1.0,0.0066007247959264
0.34102564102564104,1.0,0.0066065038512254076
0.34115060461707586,1.0,0.0066131653490482615
0.3412756598240469,1.0,0.006623194337467632
0.3414008067473414,1.0,0.006636876425427067
0.34152604548789434,1.0,0.006639399212241438
0.341651376146789,1.0,0.006693449422320704
0.34177679882525697,1.0,0.006746976820179163
0.34190231362467866,1.0,0.006749818796781505
0.3420279206465834,1.0,0.006764867652416455
0.34215361999264976,1.0,0.006765656663213644
0.3422794117647059,1.0,0.006849802329423118
0.3424052960647297,1.0,0.006856594036244834
0.34253127299484915,1.0,0.006867527461776143
0.34265734265734266,1.0,0.006873192858713427
0.3427835051546392,1.0,0.006896221092229551
0.3429097605893186,1.0,0.006946585904227404
0.343036109064112,1.0,0.006963877499200034
0.34316255068190193,1.0,0.006963996202281709
0.34328908554572274,1.0,0.007001743452859507
0.3434157137587606,1.0,0.007032301752227887
0.34354243542435425,1.0,0.007034227000965869
0.34366925064599485,1.0,0.0070900545198118725
0.34379615952732645,1.0,0.007121757103704289
0.3439231621721463,1.0,0.007138461419005472
0.34405025868440503,1.0,0.007167573282053362
0.34417744916820703,1.0,0.00718098650123507
0.3443047337278107,1.0,0.0071905841412545695
0.34443211246762856,1.0,0.007210125927159276
0.344559585492228,1.0,0.0072313193734915154
0.344687152906331,1.0,0.007292445639741951
0.3448148148148148,1.0,0.007293231402853894
0.3451983685576567,1.0,0.00731734957761206
0.34532640949554894,1.0,0.0073886717653236155
0.34545454545454546,1.0,0.007433900828968267
0.34558277654046027,1.0,0.00744252782243015
0.34571110285926476,1.0,0.007516708302138529
0.34583952451708766,1.0,0.007533609514545201
0.34596804162021555,1.0,0.007623466195591643
0.34609665427509295,1.0,0.0076948816388260274
0.3462253625883228,1.0,0.007729738027783643
0.3463541666666667,1.0,0.007744611275104487
0.34648306661704503,1.0,0.007748722480659745
0.3466120625465376,1.0,0.007757585774310138
0.34674115456238364,1.0,0.007771903259271382
0.34687034277198214,1.0,0.007774200907116
0.3469996272828923,1.0,0.007790419628411182
0.3471290082028337,1.0,0.007861619924455351
0.3472584856396867,1.0,0.007880295597813922
0.34738805970149256,1.0,0.007915787282532328
0.3475177304964539,1.0,0.007953255189857107
0.34764749813293505,1.0,0.008013163746858305
0.3477773627194621,1.0,0.008078393093776459
0.3479073243647235,1.0,0.0081023205893994
0.3480373831775701,1.0,0.008123381033168823
0.3481675392670157,1.0,0.008135297540155604
0.3482977927422372,1.0,0.008169348225238992
0.34842814371257486,1.0,0.008171689340546838
0.3485585922875328,1.0,0.008199598134586344
0.348689138576779,1.0,0.008204749278319384
0.34881978269014613,1.0,0.008219156465767385
0.34895052473763116,1.0,0.008276578804351028
0.34908136482939633,1.0,0.008281506471227577
0.34921230307576895,1.0,0.0083610567857061
0.349343339587242,1.0,0.008395789362526369
0.3494744744744745,1.0,0.008402117089550807
0.3496057078482914,1.0,0.00842471220434234
0.34973703981968446,1.0,0.008512281991282327
0.3498684704998121,1.0,0.008583430723221224
0.35,1.0,0.008596244636431752
0.3501316284317413,1.0,0.008602514535079523
0.35026335590669677,1.0,0.00865226084395373
0.35039518253669555,1.0,0.008665738513782205
0.3505271084337349,1.0,0.008684365453113782
0.35065913370998114,1.0,0.00885974075165573
0.35079125847776943,1.0,0.008896988062124269
0.35092348284960423,1.0,0.008922741247277093
0.35105580693815985,1.0,0.009059910836373412
0.35118823085628065,1.0,0.009110277595375726
0.35132075471698115,1.0,0.009294812452027408
0.35145337863344656,1.0,0.009330624932560113
0.35158610271903323,1.0,0.009330748564305366
0.3517189270872686,1.0,0.00937815010917102
0.35185185185185186,1.0,0.009433939587793462
0.35198487712665405,1.0,0.009479708904975534
0.3521180030257186,1.0,0.009679852444196044
0.35225122966326144,1.0,0.009724907605712962
0.35238455715367145,1.0,0.009796535520721347
0.35265151515151516,1.0,0.009880470712329286
0.35278514588859416,1.0,0.009892671168571811
0.3525398028809704,0.9989258861439313,0.009908285268557424
0.35267349260523323,0.9989258861439313,0.009947137417585392
0.3528072837632777,0.9989258861439313,0.010006261832049529
0.35294117647058826,0.9989258861439313,0.010022870031333387
0.3530751708428246,0.9989258861439313,0.010068641598164589
0.3532092669958223,0.9989258861439313,0.010101915427094176
0.3533434650455927,0.9989258861439313,0.010126977966101123
0.35347776510832385,0.9989258861439313,0.010128806123700122
0.35361216730038025,0.9989258861439313,0.010144243651477118
0.35374667173830354,0.9989258861439313,0.01021354030458866
0.3538812785388128,0.9989258861439313,0.010229860734185114
0.3540159878188047,0.9989258861439313,0.010241639837029493
0.3541507996953541,0.9989258861439313,0.010255235253066623
0.35428571428571426,0.9989258861439313,0.0103096317086917
0.3544207317073171,0.9989258861439313,0.010373306068106616
0.3545558520777735,0.9989258861439313,0.010405484936107063
0.35469107551487417,0.9989258861439313,0.0104448235218104
0.3548264021365891,0.9989258861439313,0.010492509735567791
0.3549618320610687,0.9989258861439313,0.010494305464009514
0.3550973654066438,0.9989258861439313,0.0105271587116692
0.3552330022918258,0.9989258861439313,0.010658800535308275
0.3553687428353076,0.9989258861439313,0.010660528022725359
0.3555045871559633,0.9989258861439313,0.01070323753803821
0.35564053537284895,0.9989258861439313,0.010786363015049708
0.35577658760520275,0.9989258861439313,0.010819058204119858
0.3559127439724455,0.9989258861439313,0.01083915617581255
0.3560490045941807,0.9989258861439313,0.010858159119817652
0.3561853695901953,0.9989258861439313,0.010933590380731297
0.3563218390804598,0.9989258861439313,0.010939369565245483
0.3564584131851284,0.9989258861439313,0.010952968190207064
0.3567318757192175,0.9989258861439313,0.011044251636149685
0.35686876438986953,0.9989258861439313,0.011117714794751645
0.3570057581573896,0.9989258861439313,0.011187256417336052
0.35714285714285715,0.9989258861439313,0.01119788020959209
0.35728006146753744,0.9989258861439313,0.011343757121101921
0.3575547866205306,0.9989258861439313,0.011353287360261354
0.3576923076923077,0.9989258861439313,0.01139432289846805
0.357829934590227,0.9989258861439313,0.011487929433904429
0.3579676674364896,0.9989258861439313,0.011488801491958878
0.3581055063534848,0.9989258861439313,0.011535434303185505
0.35824345146379044,0.9989258861439313,0.01155149535150269
0.3583815028901734,0.9989258861439313,0.011554878047295516
0.35851966075558983,0.9989258861439313,0.011652671138056878
0.3586579251831855,0.9989258861439313,0.011682530626162532
0.3587962962962963,0.9989258861439313,0.011692230314382577
0.3589347742184485,0.9989258861439313,0.011704323108128993
0.3590733590733591,0.9989258861439313,0.011706492420354134
0.35921205098493625,0.9989258861439313,0.011709366220491247
0.35935085007727974,0.9989258861439313,0.011754685121525898
0.3594897564746811,0.9989258861439313,0.011764852903834427
0.35962877030162416,0.9989258861439313,0.011831476657752232
0.3597678916827853,0.9989258861439313,0.01183230680641549
0.35990712074303405,0.9989258861439313,0.011887313865035835
0.3600464576074332,0.9989258861439313,0.011970089934524551
0.3601859024012393,0.9989258861439313,0.011977319839520512
0.3603254552499031,0.9989258861439313,0.01211606072529693
0.36046511627906974,0.9989258861439313,0.012202234117780396
0.3606048856145793,0.9989258861439313,0.012220108233577378
0.360744763382467,0.9989258861439313,0.012280431022434564
0.3608847497089639,0.9989258861439313,0.012309185231883405
0.3606366459627329,0.9978517722878625,0.012371642660183356
0.36077669902912624,0.9978517722878625,0.012382516235125696
0.3609168609168609,0.9978517722878625,0.012515322422237497
0.36105713175281773,0.9978517722878625,0.012529535396921442
0.36119751166407466,0.9978517722878625,0.012530390727294663
0.36133800077790745,0.9978517722878625,0.012560989421935925
0.3614785992217899,0.9978517722878625,0.012718633141723031
0.3616193071233943,0.9978517722878625,0.012887531473300075
0.3617601246105919,0.9978517722878625,0.01299293179061239
0.36190105181145305,0.9978517722878625,0.013053604284599632
0.3620420888542479,0.9978517722878625,0.013076364109016931
0.3621832358674464,0.9978517722878625,0.013104909124444175
0.3623244929797192,0.9978517722878625,0.01315110340786838
0.36246586031993755,0.9978517722878625,0.013279668210124471
0.3626073380171741,0.9978517722878625,0.013297011225476342
0.36274892620070287,0.9978517722878625,0.01330696286858833
0.362890625,0.9978517722878625,0.013329524353785245
0.36303243454474404,0.9978517722878625,0.013377378034433476
0.36317435496481626,0.9978517722878625,0.013470830447535654
0.3633163863903011,0.9978517722878625,0.013579320124593435
0.3634585289514867,0.9978517722878625,0.013696647570401265
0.363600782778865,0.9978517722878625,0.013699544356009827
0.36374314800313234,0.9978517722878625,0.013753114062372082
0.36388562475519,0.9978517722878625,0.013799834542910948
0.3640282131661442,0.9978517722878625,0.013970189998029486
0.36417091336730695,0.9978517722878625,0.013999254925461339
0.3643137254901961,0.9978517722878625,0.014104186624342308
0.3644566496665359,0.9978517722878625,0.014105051352337056
0.36459968602825743,0.9978517722878625,0.014204201053987803
0.364742834707499,0.9978517722878625,0.014212022162359547
0.3648860958366064,0.9978517722878625,0.014304088808292162
0.3650294695481336,0.9978517722878625,0.014341310649148991
0.3651729559748428,0.9978517722878625,0.01444667100551021
0.3653165552497051,0.9978517722878625,0.014506466151236625
0.3654602675059009,0.9978517722878625,0.01460465838658218
0.36560409287682016,0.9978517722878625,0.01463299822660829
0.365748031496063,0.9978517722878625,0.014646909225382141
0.36589208349743996,0.9978517722878625,0.014734093620232406
0.3660362490149724,0.9978517722878625,0.014742946167357177
0.3661805281828932,0.9978517722878625,0.014764411464927065
0.3663249211356467,0.9978517722878625,0.014773625842211473
0.36646942800788956,0.9978517722878625,0.014788013273536982
0.3666140489344909,0.9978517722878625,0.01480247326778649
0.36675878405053297,0.9978517722878625,0.014864533600294124
0.3669036334913112,0.9978517722878625,0.014946489684392427
0.36704859739233503,0.9978517722878625,0.01500060650544024
0.36719367588932805,0.9978517722878625,0.015039276470384746
0.36733886911822855,0.9978517722878625,0.01504897844795566
0.3674841772151899,0.9978517722878625,0.01509269719749263
0.36762960031658093,0.9978517722878625,0.015106110887958957
0.3677751385589865,0.9978517722878625,0.015132048338192422
0.3679207920792079,0.9978517722878625,0.015153273693847221
0.36806656101426305,0.9978517722878625,0.015194992760700372
0.36821244550138726,0.9978517722878625,0.015277294960390831
0.36835844567803333,0.9978517722878625,0.015279933080253851
0.3685045616818723,0.9978517722878625,0.015292368793776302
0.3686507936507937,0.9978517722878625,0.015369087542688677
0.3687971417229059,0.9978517722878625,0.015473098949032062
0.3689436060365369,0.9978517722878625,0.01556767902543599
0.3690901867302344,0.9978517722878625,0.01567203209105969
0.36923688394276627,0.9978517722878625,0.015722613442862694
0.36938369781312125,0.9978517722878625,0.015829060888420732
0.36953062848050916,0.9978517722878625,0.015832922244715303
0.3696776760843613,0.9978517722878625,0.015889102311886758
0.3698248407643312,0.9978517722878625,0.015978951839414366
0.3699721226602947,0.9978517722878625,0.01604927629127375
0.3701195219123506,0.9978517722878625,0.01605161084432908
0.37026703866082106,0.9978517722878625,0.016222177684418096
0.370414673046252,0.9978517722878625,0.016279167675129363
0.3705624252094136,0.9978517722878625,0.0163152742080002
0.3707102952913009,0.9978517722878625,0.016440212950771693
0.3708582834331337,0.9978517722878625,0.016586255949311467
0.3710063897763578,0.9978517722878625,0.016723002468835287
0.3711546144626448,0.9978517722878625,0.016768413682360025
0.37130295763389287,0.9978517722878625,0.016904636925243587
0.3714514194322271,0.9978517722878625,0.016928169719150347
0.3716,0.9978517722878625,0.017064381734510366
0.37174869947979194,0.9978517722878625,0.017144524175713518
0.3718975180144115,0.9978517722878625,0.01717411059808286
0.37204645574689627,0.9978517722878625,0.01726418301525441
0.37219551282051283,0.9978517722878625,0.017324293257716276
0.37234468937875753,0.9978517722878625,0.01734620291364881
0.37249398556535684,0.9978517722878625,0.017370517907071416
0.37264340152426795,0.9978517722878625,0.01748039194824991
0.37279293739967895,0.9978517722878625,0.017495597350497414
0.37294259333600965,0.9978517722878625,0.017525314640574843
0.37309236947791163,0.9978517722878625,0.017581372908995925
0.37324226597026916,0.9978517722878625,0.017600299961144178
0.3733922829581994,0.9978517722878625,0.01765134981766815
0.37354242058705267,0.9978517722878625,0.01772257466623385
0.37369267900241354,0.9978517722878625,0.01773578228010642
0.3738430583501006,0.9978517722878625,0.01774265295051609
0.37399355877616747,0.9978517722878625,0.01777451050511866
0.37414418042690295,0.9978517722878625,0.017780935972696234
0.37389202256244963,0.9967776584317938,0.017812916621581215
0.3740427247077791,0.9967776584317938,0.01781426776242374
0.3741935483870968,0.9967776584317938,0.017819965218355216
0.3743444937474788,0.9967776584317938,0.017874510361331232
0.3744955609362389,0.9967776584317938,0.017967574476212726
0.3746467501009285,0.9967776584317938,0.01809161399028958
0.37479806138933763,0.9967776584317938,0.018160734760006313
0.374949494949495,0.9967776584317938,0.018299394026384554
0.37525272947836635,0.9967776584317938,0.01833944150907408
0.37540453074433655,0.9967776584317938,0.018351642848188368
0.3755564548765682,0.9967776584317938,0.018462395493627045
0.3757085020242915,0.9967776584317938,0.018473106792651933
0.3758606723369785,0.9967776584317938,0.01868440039449861
0.3760129659643436,0.9967776584317938,0.018718743220679977
0.3761653830563437,0.9967776584317938,0.018748881753974975
0.37631792376317924,0.9967776584317938,0.01878062173724951
0.3764705882352941,0.9967776584317938,0.0188835038419207
0.37662337662337664,0.9967776584317938,0.018890195138153366
0.37677628907835975,0.9967776584317938,0.018890658099126875
0.37692932575142163,0.9967776584317938,0.018913828604937448
0.3770824867939862,0.9967776584317938,0.018934186873580543
0.3772357723577236,0.9967776584317938,0.018951543717954822
0.3773891825945506,0.9967776584317938,0.019053805995232157
0.3775427176566314,0.9967776584317938,0.019072324918149072
0.3776963776963777,0.9967776584317938,0.019110546408256254
0.3778501628664495,0.9967776584317938,0.019111099474419756
0.3780040733197556,0.9967776584317938,0.019173053638961338
0.378158109209454,0.9967776584317938,0.019585351229603462
0.3783122706889523,0.9967776584317938,0.019642689944321154
0.37846655791190864,0.9967776584317938,0.019681448710096465
0.37862097103223175,0.9967776584317938,0.01996403095210482
0.3787755102040816,0.9967776584317938,0.019974769701520723
0.37893017558187014,0.9967776584317938,0.01997585626843509
0.3790849673202614,0.9967776584317938,0.020006576007520236
0.37923988557417243,0.9967776584317938,0.02006591009145354
0.3793949304987735,0.9967776584317938,0.020165040234007947
0.37955010224948876,0.9967776584317938,0.020255212122678116
0.37970540098199673,0.9967776584317938,0.020318620491472855
0.3798608268522309,0.9967776584317938,0.02033179914648724
0.38001638001638,0.9967776584317938,0.020341291371983667
0.380172060630889,0.9967776584317938,0.020399773805189838
0.380327868852459,0.9967776584317938,0.02040343565304148
0.3804838048380484,0.9967776584317938,0.020452932992502924
0.3806398687448728,0.9967776584317938,0.020465881092491294
0.3807960607304062,0.9967776584317938,0.020495176177578213
0.38095238095238093,0.9967776584317938,0.02053080584714534
0.3811088295687885,0.9967776584317938,0.020612225087147336
0.38126540673788,0.9967776584317938,0.020779450549694455
0.3814221126181669,0.9967776584317938,0.02078761420865196
0.3815789473684211,0.9967776584317938,0.020813977461564877
0.38173591114767585,0.9967776584317938,0.020826699998415892
0.38189300411522636,0.9967776584317938,0.02101876195246065
0.3820502264306299,0.9967776584317938,0.021093299767991795
0.38220757825370677,0.9967776584317938,0.02110733496304727
0.3823650597445406,0.9967776584317938,0.021108829153443438
0.382522671063479,0.9967776584317938,0.021343755139283483
0.38268041237113404,0.9967776584317938,0.021359874911558097
0.38283828382838286,0.9967776584317938,0.021397782860715878
0.3829962855963681,0.9967776584317938,0.021412484095796772
0.3831544178364988,0.9967776584317938,0.02146540531468823
0.3833126807104502,0.9967776584317938,0.021499904290165402
0.3834710743801653,0.9967776584317938,0.02152956461726967
0.3836295990078545,0.9967776584317938,0.021573022416504863
0.3837882547559967,0.9967776584317938,0.021588170570034943
0.3839470417873397,0.9967776584317938,0.021717451225510276
0.3841059602649007,0.9967776584317938,0.02178256917791218
0.38426501035196686,0.9967776584317938,0.02181527504264322
0.3844241922120961,0.9967776584317938,0.021882137316753987
0.3845835060091173,0.9967776584317938,0.021958021683728714
0.38474295190713104,0.9967776584317938,0.022008277478136596
0.3849025300705102,0.9967776584317938,0.022176393512576734
0.38506224066390043,0.9967776584317938,0.022181957629596124
0.38522208385222084,0.9967776584317938,0.02226381399914008
0.3853820598006645,0.9967776584317938,0.022321571937542785
0.385286783042394,0.9957035445757251,0.022363282826179515
0.38503118503118505,0.9946294307196563,0.022371556869750342
0.38519134775374375,0.9946294307196563,0.02238395651588425
0.3853516437786101,0.9946294307196563,0.022387388506416757
0.3855120732722731,0.9946294307196563,0.02242683897019724
0.3856726364014994,0.9946294307196563,0.022433256197526386
0.3858333333333333,0.9946294307196563,0.02243462290060687
0.38599416423509797,0.9946294307196563,0.022536868542789145
0.3861551292743953,0.9946294307196563,0.022613097905803525
0.3863162286191072,0.9946294307196563,0.022664901254788584
0.38647746243739567,0.9946294307196563,0.022666966526543073
0.38663883089770357,0.9946294307196563,0.02268821105722463
0.3868003341687552,0.9946294307196563,0.02271534931552404
0.38696197241955704,0.9946294307196563,0.022768121605844748
0.387123745819398,0.9946294307196563,0.022776536970798268
0.3872856545378503,0.9946294307196563,0.022785785744190594
0.38744769874476986,0.9946294307196563,0.022893315542461275
0.3876098786102972,0.9946294307196563,0.02296388495391388
0.3877721943048576,0.9946294307196563,0.022987135671246044
0.3879346459991621,0.9946294307196563,0.023092509647520992
0.38809723386420786,0.9946294307196563,0.02310426985559546
0.38825995807127883,0.9946294307196563,0.023162053316179695
0.3884228187919463,0.9946294307196563,0.023167998247637996
0.38858581619806964,0.9946294307196563,0.023215007428851863
0.3887489504617968,0.9946294307196563,0.023266047978517956
0.3889122217555649,0.9946294307196563,0.023273431540695538
0.38907563025210085,0.9946294307196563,0.023331360029289597
0.38923917612442205,0.9946294307196563,0.023384260374954308
0.3894028595458368,0.9946294307196563,0.023433994962442577
0.3895666806899453,0.9946294307196563,0.023501594965302384
0.3897306397306397,0.9946294307196563,0.02350736313483298
0.38989473684210524,0.9946294307196563,0.023640399586315995
0.3900589721988206,0.9946294307196563,0.023750788671799736
0.38980193847450484,0.9935553168635876,0.02378073958757347
0.3899662731871838,0.9935553168635876,0.023894894206838588
0.3901307465204555,0.9935553168635876,0.02391377214813206
0.39029535864978904,0.9935553168635876,0.024029862345535575
0.39046010975094975,0.9935553168635876,0.024050310521766868
0.390625,0.9935553168635876,0.02418857656666645
0.39079002957329956,0.9935553168635876,0.02419229293228446
0.3905325443786982,0.9924812030075187,0.02438102353698656
0.39069767441860465,0.9924812030075187,0.02439178531703479
0.39086294416243655,0.9924812030075187,0.02448266794904334
0.3910283537875582,0.9924812030075187,0.024544143338334476
0.3911939034716342,0.9924812030075187,0.024622240655509064
0.39135959339263027,0.9924812030075187,0.024634836687343523
0.39152542372881355,0.9924812030075187,0.02468110021943989
0.3916913946587537,0.9924812030075187,0.024740777680736795
0.39185750636132316,0.9924812030075187,0.024795062654188512
0.3920237590156979,0.9924812030075187,0.02486722627018254
0.3921901528013582,0.9924812030075187,0.02490779353157228
0.3923566878980892,0.9924812030075187,0.025077638416995323
0.3925233644859813,0.9924812030075187,0.025176067502381105
0.3926901827454314,0.9924812030075187,0.025234221654872557
0.39285714285714285,0.9924812030075187,0.025287096818699825
0.39302424500212674,0.9924812030075187,0.02532970808071253
0.3931914893617021,0.9924812030075187,0.02536151942553015
0.3933588761174968,0.9924812030075187,0.02541068110438706
0.393526405451448,0.9924812030075187,0.025593085410677698
0.39369407754580316,0.9924812030075187,0.025642672895115008
0.3938618925831202,0.9924812030075187,0.02570432075890942
0.3940298507462687,0.9924812030075187,0.025760977045111183
0.39419795221843,0.9924812030075187,0.025817812517699674
0.39436619718309857,0.9924812030075187,0.025904533962048653
0.39453458582408196,0.9924812030075187,0.02598325876677337
0.3947031183255019,0.9924812030075187,0.025986276566156347
0.39487179487179486,0.9924812030075187,0.02603385657604912
0.39520958083832336,0.9924812030075187,0.026186243195659504
0.39537869062901154,0.9924812030075187,0.026318924084907894
0.3955479452054795,0.9924812030075187,0.026331441414436423
0.3957173447537473,0.9924812030075187,0.026374485733795548
0.39588688946015427,0.9924812030075187,0.026376516665581155
0.39605657951135875,0.9924812030075187,0.026394674890323946
0.39622641509433965,0.9924812030075187,0.026477383407083804
0.3963963963963964,0.9924812030075187,0.026537434432458526
0.3965665236051502,0.9924812030075187,0.02659499041802976
0.39673679690854446,0.9924812030075187,0.026668229586627675
0.39690721649484534,0.9924812030075187,0.026728116202247087
0.39707778255264287,0.9924812030075187,0.026751847896232753
0.39724849527085127,0.9924812030075187,0.026887605906744876
0.39741935483870966,0.9924812030075187,0.02691700245509019
0.39759036144578314,0.9924812030075187,0.02696233817428815
0.39776151528196296,0.9924812030075187,0.026975153304141547
0.3979328165374677,0.9924812030075187,0.027040024149112045
0.3981042654028436,0.9924812030075187,0.027081015554348456
0.39827586206896554,0.9924812030075187,0.027152241757871332
0.3984476067270375,0.9924812030075187,0.027302272667218373
0.3986194995685936,0.9924812030075187,0.027353104167891752
0.3987915407854985,0.9924812030075187,0.027378427231541137
0.39896373056994816,0.9924812030075187,0.02738329535452324
0.39913606911447086,0.9924812030075187,0.027498660283459837
0.3993085566119274,0.9924812030075187,0.027534945976788898
0.39948119325551235,0.9924812030075187,0.02756470102852934
0.39965397923875434,0.9924812030075187,0.027878275588599982
0.39939420164430983,0.99140708915145,0.02787961584457479
0.39956709956709957,0.99140708915145,0.027902199214209045
0.3997401472498917,0.99140708915145,0.028000114480092837
0.39991334488734837,0.99140708915145,0.028013080270406925
0.400086692674469,0.99140708915145,0.028071790019646173
0.4002601908065915,0.99140708915145,0.02814062333314864
0.40043383947939265,0.99140708915145,0.028183607051807245
0.4006076388888889,0.99140708915145,0.02826069445405873
0.40078158923143725,0.99140708915145,0.028383777392126937
0.4009556907037359,0.99140708915145,0.028498590064266624
0.4011299435028249,0.99140708915145,0.028519256634530216
0.401304347826087,0.99140708915145,0.028649863886399493
0.40147890387124835,0.99140708915145,0.028691575832484703
0.4016536118363795,0.99140708915145,0.02886102345646833
0.4018284719198955,0.99140708915145,0.028890767581269947
0.4020034843205575,0.99140708915145,0.02889262070891961
0.40217864923747276,0.99140708915145,0.02890323987623028
0.4023539668700959,0.99140708915145,0.028990136099773453
0.4025294374182294,0.99140708915145,0.02915959220180137
0.4027050610820244,0.99140708915145,0.029287224767423965
0.40288083806198166,0.99140708915145,0.029356319075015774
0.40305676855895195,0.99140708915145,0.029559851154340927
0.4032328527741372,0.99140708915145,0.029618933380489227
0.4034090909090909,0.99140708915145,0.029621318738269228
0.4035854831657193,0.99140708915145,0.02969617335197128
0.4037620297462817,0.99140708915145,0.02971576556760857
0.40393873085339166,0.99140708915145,0.02974368318442756
0.4041155866900175,0.99140708915145,0.029769313448673417
0.40429259745948315,0.99140708915145,0.029814235135905545
0.40446976336546886,0.99140708915145,0.029856574821813826
0.40464708461201226,0.99140708915145,0.029932396906919557
0.40482456140350875,0.99140708915145,0.03004485666176987
0.4050021939447126,0.99140708915145,0.03009961298183619
0.4051799824407375,0.99140708915145,0.030112661205758517
0.40535792709705754,0.99140708915145,0.030120374274208692
0.4055360281195079,0.99140708915145,0.030253178947980304
0.4057142857142857,0.99140708915145,0.030329509574089444
0.40589270008795075,0.99140708915145,0.030495464784473694
0.40607127144742633,0.99140708915145,0.030563992548813448
0.40625,0.99140708915145,0.030572890673260158
0.40642888595332455,0.99140708915145,0.0305741422397878
0.4066079295154185,0.99140708915145,0.030775503559616335
0.4067871308946673,0.99140708915145,0.030966044677625575
0.4069664902998236,0.99140708915145,0.0311183999498165
0.4071460079400088,0.99140708915145,0.031144531387950102
0.40732568402471314,0.99140708915145,0.0311919232225438
0.4075055187637969,0.99140708915145,0.031235783173844078
0.4076855123674912,0.99140708915145,0.031281275703866414
0.4078656650463986,0.99140708915145,0.031297262827574
0.40804597701149425,0.99140708915145,0.03134292951952228
0.4082264484741265,0.99140708915145,0.03151000711537331
0.4084070796460177,0.99140708915145,0.031522179808329165
0.40858787073926517,0.99140708915145,0.03195959465216394
0.4087688219663419,0.99140708915145,0.031961040039387684
0.40894993354009745,0.99140708915145,0.03201813779784036
0.4091312056737589,0.99140708915145,0.03208651617999186
0.40931263858093125,0.99140708915145,0.03209339259724279
0.40949423247559896,0.99140708915145,0.032129966575201424
0.40967598757212603,0.99140708915145,0.03216177711515446
0.4098579040852576,0.99140708915145,0.032185184712532254
0.41003998223011995,0.99140708915145,0.03241511425105992
0.4102222222222222,0.99140708915145,0.032607300183820485
0.41040462427745666,0.99140708915145,0.03282771297186872
0.41058718861209964,0.99140708915145,0.03301138246358877
0.41076991544281266,0.99140708915145,0.033121996124714496
0.41095280498664294,0.99140708915145,0.03315133914788862
0.4111358574610245,0.99140708915145,0.033248874275401415
0.41131907308377896,0.99140708915145,0.033286223541499266
0.41105662059741416,0.9903329752953813,0.03328773959666503
0.4112399643175736,0.9903329752953813,0.03333301246374164
0.41142347166443555,0.9903329752953813,0.03337752703444924
0.41160714285714284,0.9903329752953813,0.03348537090616038
0.41179097811523,0.9903329752953813,0.03366744455922178
0.4119749776586238,0.9903329752953813,0.03372522374945141
0.41215914170764417,0.9903329752953813,0.033733062325585664
0.41234347048300535,0.9903329752953813,0.033757899496624014
0.41252796420581656,0.9903329752953813,0.03383213838161751
0.41271262309758283,0.9903329752953813,0.03388661811953817
0.412897447380206,0.9903329752953813,0.034008871665129926
0.41308243727598565,0.9903329752953813,0.03404360149876396
0.4132675930076199,0.9903329752953813,0.03411072270136827
0.4134529147982063,0.9903329752953813,0.034348741546462204
0.4136384028712427,0.9903329752953813,0.03459464844480797
0.4138240574506284,0.9903329752953813,0.03462188675038271
0.4140098787606646,0.9903329752953813,0.034730898016293046
0.4137466307277628,0.9892588614393125,0.03477496745698631
0.4139325842696629,0.9892588614393125,0.034830633603399795
0.4141187050359712,0.9892588614393125,0.03511798516168987
0.4143049932523617,0.9892588614393125,0.03522619011682695
0.4144914491449145,0.9892588614393125,0.03528098561022686
0.41467807294011705,0.9892588614393125,0.03538992486932757
0.41486486486486485,0.9892588614393125,0.035533158443644304
0.4150518251464624,0.9892588614393125,0.03557708270748884
0.415238954012624,0.9892588614393125,0.03562862608135246
0.41542625169147496,0.9892588614393125,0.03564285360712958
0.41561371841155237,0.9892588614393125,0.035760557429638656
0.4158013544018059,0.9892588614393125,0.03584163934141507
0.4159891598915989,0.9892588614393125,0.03597784328602189
0.4161771351107094,0.9892588614393125,0.03598967033662839
0.4163652802893309,0.9892588614393125,0.03604644717420421
0.41655359565807326,0.9892588614393125,0.03610226732373414
0.4167420814479638,0.9892588614393125,0.036136959299487494
0.41693073789044816,0.9892588614393125,0.03615326420120026
0.4171195652173913,0.9892588614393125,0.036209712827503904
0.4173085636610784,0.9892588614393125,0.03628212980643371
0.41749773345421576,0.9892588614393125,0.03632732529085699
0.41768707482993195,0.9892588614393125,0.03660127573899031
0.41787658802177857,0.9892588614393125,0.03661194479178947
0.4180662732637313,0.9892588614393125,0.0366245346226469
0.41825613079019075,0.9892588614393125,0.03686477304840299
0.4184461608359836,0.9892588614393125,0.0368794251566493
0.41863636363636364,0.9892588614393125,0.037076511808770994
0.41882673942701226,0.9892588614393125,0.037111086187210374
0.41856232939035487,0.9881847475832438,0.03719244972675662
0.41875284478834773,0.9881847475832438,0.037303533570912
0.41894353369763204,0.9881847475832438,0.0373816741684241
0.4191343963553531,0.9881847475832438,0.03743066615636347
0.4193254329990884,0.9881847475832438,0.03745379652442854
0.41951664386684906,0.9881847475832438,0.03749664549743662
0.4197080291970803,0.9881847475832438,0.03760060583925893
0.4198995892286627,0.9881847475832438,0.03761762847461537
0.4200913242009132,0.9881847475832438,0.03777962950852379
0.4202832343535861,0.9881847475832438,0.037804170774838386
0.42047531992687387,0.9881847475832438,0.03800745699433748
0.42066758116140834,0.9881847475832438,0.03801067205162223
0.42086001829826164,0.9881847475832438,0.038065527339200246
0.42105263157894735,0.9881847475832438,0.03812490788390262
0.42124542124542125,0.9881847475832438,0.03840765840750314
0.42143838754008245,0.9881847475832438,0.03845294865157169
0.4216315307057745,0.9881847475832438,0.038786919415859954
0.4218248509857863,0.9881847475832438,0.03881677941270752
0.42201834862385323,0.9881847475832438,0.03882803369166665
0.42221202386415785,0.9881847475832438,0.03889375402516104
0.42240587695133147,0.9881847475832438,0.03898387666781413
0.4225999081304547,0.9881847475832438,0.03920248248784107
0.4227941176470588,0.9881847475832438,0.0392057407758503
0.42298850574712643,0.9881847475832438,0.03927646174502618
0.42318307267709293,0.9881847475832438,0.03928676719442795
0.4233778186838472,0.9881847475832438,0.03932566131579484
0.42357274401473294,0.9881847475832438,0.039422369440383076
0.42376784891754954,0.9881847475832438,0.039435518833116155
0.423963133640553,0.9881847475832438,0.03945057388356155
0.42415859843245735,0.9881847475832438,0.03946128339617826
0.42435424354243545,0.9881847475832438,0.0396855067689274
0.42455006922012,0.9881847475832438,0.03979574498200668
0.4242843951985226,0.9871106337271751,0.03982775184275097
0.42448036951501156,0.9871106337271751,0.04004192143203211
0.42467652495378927,0.9871106337271751,0.0401595268735157
0.42487286176606565,0.9871106337271751,0.040272321414488145
0.42506938020351526,0.9871106337271751,0.040274700216950066
0.4252660805182786,0.9871106337271751,0.04043412190660364
0.425462962962963,0.9871106337271751,0.04044295198650011
0.4256600277906438,0.9871106337271751,0.040459623049866805
0.4258572752548656,0.9871106337271751,0.04046376786645897
0.42605470560964304,0.9871106337271751,0.04049045276790867
0.426252319109462,0.9871106337271751,0.04057841041090056
0.42645011600928073,0.9871106337271751,0.04064375889532304
0.4266480965645311,0.9871106337271751,0.04072070551752951
0.4268462610311194,0.9871106337271751,0.040803980561732546
0.4270446096654275,0.9871106337271751,0.04081419969938421
0.4272431427243143,0.9871106337271751,0.04109753564929113
0.4274418604651163,0.9871106337271751,0.04112868294067066
0.42764076314564914,0.9871106337271751,0.041144785101358744
0.4278398510242086,0.9871106337271751,0.041177718748095136
0.4280391243595715,0.9871106337271751,0.04121285702369548
0.4282385834109972,0.9871106337271751,0.041266326612807505
0.42843822843822843,0.9871106337271751,0.04126941890775372
0.42863805970149255,0.9871106337271751,0.041344611284961745
0.42883807746150254,0.9871106337271751,0.04146807877230928
0.4290382819794584,0.9871106337271751,0.04151744134478195
0.4292386735170481,0.9871106337271751,0.0415437374630242
0.4294392523364486,0.9871106337271751,0.04166044749969363
0.42964001870032725,0.9871106337271751,0.041674783897879826
0.42984097287184286,0.9871106337271751,0.04174461943112048
0.4300421151146467,0.9871106337271751,0.04178915420499082
0.4302434456928839,0.9871106337271751,0.04203739817620765
0.4304449648711944,0.9871106337271751,0.04212963048306853
0.43064667291471415,0.9871106337271751,0.04228107583139397
0.4308485700890764,0.9871106337271751,0.04260071219747518
0.43105065666041276,0.9871106337271751,0.042718866132741944
0.43125293289535427,0.9871106337271751,0.042738222269042704
0.43145539906103286,0.9871106337271751,0.04274463973951466
0.4316580554250822,0.9871106337271751,0.0427767595631509
0.4318609022556391,0.9871106337271751,0.042858982840097384
0.4320639398213446,0.9871106337271751,0.04289424465128324
0.43226716839134527,0.9871106337271751,0.04324394319107926
0.4324705882352941,0.9871106337271751,0.043309058242868605
0.4326741996233522,0.9871106337271751,0.043312971317967894
0.4328780028261894,0.9871106337271751,0.04337200497276713
0.4330819981149859,0.9871106337271751,0.04341282209664443
0.4332861857614333,0.9871106337271751,0.04365044871575411
0.43349056603773584,0.9871106337271751,0.043884845308556825
0.4336951392166116,0.9871106337271751,0.04390125218193822
0.43389990557129365,0.9871106337271751,0.04395159788424485
0.4341048653755314,0.9871106337271751,0.044012051502565826
0.43431001890359167,0.9871106337271751,0.04409484712414492
0.43451536643026006,0.9871106337271751,0.04413911909120693
0.43472090823084203,0.9871106337271751,0.044146714322920146
0.4349266445811642,0.9871106337271751,0.04426396705152926
0.43513257575757575,0.9871106337271751,0.04452125609729086
0.4353387020369493,0.9871106337271751,0.04456220247067323
0.43554502369668247,0.9871106337271751,0.04465040528105682
0.43575154101469893,0.9871106337271751,0.04467090906797397
0.43595825426944973,0.9871106337271751,0.044728399244435446
0.4361651637399146,0.9871106337271751,0.04473671791150302
0.43637226970560306,0.9871106337271751,0.04478865533069469
0.4365795724465558,0.9871106337271751,0.044923287775482115
0.436787072243346,0.9871106337271751,0.04493010482345936
0.43699476937708037,0.9871106337271751,0.04514063621542056
0.43720266412940056,0.9871106337271751,0.04551084402576222
0.43741075678248453,0.9871106337271751,0.04559142456934471
0.43761904761904763,0.9871106337271751,0.04575752873801629
0.437827536922344,0.9871106337271751,0.045921486905083866
0.4380362249761678,0.9871106337271751,0.046361260751890405
0.43824511206485456,0.9871106337271751,0.04645864153287508
0.43845419847328243,0.9871106337271751,0.0466069509828398
0.43866348448687353,0.9871106337271751,0.04661287642878192
0.438872970391595,0.9871106337271751,0.04700176034446568
0.43908265647396083,0.9871106337271751,0.04724778402585262
0.4392925430210325,0.9871106337271751,0.04735507577637341
0.43950263032042086,0.9871106337271751,0.04745856982167781
0.43971291866028706,0.9871106337271751,0.047684762193430305
0.4399234083293442,0.9871106337271751,0.047686273364666784
0.44013409961685823,0.9871106337271751,0.04769446861784972
0.4403449928126497,0.9871106337271751,0.04793239031601319
0.4405560882070949,0.9871106337271751,0.047935800919904056
0.4407673860911271,0.9871106337271751,0.04803151039079519
0.44097888675623803,0.9871106337271751,0.048104370293310154
0.4411905904944791,0.9871106337271751,0.04817176851473462
0.441402497598463,0.9871106337271751,0.04832500893996047
0.4411340701585776,0.9860365198711063,0.04841084017597753
0.44134615384615383,0.9860365198711063,0.04850171404118825
0.44155844155844154,0.9860365198711063,0.04854301438361226
0.44177093358999037,0.9860365198711063,0.048651313641893575
0.4419836302359172,0.9860365198711063,0.049085231050348885
0.4421965317919075,0.9860365198711063,0.049308982690362324
0.4424096385542169,0.9860365198711063,0.049356832002869507
0.4426229508196721,0.9860365198711063,0.04939254832657605
0.44235407621804146,0.9849624060150376,0.04939951325033624
0.44256756756756754,0.9849624060150376,0.04974641508711741
0.4429951690821256,0.9849624060150376,0.04994587974027289
0.4432092798453359,0.9849624060150376,0.04996177762868576
0.44294003868471954,0.9838882921589689,0.05006043048498725
0.4431543299467828,0.9838882921589689,0.050130842869541906
0.44336882865440463,0.9838882921589689,0.05046097970485097
0.4435835351089588,0.9838882921589689,0.05049881046667063
0.4437984496124031,0.9838882921589689,0.05072621277063985
0.4440135724672807,0.9838882921589689,0.050765302175286055
0.44422890397672166,0.9838882921589689,0.05082739128386236
0.4444444444444444,0.9838882921589689,0.051191622405688295
0.4446601941747573,0.9838882921589689,0.05133016938946813
0.4448761534725595,0.9838882921589689,0.05160874445446505
0.44509232264334303,0.9838882921589689,0.0516518503238666
0.44530870199319394,0.9838882921589689,0.05167643899010396
0.44503891050583655,0.9828141783029001,0.05196403352971262
0.44525547445255476,0.9828141783029001,0.05201432867286053
0.4454722492697176,0.9828141783029001,0.052262894302017755
0.44568923526546517,0.9828141783029001,0.05230024426549239
0.44590643274853803,0.9828141783029001,0.052438627820660416
0.44612384202827887,0.9828141783029001,0.05264925166249728
0.44634146341463415,0.9828141783029001,0.0526913687641663
0.4465592972181552,0.9828141783029001,0.05270886452388651
0.44677734375,0.9828141783029001,0.052843216937612986
0.44699560332193455,0.9828141783029001,0.05296617541561646
0.4472140762463343,0.9828141783029001,0.05297027550252649
0.4474327628361858,0.9828141783029001,0.05298849947344476
0.44765166340508805,0.9828141783029001,0.05325935548832528
0.447870778267254,0.9828141783029001,0.053397941100749975
0.44809010773751223,0.9828141783029001,0.05345890465483043
0.4483096521313082,0.9828141783029001,0.053806812093521963
0.4485294117647059,0.9828141783029001,0.0540326290472952
0.44874938695438943,0.9828141783029001,0.0540399051878456
0.44896957801766435,0.9828141783029001,0.05413062910679408
0.4491899852724595,0.9828141783029001,0.05424521136588071
0.4494106090373281,0.9828141783029001,0.054318634336784376
0.44963144963144963,0.9828141783029001,0.05466160637877397
0.4498525073746313,0.9828141783029001,0.0546720158432766
0.4500737825873094,0.9828141783029001,0.05485318770318765
0.45029527559055116,0.9828141783029001,0.05486561776236075
0.4505169867060561,0.9828141783029001,0.055080161941437916
0.45073891625615764,0.9828141783029001,0.05510827529266649
0.45096106456382457,0.9828141783029001,0.05514270227278367
0.4511834319526627,0.9828141783029001,0.0554706611918699
0.4514060187469166,0.9828141783029001,0.05563183958592051
0.45162882527147086,0.9828141783029001,0.05566887936084937
0.45185185185185184,0.9828141783029001,0.055931687845887104
0.45207509881422925,0.9828141783029001,0.05597930460800382
0.4522985664854177,0.9828141783029001,0.05610978224847632
0.4520276953511375,0.9817400644468314,0.05620322531651633
0.45225136071251854,0.9817400644468314,0.056294053175824366
0.4524752475247525,0.9817400644468314,0.05629673474428827
0.45269935611688955,0.9817400644468314,0.05636062121709946
0.4529236868186323,0.9817400644468314,0.05641588326775164
0.45314823996033715,0.9817400644468314,0.056462884712909986
0.45337301587301587,0.9817400644468314,0.05677697360563594
0.45359801488833745,0.9817400644468314,0.05706110001976217
0.4538232373386296,0.9817400644468314,0.057130163404083535
0.4540486835568803,0.9817400644468314,0.057130928976562655
0.4542743538767396,0.9817400644468314,0.057177275995181874
0.45450024863252114,0.9817400644468314,0.05721282499012851
0.454726368159204,0.9817400644468314,0.05725915790883764
0.45495271279243404,0.9817400644468314,0.05762109625104016
0.4551792828685259,0.9817400644468314,0.0576635482103505
0.45540607872446437,0.9817400644468314,0.057856463183919724
0.4556331006979063,0.9817400644468314,0.057879834045861764
0.45586034912718204,0.9817400644468314,0.057975637316380585
0.4560878243512974,0.9817400644468314,0.05807983679124417
0.4563155267099351,0.9817400644468314,0.058094822430220266
0.4565434565434565,0.9817400644468314,0.058108371425834346
0.4567716141929036,0.9817400644468314,0.058214439859456235
0.457,0.9817400644468314,0.05829785213778643
0.45722861430715356,0.9817400644468314,0.05872182793789116
0.456956956956957,0.9806659505907627,0.058786350925898054
0.45718577866800203,0.9806659505907627,0.05903995057706096
0.45691382765531063,0.9795918367346939,0.05912817022042733
0.45714285714285713,0.9795918367346939,0.05917641649559435
0.4573721163490471,0.9795918367346939,0.05957782907437639
0.45760160561966884,0.9795918367346939,0.05972042146092535
0.4578313253012048,0.9795918367346939,0.05972234378728332
0.4580612757408338,0.9795918367346939,0.059807769239590115
0.45829145728643217,0.9795918367346939,0.06013862929552194
0.45852187028657615,0.9795918367346939,0.06044852196376499
0.45875251509054327,0.9795918367346939,0.06045821109718296
0.4584801207851032,0.9785177228786252,0.060518027637322384
0.45871097683786505,0.9785177228786252,0.060643936625228
0.4589420654911839,0.9785177228786252,0.060678393398946186
0.4591733870967742,0.9785177228786252,0.06088281058170809
0.45940494200706,0.9785177228786252,0.06095968813172023
0.45963673057517657,0.9785177228786252,0.06120055927699591
0.45936395759717313,0.9774436090225563,0.06127218719708479
0.4590909090909091,0.9763694951664876,0.061297038101019954
0.4593228903486609,0.9763694951664876,0.06150347415694096
0.4595551061678463,0.9763694951664876,0.061646087489623726
0.4597875569044006,0.9763694951664876,0.06194878612388258
0.4600202429149798,0.9763694951664876,0.062045427547353024
0.460253164556962,0.9763694951664876,0.06231262266930252
0.46048632218844987,0.9763694951664876,0.062388178996516115
0.4607197161682717,0.9763694951664876,0.06274382316976607
0.46095334685598377,0.9763694951664876,0.06279721858668418
0.4611872146118721,0.9763694951664876,0.06329126676508176
0.46142131979695433,0.9763694951664876,0.06338745848040245
0.4616556627729812,0.9763694951664876,0.06348065711294489
0.46189024390243905,0.9763694951664876,0.06348569726072605
0.4621250635485511,0.9763694951664876,0.06351624425241678
0.46236012207527977,0.9763694951664876,0.06358809806322265
0.46259541984732827,0.9763694951664876,0.06366287672264631
0.46283095723014256,0.9763694951664876,0.06378701169715097
0.4630667345899134,0.9763694951664876,0.06380164397823032
0.463302752293578,0.9763694951664876,0.0639130007468539
0.46353901070882203,0.9763694951664876,0.06395348462963985
0.46377551020408164,0.9763694951664876,0.0640587402359031
0.46401225114854516,0.9763694951664876,0.06415250879812268
0.4642492339121553,0.9763694951664876,0.06418240570878227
0.46448645886561063,0.9763694951664876,0.06439721415384003
0.4647239263803681,0.9763694951664876,0.06448809038438914
0.4649616368286445,0.9763694951664876,0.06458918030352785
0.46519959058341864,0.9763694951664876,0.06462817635888785
0.46543778801843316,0.9763694951664876,0.0646809004603005
0.4656762295081967,0.9763694951664876,0.06476579755287226
0.46591491542798563,0.9763694951664876,0.06493246937309069
0.46615384615384614,0.9763694951664876,0.06512918100848494
0.4663930220625962,0.9763694951664876,0.06527210846720224
0.46611909650924027,0.9752953813104189,0.06536728419755164
0.46635850025680536,0.9752953813104189,0.06541939003210154
0.46659815005138744,0.9752953813104189,0.06570642413214738
0.4668380462724936,0.9752953813104189,0.06579483910510034
0.4670781893004115,0.9752953813104189,0.06591896682481527
0.46731857951621203,0.9752953813104189,0.06601587573145361
0.46755921730175076,0.9752953813104189,0.06613451042879977
0.4678001030396703,0.9752953813104189,0.06636082436130293
0.46804123711340206,0.9752953813104189,0.06637270970124015
0.46828261990716863,0.9752953813104189,0.0664166340068806
0.46852425180598556,0.9752953813104189,0.06667619990136835
0.4687661331956634,0.9752953813104189,0.06670777314432369
0.4690082644628099,0.9752953813104189,0.06685572346703521
0.469250645994832,0.9752953813104189,0.06693581626743192
0.46949327817993797,0.9752953813104189,0.06708167323123179
0.46973616140713914,0.9752953813104189,0.06718611738042189
0.4699792960662526,0.9752953813104189,0.06719281091199529
0.46970481615743137,0.9742212674543501,0.06729393961535265
0.4699481865284974,0.9742212674543501,0.06742267042208659
0.4701918092275791,0.9742212674543501,0.06757294532238817
0.4704356846473029,0.9742212674543501,0.06776089287989683
0.4709241952232606,0.9742212674543501,0.06776889832141225
0.4711688311688312,0.9742212674543501,0.06809749154936066
0.4714137214137214,0.9742212674543501,0.06824215773661084
0.4716588663546542,0.9742212674543501,0.06826941350754606
0.47190426638917793,0.9742212674543501,0.06846002789485832
0.4721499219156689,0.9742212674543501,0.06850892676195686
0.47239583333333335,0.9742212674543501,0.06868904785547951
0.4726420010422095,0.9742212674543501,0.06876316702390861
0.47288842544316995,0.9742212674543501,0.0688334068433604
0.4731351069379238,0.9742212674543501,0.0689362601042498
0.4733820459290188,0.9742212674543501,0.06936608228163539
0.47362924281984337,0.9742212674543501,0.06938333217957264
0.47387669801462906,0.9742212674543501,0.0695770261064846
0.47412441191845267,0.9742212674543501,0.06959620012358586
0.4743723849372385,0.9742212674543501,0.06965446992567423
0.47462061747776035,0.9742212674543501,0.06970618548770802
0.474869109947644,0.9742212674543501,0.06991583023028733
0.4751178627553693,0.9742212674543501,0.06992783332702038
0.4753668763102725,0.9742212674543501,0.07019693971585508
0.4756161510225485,0.9742212674543501,0.07032665910548963
0.4758656873032529,0.9742212674543501,0.07058774645880657
0.47611548556430444,0.9742212674543501,0.07107936937404404
0.47636554621848737,0.9742212674543501,0.07121271479960242
0.4766158696794535,0.9742212674543501,0.07125357512694798
0.4768664563617245,0.9742212674543501,0.07131072296848094
0.47711730668069435,0.9742212674543501,0.07159724392207491
0.47736842105263155,0.9742212674543501,0.07164318652352474
0.4776197998946814,0.9742212674543501,0.0719134805257892
0.4778714436248683,0.9742212674543501,0.07214568803506943
0.47812335266209804,0.9742212674543501,0.07223196863041009
0.4778481012658228,0.9731471535982814,0.07234736476613239
0.47810026385224275,0.9731471535982814,0.07269903382430581
0.4783526927138332,0.9731471535982814,0.07272573087435272
0.4786053882725832,0.9731471535982814,0.07272650644378681
0.4788583509513742,0.9731471535982814,0.07272957773214328
0.479111581173982,0.9731471535982814,0.07276266849404316
0.4793650793650794,0.9731471535982814,0.07286844067032404
0.47961884595023824,0.9731471535982814,0.07287742599326599
0.4798728813559322,0.9731471535982814,0.07288082353859615
0.48012718600953896,0.9731471535982814,0.07292090116912182
0.48038176033934255,0.9731471535982814,0.07302263724249415
0.4806366047745358,0.9731471535982814,0.07307070182133986
0.48089171974522293,0.9731471535982814,0.07338137784540755
0.4811471056824217,0.9731471535982814,0.07340374678425765
0.4814027630180659,0.9731471535982814,0.07347572613560148
0.48165869218500795,0.9731471535982814,0.07349659854062922
0.4819148936170213,0.9731471535982814,0.07365673829201479
0.48217136774880254,0.9731471535982814,0.07387872264409341
0.48242811501597443,0.9731471535982814,0.07397592758856825
0.48268513585508793,0.9731471535982814,0.07407113645772005
0.48294243070362475,0.9731471535982814,0.07488745384799143
0.4832,0.9731471535982814,0.07506464263677516
0.4834578441835646,0.9731471535982814,0.07540464245103808
0.48371596369460756,0.9731471535982814,0.07582031756745296
0.483974358974359,0.9731471535982814,0.07608476914057902
0.484233030464992,0.9731471535982814,0.07643161200279336
0.4844919786096257,0.9731471535982814,0.07643183357915294
0.48475120385232745,0.9731471535982814,0.07645805859394532
0.48501070663811563,0.9731471535982814,0.07651751871292167
0.48527048741296197,0.9731471535982814,0.07697498833231103
0.484994640943194,0.9720730397422127,0.07761058299859215
0.48525469168900803,0.9720730397422127,0.07774798827359991
0.4855150214592275,0.9720730397422127,0.07796440970203308
0.48603651987110635,0.9720730397422127,0.0780221205697672
0.4862976894142934,0.9720730397422127,0.07814903630131971
0.48655913978494625,0.9720730397422127,0.07819664467388057
0.4868208714362561,0.9720730397422127,0.07852402988225575
0.48708288482238965,0.9720730397422127,0.07917849050482026
0.4873451803984922,0.9720730397422127,0.07918427815752241
0.48760775862068967,0.9720730397422127,0.07985433441599935
0.48787061994609165,0.9720730397422127,0.07988443056905392
0.48813376483279397,0.9720730397422127,0.08052166982478216
0.4883971937398813,0.9720730397422127,0.08066868335713633
0.4886609071274298,0.9720730397422127,0.08073895699680794
0.48892490545651,0.9720730397422127,0.08075244667032794
0.4891891891891892,0.9720730397422127,0.08102155510646857
0.48945375878853437,0.9720730397422127,0.08122515627581754
0.4897186147186147,0.9720730397422127,0.08140878302551675
0.4899837574445046,0.9720730397422127,0.08156405989618255
0.490249187432286,0.9720730397422127,0.08161269352079478
0.4905149051490515,0.9720730397422127,0.08167377240986301
0.4907809110629067,0.9720730397422127,0.08208127591788583
0.49104720564297344,0.9720730397422127,0.08232475842852378
0.49131378935939196,0.9720730397422127,0.08280034818798525
0.49103747963063554,0.9709989258861439,0.08287184137071982
0.49130434782608695,0.9709989258861439,0.08300400363898233
0.49157150625339857,0.9709989258861439,0.08302172405651907
0.49183895538628947,0.9709989258861439,0.08330750579207752
0.49210669569951004,0.9709989258861439,0.08339669971969384
0.4923747276688453,0.9709989258861439,0.08342872107669955
0.49209809264305177,0.9699248120300752,0.08384545722963725
0.49236641221374045,0.9699248120300752,0.08403494327389265
0.49263502454991814,0.9699248120300752,0.08420073958526322
0.49290393013100436,0.9699248120300752,0.08425093530481681
0.4926269797924631,0.9688506981740065,0.08476619149520288
0.492896174863388,0.9688506981740065,0.08519978807292496
0.4931656642974303,0.9688506981740065,0.08540390671284591
0.4934354485776805,0.9688506981740065,0.0854403269038991
0.49370552818828684,0.9688506981740065,0.08554554916805043
0.4939759036144578,0.9688506981740065,0.08568485147198722
0.49424657534246574,0.9688506981740065,0.08574007864365972
0.49451754385964913,0.9688506981740065,0.08613909825067134
0.4947888096544158,0.9688506981740065,0.08637738997377524
0.4950603732162459,0.9688506981740065,0.08658140458508447
0.4953322350356947,0.9688506981740065,0.08667359374132652
0.4956043956043956,0.9688506981740065,0.08687546851981379
0.4958768554150632,0.9688506981740065,0.08694184144465436
0.4961496149614962,0.9688506981740065,0.08699328598092644
0.49587231700605394,0.9677765843179377,0.08704114957312166
0.4961453744493392,0.9677765843179377,0.08704775855419249
0.49586776859504134,0.966702470461869,0.08720888017793067
0.4961411245865491,0.966702470461869,0.08754788948354338
0.4958632101489244,0.9656283566058003,0.08799530538739905
0.49613686534216334,0.9656283566058003,0.08802667415947024
0.496410822749862,0.9656283566058003,0.08853483216358192
0.4966850828729282,0.9656283566058003,0.0886783074401931
0.49695964621337757,0.9656283566058003,0.08907246954419543
0.49668141592920356,0.9645542427497314,0.08970642535526571
0.496956281128943,0.9645542427497314,0.08974326192687705
0.49723145071982283,0.9645542427497314,0.08979582982733864
0.49750692520775625,0.9645542427497314,0.08985864156301343
0.49722838137472286,0.9634801288936627,0.09004162324585435
0.49694952856350527,0.9624060150375939,0.09011588989673085
0.4972253052164262,0.9624060150375939,0.090429073827613
0.4975013881177124,0.9624060150375939,0.09072437725464415
0.49777777777777776,0.9624060150375939,0.09109706573060843
0.4980544747081712,0.9624060150375939,0.09129590192797887
0.4983314794215795,0.9624060150375939,0.09167897214391173
0.4986087924318308,0.9624060150375939,0.09191247278983065
0.49888641425389757,0.9624060150375939,0.09238133388215872
0.4991643454038997,0.9624060150375939,0.09243972706574494
0.49944258639910816,0.9624060150375939,0.09290935403058
0.4997211377579476,0.9624060150375939,0.09305589970909144
0.5,0.9624060150375939,0.09310356607839956
0.5002791736460078,0.9624060150375939,0.09343506519966246
0.5005586592178771,0.9624060150375939,0.0936214981850542
0.5008384572386808,0.9624060150375939,0.09366781000411155
0.5011185682326622,0.9624060150375939,0.09371156846395856
0.5013989927252378,0.9624060150375939,0.09376914730024842
0.5011198208286675,0.9613319011815252,0.09380991972156105
0.5014005602240896,0.9613319011815252,0.09391784909501205
0.5016816143497758,0.9613319011815252,0.09404582581913674
0.5019629837352776,0.9613319011815252,0.09439145185918588
0.5022446689113356,0.9613319011815252,0.09443557604614454
0.5025266704098821,0.9613319011815252,0.0945662503840917
0.5028089887640449,0.9613319011815252,0.09478039125288475
0.5030916245081506,0.9613319011815252,0.09486224901393298
0.5033745781777278,0.9613319011815252,0.09511008364954913
0.5036578503095104,0.9613319011815252,0.09520445377378961
0.5030985915492958,0.9591836734693877,0.09527441342763099
0.5033821871476888,0.9591836734693877,0.09548677005082361
0.5036661026508742,0.9591836734693877,0.09550892708596923
0.5039503386004515,0.9591836734693877,0.09565012047885875
0.5042348955392434,0.9591836734693877,0.09580178461833933
0.5045197740112994,0.9591836734693877,0.09596529353030045
0.5048049745618994,0.9591836734693877,0.09610664711929605
0.5050904977375565,0.9591836734693877,0.09694760836877106
0.5053763440860215,0.9591836734693877,0.09723179713172334
0.5050962627406569,0.958109559613319,0.09726168784273516
0.5053824362606232,0.958109559613319,0.09816770629187273
0.5056689342403629,0.958109559613319,0.09822255064403605
0.5059557572319909,0.958109559613319,0.09882659631142789
0.5062429057888763,0.958109559613319,0.0989208820584903
0.5059625212947189,0.9570354457572503,0.09912506688926544
0.50625,0.9570354457572503,0.09940119682731896
0.5059693007390563,0.9559613319011815,0.09993523833586598
0.5062571103526735,0.9559613319011815,0.10009712028035382
0.5065452475811042,0.9559613319011815,0.10024027242589885
0.5068337129840547,0.9559613319011815,0.10113928485350442
0.5071225071225072,0.9559613319011815,0.10143427741854721
0.507411630558723,0.9559613319011815,0.10158416392553746
0.5077010838562465,0.9559613319011815,0.10164798935963537
0.5079908675799086,0.9559613319011815,0.1020772024613793
0.5077098800685322,0.9548872180451128,0.10212288573075991
0.508,0.9548872180451128,0.10230208036432281
0.5082904516866781,0.9548872180451128,0.1023752694166572
0.5080091533180778,0.9538131041890441,0.10293531502817813
0.5082999427590155,0.9538131041890441,0.10354541971631806
0.5085910652920962,0.9538131041890441,0.10362951261671102
0.5088825214899714,0.9538131041890441,0.10411500889328396
0.5091743119266054,0.9538131041890441,0.10441458448038814
0.5088927137119909,0.9527389903329753,0.10452877724396326
0.5091848450057406,0.9527389903329753,0.10471712140615688
0.5094773118897186,0.9527389903329753,0.10505269474176997
0.5097701149425288,0.9527389903329753,0.10512694666747412
0.5100632547441059,0.9527389903329753,0.10575375218177818
0.5097813578826237,0.9516648764769066,0.10598256279164156
0.5100748416810593,0.9516648764769066,0.10701048396968126
0.5103686635944701,0.9516648764769066,0.1072261405283533
0.5106628242074928,0.9516648764769066,0.10726296322441217
0.510957324106113,0.9516648764769066,0.10728921142136885
0.5112521638776688,0.9516648764769066,0.10735870728512191
0.5115473441108545,0.9516648764769066,0.10742311968985119
0.511842865395725,0.9516648764769066,0.10745831187907416
0.5121387283236994,0.9516648764769066,0.10759100030277882
0.5124349334875651,0.9516648764769066,0.10781992664639144
0.5127314814814815,0.9516648764769066,0.10786081838768266
0.5130283729009844,0.9516648764769066,0.10799398381583808
0.5133256083429896,0.9516648764769066,0.10810571467116288
0.5136231884057971,0.9516648764769066,0.10843985222657095
0.5139211136890951,0.9516648764769066,0.10879221920952231
0.514219384793964,0.9516648764769066,0.10895902991486466
0.5145180023228804,0.9516648764769066,0.10925297717957773
0.5148169668797211,0.9516648764769066,0.10939107740594227
0.5151162790697674,0.9516648764769066,0.11073654355778066
0.5154159394997091,0.9516648764769066,0.11167060220531347
0.5157159487776485,0.9516648764769066,0.11242279870351517
0.5160163075131042,0.9516648764769066,0.11257331520258089
0.5163170163170163,0.9516648764769066,0.11345697057360647
0.5166180758017492,0.9516648764769066,0.11362375466745156
0.5169194865810969,0.9516648764769066,0.11397279543084063
0.517221249270286,0.9516648764769066,0.114621482802228
0.5175233644859814,0.9516648764769066,0.11474983494038438
0.5172413793103449,0.9505907626208379,0.11475943644894868
0.5175438596491229,0.9505907626208379,0.1147653920089683
0.5172615564657694,0.949516648764769,0.11486025488455555
0.5175644028103045,0.949516648764769,0.11501878118918608
0.517867603983597,0.949516648764769,0.11502967395283856
0.5181711606096131,0.949516648764769,0.11514050810496464
0.518475073313783,0.949516648764769,0.11535099928906348
0.5187793427230047,0.949516648764769,0.1154439652742346
0.5184967704051674,0.9484425349087003,0.1156553864343881
0.518801410105758,0.9484425349087003,0.11591695877627595
0.5191064079952968,0.9484425349087003,0.11605060650059908
0.5194117647058824,0.9484425349087003,0.11607598325915548
0.5197174808711007,0.9484425349087003,0.11637275294980912
0.5200235571260307,0.9484425349087003,0.11652577138329759
0.5203299941072481,0.9484425349087003,0.11696288971217769
0.5206367924528302,0.9484425349087003,0.11726328252582685
0.5209439528023598,0.9484425349087003,0.11852922929492206
0.5212514757969303,0.9484425349087003,0.11893221200256801
0.5215593620791494,0.9484425349087003,0.11909226736943936
0.5221762270845653,0.9484425349087003,0.11948218634027624
0.5218934911242603,0.9473684210526315,0.11971718454333811
0.522202486678508,0.9473684210526315,0.12006290538229727
0.5225118483412322,0.9473684210526315,0.12070738719410821
0.5228215767634855,0.9473684210526315,0.12077351728914368
0.5231316725978647,0.9473684210526315,0.12234093916727747
0.5234421364985163,0.9473684210526315,0.12234279935577724
0.5237529691211401,0.9473684210526315,0.12281877974248638
0.5240641711229946,0.9473684210526315,0.12309969915432177
0.5243757431629013,0.9473684210526315,0.12362217705382843
0.5240928019036288,0.9462943071965628,0.12395498092618341
0.5244047619047619,0.9462943071965628,0.12495833269114123
0.5247170935080405,0.9462943071965628,0.12504059646422605
0.5244338498212158,0.9452201933404941,0.12532468186922924
0.5247465712581991,0.9452201933404941,0.1255949380960267
0.5244630071599046,0.9441460794844253,0.12569931066260703
0.5247761194029851,0.9441460794844253,0.12575330026252518
0.525089605734767,0.9441460794844253,0.1258635104076186
0.525403466826061,0.9441460794844253,0.1262059546295578
0.5257177033492823,0.9441460794844253,0.12647746699070062
0.526032315978456,0.9441460794844253,0.1268216805612079
0.5263473053892216,0.9441460794844253,0.1274632610243826
0.5266626722588377,0.9441460794844253,0.12769136282433183
0.5269784172661871,0.9441460794844253,0.12870849710327406
0.5272945410917816,0.9441460794844253,0.12885597977121635
0.5276110444177671,0.9441460794844253,0.12906983157111232
0.527927927927928,0.9441460794844253,0.12925194877999208
0.5282451923076923,0.9441460794844253,0.12932631935155503
0.5285628382441371,0.9441460794844253,0.12934854507158336
0.5288808664259927,0.9441460794844253,0.12937982067955298
0.5291992775436484,0.9441460794844253,0.12945759636087878
0.5295180722891566,0.9441460794844253,0.1299248036489561
0.5298372513562387,0.9441460794844253,0.13002105255129526
0.5301568154402895,0.9441460794844253,0.13016878408854948
0.5304767652383826,0.9441460794844253,0.13028904214872572
0.5307971014492754,0.9441460794844253,0.13099169542359634
0.5311178247734138,0.9441460794844253,0.13099282201852433
0.5314389359129383,0.9441460794844253,0.1312184284110946
0.5317604355716878,0.9441460794844253,0.13126224274177037
0.5314769975786925,0.9430719656283566,0.13142633077502044
0.5317989097516657,0.9430719656283566,0.13174355169395546
0.5321212121212121,0.9430719656283566,0.1319947287449417
0.5324439053972104,0.9430719656283566,0.13239793095523839
0.5327669902912622,0.9430719656283566,0.1325569126302515
0.533090467516697,0.9430719656283566,0.1328595024207722
0.5334143377885784,0.9430719656283566,0.13370846417328655
0.5331306990881459,0.9419978517722879,0.1339728162480935
0.5334549878345499,0.9419978517722879,0.1341856242518649
0.5337796713329276,0.9419978517722879,0.13426775330333907
0.5334957369062119,0.9409237379162191,0.13462302250283947
0.5338208409506399,0.9409237379162191,0.13470265960162364
0.5341463414634147,0.9409237379162191,0.13506099724108858
0.5344722391702258,0.9409237379162191,0.13536612037396686
0.5347985347985348,0.9409237379162191,0.13577374963734798
0.535125229077581,0.9409237379162191,0.13586534771187384
0.5354523227383863,0.9409237379162191,0.1368053891840683
0.5351681957186545,0.9398496240601504,0.13743194675245232
0.5354957160342717,0.9398496240601504,0.1376048816823493
0.5358236374770361,0.9398496240601504,0.13764846815415474
0.5361519607843137,0.9398496240601504,0.13779691700623672
0.5364806866952789,0.9398496240601504,0.13843114586592917
0.5368098159509203,0.9398496240601504,0.1387669840191197
0.5371393492940454,0.9398496240601504,0.13882674828074806
0.5374692874692875,0.9398496240601504,0.13889185805366022
0.53779963122311,0.9398496240601504,0.13909980983598175
0.5381303813038131,0.9398496240601504,0.13924764692226083
0.5384615384615384,0.9398496240601504,0.13937401870193403
0.5387931034482759,0.9398496240601504,0.1393768349855707
0.5391250770178682,0.9398496240601504,0.1393967154899212
0.5391733497840839,0.9387755102040817,0.14006306395977672
0.5401730531520396,0.9387755102040817,0.14008192263845765
0.5405071119356833,0.9387755102040817,0.14046491999375849
0.5408415841584159,0.9387755102040817,0.14050553825948325
0.5411764705882353,0.9387755102040817,0.14054655237388863
0.5408921933085502,0.9377013963480129,0.14057030800857578
0.5406075635461872,0.9366272824919442,0.14057595476828255
0.5409429280397022,0.9366272824919442,0.14077937563422405
0.5412787088764742,0.9366272824919442,0.14102509516280595
0.5416149068322982,0.9366272824919442,0.1414706616791922
0.5419515226848974,0.9366272824919442,0.14156942835688074
0.5416666666666666,0.9355531686358755,0.1428930604393441
0.5420037336652147,0.9355531686358755,0.14384249335444388
0.5423412204234122,0.9355531686358755,0.14412412654861323
0.5426791277258567,0.9355531686358755,0.14448621864248873
0.5430174563591023,0.9355531686358755,0.14485327788804347
0.5433562071116657,0.9355531686358755,0.14490471842543556
0.5436953807740325,0.9355531686358755,0.14491456423113996
0.5440349781386633,0.9355531686358755,0.14534898231005547
0.544375,0.9355531686358755,0.14537280550275183
0.5447154471544715,0.9355531686358755,0.1454527527633194
0.5450563204005007,0.9355531686358755,0.14562715619613598
0.5453976205385097,0.9355531686358755,0.14582907371288897
0.5457393483709273,0.9355531686358755,0.14658089146711065
0.5460815047021944,0.9355531686358755,0.14730520886338708
0.5457967377666249,0.9344790547798066,0.14736899728431668
0.5461393596986818,0.9344790547798066,0.1476195074442384
0.5464824120603015,0.9344790547798066,0.14765194021904313
0.5461973601508485,0.9334049409237379,0.14772238937626142
0.5465408805031446,0.9334049409237379,0.14805347286952725
0.5462555066079295,0.9323308270676691,0.14809538719194504
0.5459697732997482,0.9312567132116004,0.14821886620278393
0.5463137996219282,0.9312567132116004,0.14918538240276538
0.5466582597730139,0.9312567132116004,0.14925769872588882
0.5470031545741325,0.9312567132116004,0.1494449424117891
0.5473484848484849,0.9312567132116004,0.14980907308502406
0.5476942514213519,0.9312567132116004,0.14986610552155832
0.5480404551201011,0.9312567132116004,0.14991028606952886
0.5483870967741935,0.9312567132116004,0.15045330105212537
0.5487341772151899,0.9312567132116004,0.15050044441721713
0.5484483850538315,0.9301825993555317,0.150561758485683
0.5487959442332065,0.9301825993555317,0.15069095058950813
0.549143944197844,0.9301825993555317,0.1507166394257754
0.549492385786802,0.9301825993555317,0.15111286765883447
0.5498412698412698,0.9301825993555317,0.1516044831360116
0.5501905972045743,0.9301825993555317,0.1517580579116929
0.5505403687221869,0.9301825993555317,0.15202198153808932
0.5508905852417303,0.9301825993555317,0.15202642055206764
0.5506047103755569,0.9291084854994629,0.15212997179135923
0.5509554140127388,0.9291084854994629,0.1522168412817495
0.5513065646908859,0.9291084854994629,0.1524022170839686
0.5516581632653061,0.9291084854994629,0.15255100094257587
0.5520102105934908,0.9291084854994629,0.15353751536292884
0.5523627075351213,0.9291084854994629,0.15454814845590598
0.552076677316294,0.9280343716433942,0.15465288352117385
0.5524296675191815,0.9280343716433942,0.15484016510877785
0.5527831094049904,0.9280343716433942,0.1549269837825784
0.5531370038412292,0.9280343716433942,0.15499351451179488
0.5534913516976298,0.9280343716433942,0.155176714924904
0.5538461538461539,0.9280343716433942,0.15531572376473413
0.5542014111610006,0.9280343716433942,0.15555435875890367
0.5545571245186136,0.9280343716433942,0.15562578233206661
0.5549132947976878,0.9280343716433942,0.15668992203068716
0.5552699228791774,0.9280343716433942,0.15762058620904357
0.5556270096463023,0.9280343716433942,0.15787477976225336
0.5553410553410554,0.9269602577873255,0.15794162492827085
0.5556986477784932,0.9269602577873255,0.15835867868901404
0.5560567010309279,0.9269602577873255,0.1592086761006537
0.556415215989684,0.9269602577873255,0.15928885501646703
0.5567741935483871,0.9269602577873255,0.15958977972632055
0.5571336346029696,0.9269602577873255,0.1599753484855554
0.5574935400516796,0.9269602577873255,0.1601179656906524
0.5572815533980583,0.924812030075188,0.1603141813089082
0.5569948186528497,0.9237379162191193,0.16073757913555145
0.5573558003888529,0.9237379162191193,0.16099634534692542
0.5577172503242542,0.9237379162191193,0.16108751935389543
0.5580791693705386,0.9237379162191193,0.16188704946313093
0.5584415584415584,0.9237379162191193,0.16275503984611822
0.5588044184535412,0.9237379162191193,0.16294909337828564
0.5591677503250976,0.9237379162191193,0.16315927022691062
0.5595315549772284,0.9237379162191193,0.1632958100956028
0.5598958333333334,0.9237379162191193,0.16339595590979017
0.5602605863192183,0.9237379162191193,0.16379694463374747
0.560625814863103,0.9237379162191193,0.16396806983334242
0.5609915198956295,0.9237379162191193,0.16397482496520122
0.5613577023498695,0.9237379162191193,0.1644610182484599
0.5617243631613325,0.9237379162191193,0.16479892420339035
0.5620915032679739,0.9237379162191193,0.1650736207579243
0.5624591236102028,0.9237379162191193,0.16507870287885218
0.56282722513089,0.9237379162191193,0.1659037441630821
0.5625409299279633,0.9226638023630505,0.16592585594057158
0.5629095674967235,0.9226638023630505,0.16664914635751116
0.5626229508196722,0.9215896885069818,0.16666990466114667
0.562992125984252,0.9215896885069818,0.16755587547815462
0.5633617859487853,0.9215896885069818,0.16775816206629374
0.5637319316688568,0.9215896885069818,0.16786051362592966
0.5641025641025641,0.9215896885069818,0.16808619993188068
0.5644736842105263,0.9215896885069818,0.1682495542080104
0.564845292955892,0.9215896885069818,0.168669703985069
0.5652173913043478,0.9215896885069818,0.16887319125332895
0.5655899802241265,0.9215896885069818,0.16887529090946066
0.5659630606860159,0.9215896885069818,0.1691408142294863
0.5663366336633663,0.9215896885069818,0.1695151265846616
0.5667107001321003,0.9215896885069818,0.16967812247714478
0.5670852610707204,0.9215896885069818,0.16987214507588924
0.5674603174603174,0.9215896885069818,0.17015542839762135
0.5678358702845797,0.9215896885069818,0.17045408250182822
0.5682119205298013,0.9215896885069818,0.17075885589509224
0.5685884691848907,0.9215896885069818,0.17090294654796354
0.5689655172413793,0.9215896885069818,0.17125266999075964
0.568679495686795,0.920515574650913,0.1713629697212709
0.5690571049136787,0.920515574650913,0.1720183155323067
0.5687707641196014,0.9194414607948442,0.17206189335363
0.5691489361702128,0.9194414607948442,0.17253992366013424
0.5695276114437791,0.9194414607948442,0.1731496429882763
0.5699067909454061,0.9194414607948442,0.1734130197120665
0.569620253164557,0.9183673469387755,0.17355864545520897
0.57,0.9183673469387755,0.17356237423856438
0.5703802535023349,0.9183673469387755,0.17547682853457583
0.5707610146862483,0.9183673469387755,0.17549150516495876
0.5711422845691383,0.9183673469387755,0.17586777176437865
0.571524064171123,0.9183673469387755,0.1760258940996896
0.5719063545150501,0.9183673469387755,0.17614096473101032
0.572289156626506,0.9183673469387755,0.17617628281156117
0.5726724715338245,0.9183673469387755,0.17622557872966674
0.5730563002680965,0.9183673469387755,0.17631778381424265
0.5734406438631791,0.9183673469387755,0.1766702851823468
0.5738255033557047,0.9183673469387755,0.17668330147878325
0.5735392881128274,0.9172932330827067,0.17691783048844728
0.5739247311827957,0.9172932330827067,0.17723446065192336
0.574310692669805,0.9172932330827067,0.17812245212417233
0.5746971736204576,0.9172932330827067,0.17823377967754736
0.5754716981132075,0.9172932330827067,0.17826021854955856
0.5758597437626433,0.9172932330827067,0.17839400683587253
0.5762483130904184,0.9172932330827067,0.17893616638553408
0.5766374071573261,0.9172932330827067,0.17968579571976082
0.577027027027027,0.9172932330827067,0.18097972265157217
0.5774171737660582,0.9172932330827067,0.18135442563277798
0.577807848443843,0.9172932330827067,0.18212034019401496
0.5781990521327014,0.9172932330827067,0.18249949022070744
0.5785907859078591,0.9172932330827067,0.18258648176032966
0.5783050847457627,0.916219119226638,0.18259517265537864
0.578697421981004,0.916219119226638,0.183102810598851
0.5790902919212492,0.916219119226638,0.18338791087335565
0.579483695652174,0.916219119226638,0.1836047128971521
0.5798776342624066,0.916219119226638,0.18380210155854124
0.5795918367346938,0.9151450053705693,0.18481303342535965
0.5799863852961198,0.9151450053705693,0.18493014970511681
0.5803814713896458,0.9151450053705693,0.1850829135299697
0.580095432856169,0.9140708915145005,0.1854217450968011
0.5804911323328786,0.9140708915145005,0.18701907296270312
0.5808873720136519,0.9140708915145005,0.187118073780929
0.5812841530054644,0.9140708915145005,0.18807972916999957
0.5816814764183186,0.9140708915145005,0.18862757095304536
0.5820793433652531,0.9140708915145005,0.18872466788721043
0.5824777549623545,0.9140708915145005,0.18913203634641435
0.5828767123287671,0.9140708915145005,0.18939127765465852
0.5832762165867033,0.9140708915145005,0.18987355186445246
0.5836762688614541,0.9140708915145005,0.189947313665349
0.5840768702814001,0.9140708915145005,0.1901887484076619
0.5837912087912088,0.9129967776584318,0.1902123354393203
0.5835051546391753,0.9119226638023631,0.19027148319677384
0.5839064649243466,0.9119226638023631,0.1920946364218383
0.5843083275980729,0.9119226638023631,0.19218784278902962
0.5847107438016529,0.9119226638023631,0.19227957587530983
0.5851137146795313,0.9119226638023631,0.192324666934267
0.5855172413793104,0.9119226638023631,0.1925588254818663
0.5859213250517599,0.9119226638023631,0.19308733973922712
0.5863259668508287,0.9119226638023631,0.1933831266950508
0.5867311679336559,0.9119226638023631,0.19365572312661317
0.5871369294605809,0.9119226638023631,0.19367797212252627
0.5875432525951557,0.9119226638023631,0.19377184407848327
0.5879501385041551,0.9119226638023631,0.19384139339976625
0.5883575883575883,0.9119226638023631,0.19394844933295646
0.5887656033287101,0.9119226638023631,0.19434728733284481
0.5891741845940319,0.9119226638023631,0.1945819464626466
0.5895833333333333,0.9119226638023631,0.19459859700193996
0.5892981236970118,0.9108485499462943,0.19474756732120865
0.5897079276773296,0.9108485499462943,0.19493676026926346
0.5894224077940153,0.9097744360902256,0.1971158398758962
0.5898328690807799,0.9097744360902256,0.19733871326075975
0.5895470383275261,0.9087003222341569,0.19823141428882363
0.5892608089260809,0.907626208378088,0.19827153209740528
0.5896720167480809,0.907626208378088,0.1986713087646953
0.5900837988826816,0.907626208378088,0.19928676149338892
0.5904961565338924,0.907626208378088,0.20027885967524187
0.5909090909090909,0.907626208378088,0.2006924940241825
0.5913226032190343,0.907626208378088,0.2010612793985713
0.5917366946778712,0.907626208378088,0.20258243740659768
0.5921513665031535,0.907626208378088,0.20305302849231655
0.5925666199158486,0.907626208378088,0.20315340972046345
0.5929824561403508,0.907626208378088,0.20369262757970882
0.5933988764044944,0.907626208378088,0.203791743693175
0.5938158819395642,0.907626208378088,0.20410877285244602
0.5942334739803095,0.907626208378088,0.2050284341357995
0.5946516537649542,0.907626208378088,0.20504018512373182
0.5950704225352113,0.907626208378088,0.20539770806181443
0.594785059901339,0.9065520945220193,0.20567305132608663
0.5944992947813822,0.9054779806659506,0.20568305553911376
0.5949188426252646,0.9054779806659506,0.20580408322150998
0.5953389830508474,0.9054779806659506,0.20594611615413919
0.5957597173144876,0.9054779806659506,0.20650049387247954
0.5954738330975955,0.9044038668098818,0.20676822024418415
0.5958952583156405,0.9044038668098818,0.20755937419781326
0.5963172804532578,0.9044038668098818,0.20757537858023772
0.5967399007795889,0.9044038668098818,0.20760839399725806
0.5971631205673759,0.9044038668098818,0.2076819669143591
0.5975869410929737,0.9044038668098818,0.2081255492748842
0.5980113636363636,0.9044038668098818,0.20869074123662298
0.5984363894811656,0.9044038668098818,0.21041272131306918
0.5988620199146515,0.9044038668098818,0.2109458524623545
0.598576512455516,0.9033297529538131,0.21104520967640594
0.5990028490028491,0.9033297529538131,0.21125147780613238
0.5994297933000713,0.9033297529538131,0.21142955050496035
0.5998573466476462,0.9033297529538131,0.21161872295249537
0.6002855103497502,0.9033297529538131,0.2120421869465886
0.6007142857142858,0.9033297529538131,0.21214086822213724
0.6011436740528949,0.9033297529538131,0.2126138610218244
0.6015736766809728,0.9033297529538131,0.2128572641680006
0.6020042949176807,0.9033297529538131,0.2136071439048008
0.6024355300859598,0.9033297529538131,0.2136190027136762
0.6021505376344086,0.9022556390977443,0.21377305578378192
0.6025824964131994,0.9022556390977443,0.21403016797226662
0.6030150753768844,0.9022556390977443,0.214516921926167
0.603448275862069,0.9022556390977443,0.21454735022477417
0.603882099209202,0.9022556390977443,0.21468508712434858
0.60431654676259,0.9022556390977443,0.21526874742999735
0.6040316774658028,0.9011815252416756,0.21590470304513398
0.6044668587896254,0.9011815252416756,0.2162517009534046
0.6049026676279741,0.9011815252416756,0.21627568555018176
0.6053391053391053,0.9011815252416756,0.21634238734483793
0.6057761732851985,0.9011815252416756,0.2166002714870383
0.6062138728323699,0.9011815252416756,0.21707318043681603
0.6059291395516992,0.9001074113856069,0.21721220707623712
0.6063675832127352,0.9001074113856069,0.2172891275457699
0.6068066618392469,0.9001074113856069,0.21742830552770315
0.6072463768115942,0.9001074113856069,0.2177893171907512
0.6076867295141407,0.9001074113856069,0.21805375942555208
0.6074020319303338,0.8990332975295381,0.21816782923542247
0.6078431372549019,0.8990332975295381,0.21849678332513559
0.6082848837209303,0.8990332975295381,0.21853433913250883
0.608,0.8979591836734694,0.21935860089272208
0.6077147016011645,0.8968850698174007,0.22032321345109035
0.6081573197378004,0.8968850698174007,0.22052628612549782
0.608600583090379,0.8968850698174007,0.22117166633407537
0.6083150984682714,0.8958109559613319,0.22124623717056538
0.6087591240875913,0.8958109559613319,0.22175656804115967
0.6084733382030679,0.8947368421052632,0.22248367384082537
0.6089181286549707,0.8947368421052632,0.22309002171755674
0.6086320409656182,0.8936627282491945,0.2240226067806753
0.6090775988286969,0.8936627282491945,0.22453005144013619
0.6095238095238096,0.8936627282491945,0.224693789611525
0.6092375366568915,0.8925886143931256,0.2253349849264569
0.6089508437270726,0.8915145005370569,0.22562406275752397
0.6093979441997063,0.8915145005370569,0.22607131315721862
0.6091109478324761,0.8904403866809882,0.2264615912682389
0.6095588235294118,0.8904403866809882,0.22688613797778345
0.609271523178808,0.8893662728249194,0.2270184374628295
0.6097201767304861,0.8893662728249194,0.2270199404169575
0.6101694915254238,0.8893662728249194,0.22742719389617416
0.6106194690265486,0.8893662728249194,0.22747555625173252
0.6110701107011071,0.8893662728249194,0.22781492325479163
0.6115214180206795,0.8893662728249194,0.22789476134356287
0.6119733924611973,0.8893662728249194,0.22790334942653293
0.6124260355029586,0.8893662728249194,0.22854908694891257
0.612139156180607,0.8882921589688507,0.22856597863133832
0.6118518518518519,0.8872180451127819,0.22864169137066714
0.6123054114158636,0.8872180451127819,0.22874075719976183
0.6120178041543026,0.8861439312567132,0.22911725835650196
0.6124721603563474,0.8861439312567132,0.23041577303712074
0.612184249628529,0.8850698174006445,0.2305524835843507
0.6126394052044609,0.8850698174006445,0.23116143261288993
0.6130952380952381,0.8850698174006445,0.23184476362028883
0.6135517498138496,0.8850698174006445,0.23214655201421205
0.6140089418777943,0.8850698174006445,0.23261848629686796
0.6144668158090977,0.8850698174006445,0.23271071966720885
0.6141791044776119,0.8839957035445757,0.23404579163015007
0.614637789395071,0.8839957035445757,0.2345179318847572
0.6150971599402093,0.8839957035445757,0.23452522981527643
0.6155572176514585,0.8839957035445757,0.23460484253140076
0.6160179640718563,0.8839957035445757,0.23469220053640966
0.6164794007490637,0.8839957035445757,0.23583844308659124
0.6169415292353823,0.8839957035445757,0.2359147337938019
0.6166541635408852,0.882921589688507,0.2359577331206775
0.6171171171171171,0.882921589688507,0.23611846440999962
0.6175807663410969,0.882921589688507,0.23615926869804182
0.6180451127819548,0.882921589688507,0.23627425069109037
0.618510158013544,0.882921589688507,0.23661373894735896
0.6189759036144579,0.882921589688507,0.23681370215672526
0.6186887716654107,0.8818474758324383,0.23727495828914044
0.6191553544494721,0.8818474758324383,0.23732081849167697
0.6196226415094339,0.8818474758324383,0.2375092267559838
0.6200906344410876,0.8818474758324383,0.23769641897925714
0.6205593348450491,0.8818474758324383,0.2380001785106977
0.6210287443267776,0.8818474758324383,0.23801020842057377
0.6207418622255867,0.8807733619763695,0.23848550497301443
0.6212121212121212,0.8807733619763695,0.2388843898482565
0.6209249431387415,0.8796992481203008,0.23946432139572732
0.6206373292867982,0.878625134264232,0.23968651794513304
0.6211085801063022,0.878625134264232,0.23976638754390242
0.621580547112462,0.878625134264232,0.2402488528096768
0.6220532319391635,0.878625134264232,0.24210946724598112
0.621765601217656,0.8775510204081632,0.2424380159905786
0.6222391469916222,0.8775510204081632,0.24389441767934456
0.6227134146341463,0.8775510204081632,0.24445939019187202
0.6231884057971014,0.8775510204081632,0.24478482384931202
0.6236641221374046,0.8775510204081632,0.24484351450036768
0.6233766233766234,0.8764769065520945,0.2453391658965882
0.6238532110091743,0.8764769065520945,0.24562592178281092
0.6235654169854629,0.8754027926960258,0.2458530717746392
0.6240428790199081,0.8754027926960258,0.24586725533599127
0.6245210727969349,0.8754027926960258,0.24636686139648603
0.625,0.8754027926960258,0.24644305403936953
0.6254796623177283,0.8754027926960258,0.24652202684645536
0.6259600614439325,0.8754027926960258,0.246757373655402
0.6264411990776326,0.8754027926960258,0.24807203145112594
0.6269230769230769,0.8754027926960258,0.24832650689139701
0.6274056966897613,0.8754027926960258,0.2484329720077431
0.6278890600924499,0.8754027926960258,0.24874133912416077
0.6283731688511951,0.8754027926960258,0.24879788734009162
0.6285714285714286,0.874328678839957,0.24907833263513335
0.6290571870170015,0.874328678839957,0.25329023051397975
0.6295436968290796,0.874328678839957,0.25342727530903
0.6300309597523219,0.874328678839957,0.2535291601677669
0.6305189775367932,0.874328678839957,0.25388256481707244
0.6310077519379845,0.874328678839957,0.2539519108379028
0.6314972847168348,0.874328678839957,0.2544949253772094
0.6319875776397516,0.874328678839957,0.25481043558205185
0.6324786324786325,0.874328678839957,0.2548321577388647
0.6321928460342147,0.8732545649838883,0.25510111246809597
0.6326848249027237,0.8732545649838883,0.2555401806178074
0.633177570093458,0.8732545649838883,0.2562944302125844
0.6336710833982853,0.8732545649838883,0.2566588832690386
0.6341653666146646,0.8732545649838883,0.25685985787302124
0.6338797814207651,0.8721804511278195,0.25690342651794984
0.634375,0.8721804511278195,0.2570113325702757
0.63408913213448,0.8711063372717508,0.25752667804211654
0.634585289514867,0.8711063372717508,0.25769318584215845
0.6350822239624119,0.8711063372717508,0.25817745516293034
0.6355799373040752,0.8711063372717508,0.2584277041932414
0.636078431372549,0.8711063372717508,0.2588029262149033
0.6357927786499215,0.8700322234156821,0.2589711100707475
0.6362922230950511,0.8700322234156821,0.25978207498982947
0.6367924528301887,0.8700322234156821,0.2601841618162385
0.6372934697088907,0.8700322234156821,0.26039722671097043
0.6377952755905512,0.8700322234156821,0.26085347473164183
0.6382978723404256,0.8700322234156821,0.2613203838634997
0.638801261829653,0.8700322234156821,0.2617699932713559
0.6393054459352802,0.8700322234156821,0.26241685422544553
0.6398104265402843,0.8700322234156821,0.2628707289718864
0.6403162055335968,0.8700322234156821,0.2641722262664768
0.6408227848101266,0.8700322234156821,0.26443163538550496
0.6413301662707839,0.8700322234156821,0.2646099087999165
0.6410459587955626,0.8689581095596133,0.264665867022019
0.6415543219666932,0.8689581095596133,0.2649398328317475
0.6420634920634921,0.8689581095596133,0.26506814495135617
0.6425734710087371,0.8689581095596133,0.26517183892270857
0.6430842607313195,0.8689581095596133,0.26597431696039353
0.6428003182179793,0.8678839957035446,0.26776841237154714
0.642515923566879,0.8668098818474759,0.26878155083455035
0.6422310756972112,0.8657357679914071,0.2696270780036621
0.6427432216905901,0.8657357679914071,0.2699809507191023
0.6432561851556265,0.8657357679914071,0.27034974291074465
0.6437699680511182,0.8657357679914071,0.2708035634595833
0.6442845723421263,0.8657357679914071,0.2712760732173931
0.644,0.8646616541353384,0.27130578868536487
0.644515612489992,0.8646616541353384,0.2713347598935024
0.6450320512820513,0.8646616541353384,0.27164226150998005
0.6455493183640738,0.8646616541353384,0.27304897435577213
0.6452648475120385,0.8635875402792696,0.2731338432807446
0.6457831325301204,0.8635875402792696,0.2734192642341446
0.6463022508038585,0.8635875402792696,0.2734700622002152
0.6468222043443282,0.8635875402792696,0.2734758479374119
0.6465378421900161,0.8625134264232008,0.2742112181005273
0.6470588235294118,0.8625134264232008,0.2743743150227062
0.6475806451612903,0.8625134264232008,0.27451206644727216
0.6481033091202583,0.8625134264232008,0.27493476416687973
0.648626817447496,0.8625134264232008,0.2754411972646612
0.6491511721907841,0.8625134264232008,0.27557796709140425
0.6488673139158576,0.8614393125671321,0.2761228038105759
0.6493927125506073,0.8614393125671321,0.27696561183623697
0.6491085899513777,0.8603651987110634,0.27708996649563833
0.6496350364963503,0.8603651987110634,0.2776331860076866
0.6493506493506493,0.8592910848549946,0.27775327707422287
0.6498781478472786,0.8592910848549946,0.277789488163592
0.6504065040650406,0.8592910848549946,0.2779922602797055
0.6509357200976403,0.8592910848549946,0.27829205434727944
0.6514657980456026,0.8592910848549946,0.2786281762688223
0.6519967400162999,0.8592910848549946,0.2786846449307198
0.6525285481239804,0.8592910848549946,0.2799619407001883
0.6522448979591837,0.8582169709989259,0.2800422395310212
0.6527777777777778,0.8582169709989259,0.28071279896675705
0.6533115290269829,0.8582169709989259,0.281249658231889
0.6530278232405892,0.8571428571428571,0.28187744268510817
0.6527436527436528,0.8560687432867884,0.281901452774078
0.6532786885245901,0.8560687432867884,0.2828023003651517
0.6538146021328958,0.8560687432867884,0.28304843645301886
0.6543513957307061,0.8560687432867884,0.2831112987219988
0.6548890714872637,0.8560687432867884,0.28505295895601224
0.6554276315789473,0.8560687432867884,0.2859720205141663
0.6559670781893004,0.8560687432867884,0.28635049186836925
0.6565074135090609,0.8560687432867884,0.28717895405808824
0.6570486397361912,0.8560687432867884,0.2881082645600284
0.6567656765676567,0.8549946294307197,0.288278626173355
0.6573080099091659,0.8549946294307197,0.2889070704868411
0.6578512396694215,0.8549946294307197,0.289777370468353
0.6575682382133995,0.8539205155746509,0.2901269467623135
0.6572847682119205,0.8528464017185822,0.2904121584962642
0.6578293289146645,0.8528464017185822,0.2904784879609332
0.6575456053067993,0.8517722878625135,0.2905514718553382
0.6572614107883817,0.8506981740064447,0.29068611817825185
0.6578073089700996,0.8506981740064447,0.2906876410882677
0.6583541147132169,0.8506981740064447,0.29092725872378394
0.6580698835274542,0.849624060150376,0.2915054958379621
0.6586178184845962,0.849624060150376,0.2915328899047985
0.6583333333333333,0.8485499462943072,0.2926998634118684
0.6580483736447039,0.8474758324382384,0.2927101193890422
0.6585976627712855,0.8474758324382384,0.2940670029458375
0.6591478696741855,0.8474758324382384,0.2941510487324966
0.6596989966555183,0.8474758324382384,0.2942440025628505
0.6602510460251046,0.8474758324382384,0.29445663705139496
0.6599664991624791,0.8464017185821697,0.2954253214806489
0.6605196982397318,0.8464017185821697,0.29555354392977967
0.6610738255033557,0.8464017185821697,0.29660820446253944
0.6616288832913518,0.8464017185821697,0.29698406558684737
0.6621848739495798,0.8464017185821697,0.29911642844936287
0.6627417998317914,0.8464017185821697,0.2992994716465355
0.6632996632996633,0.8464017185821697,0.2993772998897784
0.6638584667228307,0.8464017185821697,0.30063655090030195
0.6644182124789207,0.8464017185821697,0.300972430711382
0.6649789029535865,0.8464017185821697,0.3021503971013185
0.6655405405405406,0.8464017185821697,0.30252131157518947
0.6661031276415892,0.8464017185821697,0.3029951670331246
0.6666666666666666,0.8464017185821697,0.303355508738417
0.6672311600338696,0.8464017185821697,0.3041840687298547
0.6677966101694915,0.8464017185821697,0.30419325134779507
0.6683630195080577,0.8464017185821697,0.30429364767600864
0.668081494057725,0.8453276047261009,0.30447665279321856
0.6677994902293968,0.8442534908700322,0.3049334643745454
0.6675170068027211,0.8431793770139635,0.3056158987105216
0.6672340425531915,0.8421052631578947,0.3056599058120014
0.6678023850085179,0.8421052631578947,0.30628996843743145
0.6683716965046889,0.8421052631578947,0.3071916402210861
0.6689419795221843,0.8421052631578947,0.30729573080066536
0.6695132365499573,0.8421052631578947,0.3076466001603868
0.67008547008547,0.8421052631578947,0.30823692786982465
0.6706586826347305,0.8421052631578947,0.3090713995946016
0.6712328767123288,0.8421052631578947,0.30907154699837247
0.6709511568123393,0.841031149301826,0.30925995463898914
0.6715265866209262,0.841031149301826,0.30937277787236617
0.671244635193133,0.8399570354457573,0.3097116796447263
0.6709621993127147,0.8388829215896885,0.31001715019264753
0.6715391229578676,0.8388829215896885,0.31024839034178564
0.6721170395869192,0.8388829215896885,0.31032935668329076
0.6726959517657192,0.8388829215896885,0.3106224413099049
0.6732758620689655,0.8388829215896885,0.31092812777161255
0.6738567730802416,0.8388829215896885,0.3109686968041942
0.6735751295336787,0.8378088077336198,0.3113407347385011
0.6741573033707865,0.8378088077336198,0.3115259707547358
0.6747404844290658,0.8378088077336198,0.3120712979243177
0.6744588744588744,0.8367346938775511,0.3124262945179797
0.6750433275563258,0.8367346938775511,0.3128219945929561
0.6756287944492628,0.8367346938775511,0.3131000697243595
0.6762152777777778,0.8367346938775511,0.31354695334252813
0.6768027801911382,0.8367346938775511,0.3135619053318002
0.6765217391304348,0.8356605800214822,0.31381988350119705
0.6771105308964317,0.8356605800214822,0.31418727196049967
0.6777003484320557,0.8356605800214822,0.31533810874171336
0.6782911944202267,0.8356605800214822,0.317093324640472
0.6788830715532286,0.8356605800214822,0.31717125732830265
0.6794759825327511,0.8356605800214822,0.3176185319455953
0.6800699300699301,0.8356605800214822,0.3176708316036662
0.6806649168853893,0.8356605800214822,0.31830827197264433
0.680385288966725,0.8345864661654135,0.3189585686280711
0.6801051709027169,0.8335123523093448,0.3193963081439693
0.6807017543859649,0.8335123523093448,0.32057644376620237
0.6812993854258121,0.8335123523093448,0.32068011985179845
0.6818980667838312,0.8335123523093448,0.3207062074401162
0.6824978012313104,0.8335123523093448,0.32137626829833116
0.6822183098591549,0.832438238453276,0.321983182158061
0.6828193832599119,0.832438238453276,0.3224785943134074
0.6834215167548501,0.832438238453276,0.32299897911892445
0.6840247131509267,0.832438238453276,0.3230379655841589
0.6846289752650176,0.832438238453276,0.3232533891737871
0.6852343059239611,0.832438238453276,0.3241488171330745
0.6858407079646017,0.832438238453276,0.32476484022138624
0.6864481842338352,0.832438238453276,0.3257889262981814
0.6870567375886525,0.832438238453276,0.3260626150476072
0.6876663708961845,0.832438238453276,0.3262311788839097
0.6882770870337478,0.832438238453276,0.3263144859354657
0.688,0.8313641245972073,0.32633264025864855
0.6877224199288257,0.8302900107411385,0.3263708518399264
0.6883348174532502,0.8302900107411385,0.32664274101408514
0.6889483065953654,0.8302900107411385,0.3267448349059934
0.6895628902765388,0.8302900107411385,0.3268609764171094
0.6901785714285714,0.8302900107411385,0.32708115584276
0.6907953529937444,0.8302900107411385,0.32775719049892876
0.6914132379248659,0.8302900107411385,0.3283541221699328
0.6920322291853178,0.8302900107411385,0.32837523022449094
0.6923766816143497,0.8292158968850698,0.32983848033706364
0.6921005385996409,0.8281417830290011,0.3302427143214251
0.692722371967655,0.8281417830290011,0.3305427363558899
0.6924460431654677,0.8270676691729323,0.33061658145535905
0.693069306930693,0.8270676691729323,0.3310587814546919
0.6936936936936937,0.8270676691729323,0.33144441082524984
0.6934174932371506,0.8259935553168636,0.3314744356122271
0.694043321299639,0.8259935553168636,0.331863403388715
0.6937669376693767,0.8249194414607949,0.3320068297006522
0.6934900542495479,0.8238453276047261,0.33283885342008623
0.6932126696832579,0.8227712137486574,0.3333259613531703
0.6938405797101449,0.8227712137486574,0.33394568429789456
0.6944696282864914,0.8227712137486574,0.33414056548363
0.6950998185117967,0.8227712137486574,0.33437284016180296
0.6948228882833788,0.8216970998925887,0.33565612613284906
0.6945454545454546,0.8206229860365198,0.33574791696856743
0.6951774340309372,0.8206229860365198,0.33602049544114393
0.6958105646630237,0.8206229860365198,0.33688297799599587
0.6955332725615314,0.8195488721804511,0.3374498176452203
0.6961678832116789,0.8195488721804511,0.3382751896704925
0.6968036529680365,0.8195488721804511,0.3383081700909754
0.6974405850091407,0.8195488721804511,0.3384882239671219
0.6980786825251601,0.8195488721804511,0.33866447861405946
0.6978021978021978,0.8184747583243824,0.3388478347327009
0.6984417965169569,0.8184747583243824,0.33972502819205663
0.6981651376146789,0.8174006444683136,0.3403961139836863
0.6988062442607897,0.8174006444683136,0.3404863867654545
0.6985294117647058,0.8163265306122449,0.3406891901137173
0.6991720331186753,0.8163265306122449,0.34108816260175734
0.6998158379373849,0.8163265306122449,0.34191783176321056
0.7004608294930875,0.8163265306122449,0.3421071322281594
0.7011070110701108,0.8163265306122449,0.34231291414142295
0.7008310249307479,0.8152524167561761,0.34239881312886655
0.7014787430683919,0.8152524167561761,0.3433587250302336
0.7021276595744681,0.8152524167561761,0.3439371368822873
0.7027777777777777,0.8152524167561761,0.3442305728820616
0.7025023169601483,0.8141783029001074,0.34430048233858834
0.7022263450834879,0.8131041890440387,0.344749097364881
0.702878365831012,0.8131041890440387,0.3451310544715849
0.7026022304832714,0.8120300751879699,0.3455287565764321
0.7023255813953488,0.8109559613319012,0.3455666489794635
0.7029795158286778,0.8109559613319012,0.34608395575963324
0.7027027027027027,0.8098818474758325,0.34719158790820936
0.7033582089552238,0.8098818474758325,0.3484088281220204
0.704014939309057,0.8098818474758325,0.3488285635978394
0.7046728971962617,0.8098818474758325,0.3490605320116972
0.7053320860617399,0.8098818474758325,0.34912395203163327
0.7050561797752809,0.8088077336197637,0.34928344916818127
0.7047797563261481,0.807733619763695,0.34953049628290395
0.7045028142589118,0.8066595059076263,0.3495567383661314
0.7051643192488263,0.8066595059076263,0.35011703536939315
0.7048872180451128,0.8055853920515574,0.35015810677263337
0.7055503292568204,0.8055853920515574,0.3503616051136197
0.7062146892655368,0.8055853920515574,0.350904140064455
0.706880301602262,0.8055853920515574,0.35128634986108254
0.7066037735849057,0.8045112781954887,0.35130710153253186
0.7063267233238905,0.80343716433942,0.3516866971279488
0.7060491493383743,0.8023630504833512,0.35404933644114683
0.706717123935667,0.8023630504833512,0.3541935486330495
0.7064393939393939,0.8012889366272825,0.3542226316970285
0.7061611374407583,0.8002148227712137,0.3545705958538337
0.706831119544592,0.8002148227712137,0.35463290924222657
0.7065527065527065,0.799140708915145,0.35482314339565296
0.7072243346007605,0.799140708915145,0.35662354602594637
0.7078972407231209,0.799140708915145,0.356657635570913
0.7085714285714285,0.799140708915145,0.3567646473089443
0.7092469018112488,0.799140708915145,0.35792434483181856
0.708969465648855,0.7980665950590763,0.3583596851602016
0.7096466093600764,0.7980665950590763,0.3585270973659862
0.7103250478011472,0.7980665950590763,0.3587307554382985
0.7100478468899522,0.7969924812030075,0.358753236676089
0.7097701149425287,0.7959183673469388,0.35987729915721345
0.7094918504314478,0.7948442534908701,0.36138744056840644
0.710172744721689,0.7948442534908701,0.36140114692376785
0.7098943323727186,0.7937701396348013,0.3616431407521002
0.7096153846153846,0.7926960257787325,0.36239728192597676
0.710298363811357,0.7926960257787325,0.36551424233512475
0.7109826589595376,0.7926960257787325,0.36579792925399035
0.7116682738669238,0.7926960257787325,0.3663051422591608
0.7113899613899614,0.7916219119226638,0.36660312736342787
0.7111111111111111,0.790547798066595,0.36773571636581615
0.7117988394584139,0.790547798066595,0.3680231490341775
0.7131782945736435,0.790547798066595,0.3683076528550598
0.7138700290979632,0.790547798066595,0.3683578502624703
0.7135922330097088,0.7894736842105263,0.36863203756684276
0.7142857142857143,0.7894736842105263,0.3700565918082758
0.7140077821011673,0.7883995703544576,0.37053921978656107
0.7147030185004869,0.7883995703544576,0.3710425237821698
0.7144249512670565,0.7873254564983888,0.3712416411733056
0.7141463414634146,0.7862513426423201,0.3734884750704293
0.71484375,0.7862513426423201,0.37401109664883564
0.7155425219941349,0.7862513426423201,0.37405363605676584
0.7152641878669276,0.7851772287862513,0.37427498818033256
0.7159647404505387,0.7851772287862513,0.3747770160812907
0.7166666666666667,0.7851772287862513,0.3760042372757738
0.7173699705593719,0.7851772287862513,0.3775134877971913
0.7180746561886051,0.7851772287862513,0.3793483965915738
0.7187807276302851,0.7851772287862513,0.3810609601374202
0.719488188976378,0.7851772287862513,0.38160072415950624
0.7192118226600985,0.7841031149301826,0.3824642969737756
0.7189349112426036,0.7830290010741139,0.3825655966823809
0.7186574531095755,0.7819548872180451,0.3850844343317719
0.7183794466403162,0.7808807733619764,0.3850941763101472
0.7190900098911969,0.7808807733619764,0.38543355150952274
0.7198019801980198,0.7808807733619764,0.3865691952462304
0.7205153617443013,0.7808807733619764,0.3870280580425568
0.7202380952380952,0.7798066595059077,0.3870585907866235
0.7209533267130089,0.7798066595059077,0.3874917113856928
0.7206759443339961,0.7787325456498388,0.3885030109838123
0.7203980099502487,0.7776584317937701,0.3899102913439621
0.7211155378486056,0.7776584317937701,0.39080580938263015
0.7208374875373879,0.7765843179377014,0.39153467725188823
0.7215568862275449,0.7765843179377014,0.39180557480928313
0.7222777222777222,0.7765843179377014,0.39182882738929165
0.723,0.7765843179377014,0.3929322015378286
0.7237237237237237,0.7765843179377014,0.3932540663079111
0.7244488977955912,0.7765843179377014,0.3939331620902364
0.724172517552658,0.7755102040816326,0.39464875110241865
0.7238955823293173,0.7744360902255639,0.3947458787907965
0.7236180904522613,0.7733619763694952,0.39501171343081576
0.7243460764587525,0.7733619763694952,0.39506182836419357
0.7250755287009063,0.7733619763694952,0.39523219877765353
0.7258064516129032,0.7733619763694952,0.3963223169440696
0.7255297679112008,0.7722878625134264,0.39700896613567394
0.7252525252525253,0.7712137486573577,0.397320102415877
0.7249747219413549,0.7701396348012889,0.39762218589918236
0.7257085020242915,0.7701396348012889,0.3985182966502538
0.7254305977710233,0.7690655209452202,0.3993019892739871
0.7251521298174443,0.7679914070891515,0.3997560621324593
0.7248730964467005,0.7669172932330827,0.4000874726839511
0.725609756097561,0.7669172932330827,0.40083873996712555
0.7263479145473042,0.7669172932330827,0.40102360806243453
0.7270875763747454,0.7669172932330827,0.4022960064850516
0.72782874617737,0.7669172932330827,0.4026527600460219
0.7285714285714285,0.7669172932330827,0.4027965431175
0.72829417773238,0.765843179377014,0.40495133877705725
0.7280163599182005,0.7647690655209453,0.4061067838484922
0.7287615148413511,0.7647690655209453,0.40698689971416896
0.7295081967213115,0.7647690655209453,0.40717581073830306
0.7302564102564103,0.7647690655209453,0.40766016584163156
0.731006160164271,0.7647690655209453,0.4080163209591223
0.7307297019527236,0.7636949516648764,0.40813381440437857
0.7301750772399588,0.761546723952739,0.4096936945758635
0.7298969072164948,0.7604726100966702,0.41195682812887147
0.7306501547987616,0.7604726100966702,0.4124786631818524
0.731404958677686,0.7604726100966702,0.4127310188770872
0.7321613236814891,0.7604726100966702,0.4135840540226386
0.7329192546583851,0.7604726100966702,0.4137563949510169
0.7326424870466322,0.7593984962406015,0.4147440599277252
0.7323651452282157,0.7583243823845328,0.41485280305799926
0.7320872274143302,0.757250268528464,0.41533682574935443
0.7328482328482329,0.757250268528464,0.4156063659245787
0.7325702393340271,0.7561761546723953,0.41574033987450176
0.7333333333333333,0.7561761546723953,0.41652689243158186
0.7340980187695516,0.7561761546723953,0.4181567959148803
0.7348643006263048,0.7561761546723953,0.4185317702412127
0.735632183908046,0.7561761546723953,0.4195398377301706
0.7364016736401674,0.7561761546723953,0.42120912866973065
0.7371727748691099,0.7561761546723953,0.42136508919156157
0.7379454926624738,0.7561761546723953,0.4218352635286242
0.7387198321091291,0.7561761546723953,0.4223166729199567
0.7384453781512605,0.7551020408163265,0.4227691988428263
0.7392218717139852,0.7551020408163265,0.42292533873044974
0.7389473684210527,0.7540279269602578,0.42379877541379635
0.7397260273972602,0.7540279269602578,0.424395335575723
0.739451476793249,0.7529538131041891,0.42442312670113175
0.7402323125659979,0.7529538131041891,0.42545092231587833
0.7399577167019028,0.7518796992481203,0.42586806417138967
0.7396825396825397,0.7508055853920516,0.42609181777183697
0.739406779661017,0.7497314715359829,0.426400299598504
0.7391304347826086,0.748657357679914,0.4276856513130795
0.7399150743099787,0.748657357679914,0.42800040932665373
0.740701381509033,0.748657357679914,0.428499519032028
0.7404255319148936,0.7475832438238453,0.4299915213997921
0.7412140575079872,0.7475832438238453,0.430242363395945
0.7420042643923241,0.7475832438238453,0.4314804482951437
0.7427961579509071,0.7475832438238453,0.43166213630314876
0.7435897435897436,0.7475832438238453,0.43179037844829304
0.7443850267379679,0.7475832438238453,0.43190444277005485
0.7451820128479657,0.7475832438238453,0.43217931365238327
0.7459807073954984,0.7475832438238453,0.43498309634420107
0.7457081545064378,0.7465091299677766,0.436108913759348
0.7465091299677766,0.7465091299677766,0.4362790995702438
0.7473118279569892,0.7465091299677766,0.4366606544546741
0.7481162540365985,0.7465091299677766,0.4370322439699459
0.7489224137931034,0.7465091299677766,0.43717921386474473
0.749730312837109,0.7465091299677766,0.4383440158948758
0.7505399568034558,0.7465091299677766,0.44117791150363617
0.7513513513513513,0.7465091299677766,0.44198238774696874
0.7521645021645021,0.7465091299677766,0.4421100663654803
0.7518959913326111,0.7454350161117078,0.4426269755365299
0.7527114967462039,0.7454350161117078,0.44364928500718365
0.752442996742671,0.7443609022556391,0.44415431289485563
0.7532608695652174,0.7443609022556391,0.4450213553771587
0.7540805223068553,0.7443609022556391,0.446197521463833
0.7549019607843137,0.7443609022556391,0.4471135312741899
0.7557251908396947,0.7443609022556391,0.44749957274439217
0.7565502183406113,0.7443609022556391,0.4476285802573635
0.7573770491803279,0.7443609022556391,0.4476594957044383
0.7571115973741794,0.7432867883995704,0.44835075707397065
0.7579408543263965,0.7432867883995704,0.44840038305913676
0.7576754385964912,0.7422126745435016,0.4490634809324623
0.7585071350164654,0.7422126745435016,0.44985346140159327
0.7582417582417582,0.7411385606874329,0.449878629556305
0.759075907590759,0.7411385606874329,0.45051138875679503
0.7599118942731278,0.7411385606874329,0.45097577273246053
0.7596471885336273,0.7400644468313641,0.4511260908822652
0.7593818984547461,0.7389903329752954,0.451514551693417
0.7602209944751381,0.7389903329752954,0.4515423208965195
0.7610619469026548,0.7389903329752954,0.4521089946985728
0.7619047619047619,0.7389903329752954,0.4528436727302984
0.761640798226164,0.7379162191192267,0.45294849745130955
0.7624861265260822,0.7379162191192267,0.45362204282990887
0.7622222222222222,0.7368421052631579,0.4548056726066494
0.7630700778642937,0.7368421052631579,0.4558575574313841
0.7639198218262806,0.7368421052631579,0.4574855579484094
0.7647714604236343,0.7368421052631579,0.4582907622141764
0.7645089285714286,0.7357679914070892,0.45926316193563926
0.7642458100558659,0.7346938775510204,0.46021820838293964
0.7639821029082774,0.7336197636949516,0.4607555865443738
0.7648376259798432,0.7336197636949516,0.46179398308196673
0.7645739910313901,0.7325456498388829,0.46243629523366736
0.7654320987654321,0.7325456498388829,0.46280371191725667
0.7651685393258427,0.7314715359828142,0.4636777598826094
0.766029246344207,0.7314715359828142,0.463688655458977
0.7657657657657657,0.7303974221267454,0.4636896081274688
0.7666290868094702,0.7303974221267454,0.4638369590515575
0.7674943566591422,0.7303974221267454,0.4639382654081804
0.768361581920904,0.7303974221267454,0.4653711068545455
0.7692307692307693,0.7303974221267454,0.4654001878720237
0.768969422423556,0.7293233082706767,0.4667633910576821
0.7687074829931972,0.728249194414608,0.4674243174220218
0.7684449489216799,0.7271750805585392,0.467435347839048
0.7681818181818182,0.7261009667024705,0.4678112981130804
0.7690557451649602,0.7261009667024705,0.46874451274476947
0.7699316628701595,0.7261009667024705,0.46913337412040007
0.7708095781071835,0.7261009667024705,0.4692842304526651
0.771689497716895,0.7261009667024705,0.46973424761741334
0.7714285714285715,0.7250268528464017,0.47143550976319376
0.7723112128146453,0.7250268528464017,0.4721788380619904
0.7720504009163803,0.723952738990333,0.47316744118903475
0.7729357798165137,0.723952738990333,0.47319378197327683
0.7726750861079219,0.7228786251342643,0.47366501055644683
0.7724137931034483,0.7218045112781954,0.47381798228602434
0.7721518987341772,0.7207303974221267,0.4747610927231134
0.771889400921659,0.719656283566058,0.47544249912572295
0.7727797001153403,0.719656283566058,0.4785825038155485
0.7736720554272517,0.719656283566058,0.47929080585115347
0.7743055555555556,0.7185821697099892,0.47983955947208845
0.7752027809965237,0.7185821697099892,0.4800589255730826
0.7761020881670534,0.7185821697099892,0.4801252187787283
0.7770034843205574,0.7185821697099892,0.4808334557299891
0.7779069767441861,0.7185821697099892,0.48127881392625493
0.7776484284051223,0.7175080558539205,0.4826501264947064
0.7773892773892774,0.7164339419978518,0.48382475957694404
0.7782963827304551,0.7164339419978518,0.48422590207372923
0.7780373831775701,0.715359828141783,0.4851190889988268
0.7789473684210526,0.715359828141783,0.4853361234988187
0.7786885245901639,0.7142857142857143,0.4862880623651943
0.779601406799531,0.7142857142857143,0.4866745497529873
0.7805164319248826,0.7142857142857143,0.48746115941347334
0.7802585193889542,0.7132116004296455,0.48826519079481717
0.7811764705882352,0.7132116004296455,0.48889679680533504
0.7809187279151943,0.7121374865735768,0.48970850040813724
0.7818396226415094,0.7121374865735768,0.49036297007656166
0.7827626918536009,0.7121374865735768,0.4917241719057702
0.7836879432624113,0.7121374865735768,0.492782791765505
0.7846153846153846,0.7121374865735768,0.49286035077895574
0.7843601895734598,0.7110633727175081,0.4931112796222383
0.7841043890865955,0.7099892588614393,0.49395200848415993
0.7838479809976246,0.7089151450053706,0.4952356344590929
0.7835909631391201,0.7078410311493019,0.49525839767687746
0.7833333333333333,0.706766917293233,0.49584151057661796
0.7842669845053635,0.706766917293233,0.4963006457898793
0.7852028639618138,0.706766917293233,0.49691235661323035
0.7861409796893668,0.706766917293233,0.4969484288445806
0.7870813397129187,0.706766917293233,0.4974740861279839
0.7880239520958083,0.706766917293233,0.4984506214981546
0.7877697841726619,0.7056928034371643,0.4990118897771409
0.7887154861944778,0.7056928034371643,0.49904621552281037
0.7896634615384616,0.7056928034371643,0.5024867689873337
0.789410348977136,0.7046186895810956,0.5028642511218863
0.7903614457831325,0.7046186895810956,0.5033879733913801
0.7901085645355851,0.7035445757250268,0.5037230135270738
0.7910628019323671,0.7035445757250268,0.504424274760744
0.7920193470374849,0.7035445757250268,0.5050141526105042
0.7929782082324455,0.7035445757250268,0.5051891115241334
0.793939393939394,0.7035445757250268,0.5062126060296999
0.7949029126213593,0.7035445757250268,0.5065226599442079
0.7946537059538274,0.7024704618689581,0.5070545524515312
0.7956204379562044,0.7024704618689581,0.5072460035562611
0.7953714981729598,0.7013963480128894,0.507250555232242
0.7963414634146342,0.7013963480128894,0.5080254569577178
0.796092796092796,0.7003222341568206,0.5108086225787067
0.7970660146699267,0.7003222341568206,0.5115556487519887
0.7968176254589964,0.6992481203007519,0.5135326607613191
0.7977941176470589,0.6992481203007519,0.5137624055647143
0.7975460122699386,0.6981740064446831,0.5156347201640137
0.7985257985257985,0.6981740064446831,0.5163822900669349
0.7995079950799509,0.6981740064446831,0.5168530682926181
0.7992610837438424,0.6970998925886144,0.5172752095338286
0.7990135635018496,0.6960257787325457,0.5177724993287685
0.8,0.6960257787325457,0.5179493956692779
0.8009888751545118,0.6960257787325457,0.5192947831658492
0.8007425742574258,0.6949516648764769,0.5198560953137237
0.8004956629491945,0.6938775510204082,0.520188936113174
0.8014888337468983,0.6938775510204082,0.5206460339306065
0.8024844720496894,0.6938775510204082,0.5215995267073146
0.8034825870646766,0.6938775510204082,0.5233414695969016
0.8044831880448319,0.6938775510204082,0.5243772096292472
0.8054862842892768,0.6938775510204082,0.5252037474197359
0.8064918851435705,0.6938775510204082,0.5278641437502578
0.80625,0.6928034371643395,0.5287756875731844
0.8060075093867334,0.6917293233082706,0.5335768125896498
0.8057644110275689,0.6906552094522019,0.5351226958087597
0.8055207026348808,0.6895810955961332,0.5354505538044992
0.8065326633165829,0.6895810955961332,0.5366152283750262
0.8075471698113208,0.6895810955961332,0.537530616254859
0.8073047858942065,0.6885069817400644,0.5379205879565184
0.807061790668348,0.6874328678839957,0.5385948587051933
0.8080808080808081,0.6874328678839957,0.5398821172948461
0.809102402022756,0.6874328678839957,0.5406023505474057
0.810126582278481,0.6874328678839957,0.5407898090757505
0.8098859315589354,0.686358754027927,0.541634735873028
0.8096446700507615,0.6852846401718582,0.5417081162873395
0.8094027954256671,0.6842105263157895,0.5438313804620346
0.8104325699745547,0.6842105263157895,0.5439830723806698
0.8101910828025478,0.6831364124597207,0.5443054188250748
0.8099489795918368,0.682062298603652,0.5451089230867939
0.8109833971902938,0.682062298603652,0.5463558260385104
0.8107416879795396,0.6809881847475833,0.5476238588414968
0.8104993597951344,0.6799140708915145,0.547708632108855
0.8115384615384615,0.6799140708915145,0.5481604813006934
0.8125802310654685,0.6799140708915145,0.5496138664034153
0.8136246786632391,0.6799140708915145,0.5497399258841075
0.8146718146718147,0.6799140708915145,0.550515913789245
0.8144329896907216,0.6788399570354458,0.5508807852453407
0.8141935483870968,0.677765843179377,0.552970483517777
0.813953488372093,0.6766917293233082,0.5532127741835454
0.8137128072445019,0.6756176154672395,0.5533067980132369
0.8147668393782384,0.6756176154672395,0.5554327460372215
0.8142857142857143,0.673469387755102,0.5559110684563172
0.8153446033810143,0.673469387755102,0.5564015962458876
0.8151041666666666,0.6723952738990333,0.55654585487886
0.8148631029986962,0.6713211600429646,0.5570244047360252
0.814621409921671,0.6702470461868958,0.5581722300597813
0.8156862745098039,0.6702470461868958,0.5593902779373334
0.8154450261780105,0.6691729323308271,0.5597679309918583
0.8165137614678899,0.6691729323308271,0.559977746398825
0.8162729658792651,0.6680988184747583,0.561026132887413
0.8160315374507228,0.6670247046186896,0.5611606018949321
0.8157894736842105,0.6659505907626209,0.5612366503394288
0.816622691292876,0.664876476906552,0.5615727127075201
0.8163804491413474,0.6638023630504833,0.5621627202421167
0.8161375661375662,0.6627282491944146,0.5642070932678718
0.8158940397350993,0.6616541353383458,0.564570725802274
0.8169761273209549,0.6616541353383458,0.5646342879322521
0.8167330677290837,0.6605800214822771,0.5650066924232435
0.8178191489361702,0.6605800214822771,0.5650691706247657
0.8189081225033289,0.6605800214822771,0.5655460017612687
0.8186666666666667,0.6595059076262084,0.5661221379812319
0.8184245660881175,0.6584317937701396,0.5669084061693165
0.81951871657754,0.6584317937701396,0.5670479422588873
0.820615796519411,0.6584317937701396,0.5698063871691751
0.8203753351206434,0.6573576799140709,0.5699377529056738
0.8201342281879195,0.6562835660580022,0.5700726337355131
0.8198924731182796,0.6552094522019334,0.5704177265037477
0.819650067294751,0.6541353383458647,0.5707337712833885
0.8207547169811321,0.6541353383458647,0.5708468018681827
0.8205128205128205,0.6530612244897959,0.571816138553186
0.8216216216216217,0.6530612244897959,0.5718923271411762
0.8213802435723951,0.6519871106337272,0.5720661677641796
0.8211382113821138,0.6509129967776585,0.5721556062497566
0.8222523744911805,0.6509129967776585,0.5735908721140988
0.8220108695652174,0.6498388829215896,0.5775937568929653
0.8217687074829932,0.6487647690655209,0.5781573328132581
0.8215258855585831,0.6476906552094522,0.5782797729277286
0.8212824010914052,0.6466165413533834,0.5793544083138994
0.8224043715846995,0.6466165413533834,0.5796207894660461
0.8221614227086184,0.6455424274973147,0.5805219843251228
0.8232876712328767,0.6455424274973147,0.5816894569654125
0.8244170096021948,0.6455424274973147,0.582015464954416
0.8255494505494505,0.6455424274973147,0.5824364137759098
0.8253094910591472,0.644468313641246,0.5825431166892676
0.8250688705234159,0.6433941997851772,0.5837933984166734
0.8248275862068966,0.6423200859291085,0.5845444871374439
0.8259668508287292,0.6423200859291085,0.5850823839668499
0.8271092669432918,0.6423200859291085,0.5863214516202847
0.8268698060941828,0.6412459720730398,0.5865344596659373
0.826629680998613,0.640171858216971,0.5867926293841979
0.8263888888888888,0.6390977443609023,0.5872435758619389
0.827538247566064,0.6390977443609023,0.5878966128774916
0.8286908077994429,0.6390977443609023,0.5887805081470442
0.8284518828451883,0.6380236305048335,0.5895269090680187
0.8296089385474861,0.6380236305048335,0.5904662424368635
0.8307692307692308,0.6380236305048335,0.5911944232557149
0.8305322128851541,0.6369495166487648,0.5917640291667766
0.8316970546984572,0.6369495166487648,0.5948887931365034
0.8328651685393258,0.6369495166487648,0.5949382253975481
0.8340365682137834,0.6369495166487648,0.5950748163597731
0.8338028169014085,0.635875402792696,0.5950943628527222
0.8349788434414669,0.635875402792696,0.5958490651376516
0.8361581920903954,0.635875402792696,0.5966822683122338
0.8359264497878359,0.6348012889366272,0.5973457900580255
0.8371104815864022,0.6348012889366272,0.5979410747420333
0.8382978723404255,0.6348012889366272,0.5981115493080027
0.8380681818181818,0.6337271750805585,0.5984186739640202
0.8378378378378378,0.6326530612244898,0.59852035138012
0.8376068376068376,0.631578947368421,0.5989004342997472
0.8388017118402282,0.631578947368421,0.5989851211299636
0.84,0.631578947368421,0.6006765928660718
0.8397711015736766,0.6305048335123523,0.602325485191483
0.8409742120343839,0.6305048335123523,0.6033528318983843
0.8421807747489239,0.6305048335123523,0.6061177625193495
0.8419540229885057,0.6294307196562836,0.6063693250791163
0.8431654676258993,0.6294307196562836,0.6065503379318395
0.8429394812680115,0.6283566058002148,0.6068386846691556
0.8441558441558441,0.6283566058002148,0.6070353661623703
0.8439306358381503,0.6272824919441461,0.6074545564903385
0.8437047756874095,0.6262083780880774,0.608070879313548
0.8434782608695652,0.6251342642320086,0.6095143143375286
0.8432510885341074,0.6240601503759399,0.6097902579041495
0.8430232558139535,0.6229860365198711,0.6103610503289493
0.8427947598253275,0.6219119226638024,0.6105361430592945
0.8425655976676385,0.6208378088077336,0.6119961817604092
0.8423357664233576,0.6197636949516648,0.6132961754974144
0.8421052631578947,0.6186895810955961,0.6134749921966983
0.8418740849194729,0.6176154672395274,0.6139362072886022
0.841642228739003,0.6165413533834586,0.6149188001304426
0.8428781204111601,0.6165413533834586,0.617014757819155
0.8426470588235294,0.6154672395273899,0.6174736078049333
0.8438880706921944,0.6154672395273899,0.6180254414365154
0.8451327433628318,0.6154672395273899,0.6183673553057462
0.8463810930576071,0.6154672395273899,0.6199904547903905
0.8461538461538461,0.6143931256713212,0.6215039120586813
0.8474074074074074,0.6143931256713212,0.6216429873343938
0.8471810089020771,0.6133190118152524,0.623053544789748
0.8484398216939079,0.6133190118152524,0.6236696835790955
0.8497023809523809,0.6133190118152524,0.6237911504411987
0.8509687034277198,0.6133190118152524,0.625819632521614
0.8507462686567164,0.6122448979591837,0.6269655650283055
0.8505231689088192,0.611170784103115,0.6282938370221781
0.8502994011976048,0.6100966702470462,0.6284331036406408
0.8500749625187406,0.6090225563909775,0.6297662891122813
0.8498498498498499,0.6079484425349087,0.6304398303871569
0.8511278195488722,0.6079484425349087,0.6305529387553089
0.8509036144578314,0.60687432867884,0.631709649277977
0.8521870286576169,0.60687432867884,0.6339156603015592
0.8534743202416919,0.60687432867884,0.6350912558761953
0.8532526475037822,0.6058002148227712,0.6359988727546038
0.853030303030303,0.6047261009667024,0.6361942667938163
0.8543247344461306,0.6047261009667024,0.6372902641810647
0.8556231003039514,0.6047261009667024,0.6379430182236517
0.8569254185692542,0.6047261009667024,0.6379579865150565
0.8567073170731707,0.6036519871106337,0.6380186989530766
0.8564885496183207,0.602577873254565,0.63885613972561
0.8577981651376146,0.602577873254565,0.6388755873601242
0.8591117917304747,0.602577873254565,0.639599314439119
0.8588957055214724,0.6015037593984962,0.6409555748995116
0.8602150537634409,0.6015037593984962,0.6412566289188079
0.8615384615384616,0.6015037593984962,0.6426367379946075
0.8613251155624037,0.6004296455424275,0.6448011531184411
0.8611111111111112,0.5993555316863588,0.6450456905377283
0.8608964451313755,0.59828141783029,0.6465590688543977
0.8622291021671826,0.59828141783029,0.6466438150953946
0.862015503875969,0.5972073039742213,0.64944744168811
0.8618012422360248,0.5961331901181526,0.6506279687422436
0.8615863141524106,0.5950590762620838,0.650972732082821
0.8613707165109035,0.5939849624060151,0.6510517265565268
0.8611544461778471,0.5929108485499462,0.6513517195926043
0.8625,0.5929108485499462,0.6516809532650137
0.8622848200312989,0.5918367346938775,0.6538053985843209
0.8620689655172413,0.5907626208378088,0.6553460611462566
0.8618524332810047,0.58968850698174,0.6579154178810809
0.8616352201257862,0.5886143931256713,0.6583777841012478
0.8614173228346457,0.5875402792696026,0.658690268129756
0.861198738170347,0.5864661654135338,0.6590757650434751
0.8625592417061612,0.5864661654135338,0.6592324047374605
0.8639240506329114,0.5864661654135338,0.6600372039174516
0.8637083993660856,0.5853920515574651,0.660385216421018
0.8634920634920635,0.5843179377013964,0.6609660265806652
0.863275039745628,0.5832438238453276,0.6618499503643586
0.8630573248407644,0.5821697099892589,0.6621309080899692
0.8626198083067093,0.5800214822771214,0.6629393137441798
0.8624,0.5789473684210527,0.6632204226304577
0.8621794871794872,0.5778732545649838,0.6648682932888648
0.8635634028892456,0.5778732545649838,0.666038804794973
0.8633440514469454,0.5767991407089151,0.6663523594756002
0.8647342995169082,0.5767991407089151,0.6665993978118202
0.864516129032258,0.5757250268528464,0.6674679886721363
0.864297253634895,0.5746509129967776,0.6683218612307354
0.8640776699029126,0.5735767991407089,0.6700127531787067
0.8638573743922204,0.5725026852846402,0.6724929335812084
0.8652597402597403,0.5725026852846402,0.6737484973490926
0.865040650406504,0.5714285714285714,0.675257127557779
0.8648208469055375,0.5703544575725027,0.6754740173138941
0.8646003262642741,0.569280343716434,0.6761326290332609
0.8643790849673203,0.5682062298603652,0.6763405123534518
0.8657937806873978,0.5682062298603652,0.677138141488851
0.8672131147540983,0.5682062298603652,0.677263514416269
0.8669950738916257,0.5671321160042965,0.6774989178781414
0.868421052631579,0.5671321160042965,0.6775411550631619
0.8682042833607908,0.5660580021482277,0.6783732280248432
0.8679867986798679,0.564983888292159,0.6798967725503434
0.8677685950413223,0.5639097744360902,0.6805200788048212
0.8675496688741722,0.5628356605800214,0.680845590419536
0.867330016583748,0.5617615467239527,0.6810847023274637
0.867109634551495,0.560687432867884,0.6816907477983047
0.8668885191347754,0.5596133190118152,0.6829973946625897
0.8683333333333333,0.5596133190118152,0.6830834913007153
0.8681135225375626,0.5585392051557465,0.6838187040502085
0.8695652173913043,0.5585392051557465,0.6844056797985492
0.8710217755443886,0.5585392051557465,0.6844162798438593
0.87248322147651,0.5585392051557465,0.6844640323030652
0.8722689075630252,0.5574650912996778,0.6855490245146871
0.8720538720538721,0.556390977443609,0.6856337001111521
0.8718381112984823,0.5553168635875403,0.6862041925117636
0.8733108108108109,0.5553168635875403,0.6862936095544754
0.8730964467005076,0.5542427497314716,0.6868441280710319
0.8728813559322034,0.5531686358754028,0.6877479124174262
0.8726655348047538,0.5520945220193341,0.6886146736558932
0.8724489795918368,0.5510204081632653,0.6893510335605667
0.8722316865417377,0.5499462943071965,0.6896667354181794
0.8720136518771331,0.5488721804511278,0.690903280675719
0.8717948717948718,0.547798066595059,0.6913222968394901
0.8715753424657534,0.5467239527389903,0.6914723420501763
0.8713550600343053,0.5456498388829216,0.6915894931017919
0.872852233676976,0.5456498388829216,0.6916814201267307
0.8726333907056799,0.5445757250268528,0.692093752242865
0.8724137931034482,0.5435016111707841,0.6923086953075992
0.8739205526770294,0.5435016111707841,0.6944278467221386
0.8737024221453287,0.5424274973147154,0.6945518603289285
0.8734835355285961,0.5413533834586466,0.6947617876707683
0.875,0.5413533834586466,0.6949631080309142
0.8747826086956522,0.5402792696025779,0.6950992180062563
0.8745644599303136,0.5392051557465092,0.696993021604065
0.8743455497382199,0.5381310418904404,0.6970913660722414
0.8741258741258742,0.5370569280343717,0.6983934484022941
0.8739054290718039,0.5359828141783028,0.6985734831282115
0.8736842105263158,0.5349087003222341,0.6988607963928909
0.8734622144112478,0.5338345864661654,0.6989754689495911
0.875,0.5338345864661654,0.6990628045587236
0.8765432098765432,0.5338345864661654,0.6990746547434106
0.8763250883392226,0.5327604726100966,0.6991386921409912
0.8778761061946903,0.5327604726100966,0.7000339863985684
0.8794326241134752,0.5327604726100966,0.7000771638751996
0.8792184724689165,0.5316863587540279,0.7011093095133185
0.8790035587188612,0.5306122448979592,0.7014733099920946
0.8787878787878788,0.5295381310418904,0.7015233295671349
0.8785714285714286,0.5284640171858217,0.7020331398592271
0.8783542039355993,0.527389903329753,0.7022495768330372
0.8781362007168458,0.5263157894736842,0.7027397145546945
0.8779174147217235,0.5252416756176155,0.702989446336121
0.8776978417266187,0.5241675617615468,0.7030794342545766
0.8792792792792793,0.5241675617615468,0.7031544353711603
0.8790613718411552,0.523093447905478,0.7032309158198422
0.8788426763110307,0.5220193340494093,0.703696473967419
0.8786231884057971,0.5209452201933404,0.703766798489486
0.8784029038112523,0.5198711063372717,0.7038794792089749
0.8781818181818182,0.518796992481203,0.7041416818975924
0.8779599271402551,0.5177228786251342,0.7046996362429228
0.8777372262773723,0.5166487647690655,0.7047642049715526
0.8793418647166362,0.5166487647690655,0.7055143443063456
0.8809523809523809,0.5166487647690655,0.7057763773685044
0.8825688073394495,0.5166487647690655,0.7059778693018359
0.8823529411764706,0.5155746509129968,0.7060920861260838
0.8821362799263351,0.514500537056928,0.7065652536593773
0.8837638376383764,0.514500537056928,0.7067473196029623
0.8835489833641405,0.5134264232008593,0.7068374203274597
0.8833333333333333,0.5123523093447906,0.7072201943214166
0.8831168831168831,0.5112781954887218,0.7077782150185018
0.8828996282527881,0.5102040816326531,0.7079124498189902
0.88268156424581,0.5091299677765844,0.7084041566595914
0.8824626865671642,0.5080558539205156,0.708534639903849
0.8822429906542056,0.5069817400644469,0.7086227021049458
0.8820224719101124,0.505907626208378,0.7094356029246829
0.8836772983114447,0.505907626208378,0.7124340102763564
0.8834586466165414,0.5048335123523093,0.7125591179692512
0.8832391713747646,0.5037593984962406,0.7129071032796986
0.8830188679245283,0.5026852846401718,0.7130098465051534
0.8827977315689981,0.5016111707841031,0.7136539441978421
0.884469696969697,0.5016111707841031,0.713772831702737
0.8842504743833017,0.5005370569280344,0.7141342251589364
0.8840304182509505,0.49946294307196565,0.7149711610027069
0.8857142857142857,0.49946294307196565,0.7150008710019877
0.8891013384321224,0.49946294307196565,0.7152686820341186
0.8888888888888888,0.4983888292158969,0.7153532509515588
0.8886756238003839,0.49731471535982813,0.7154546841700381
0.8884615384615384,0.49624060150375937,0.7165672397187404
0.8882466281310212,0.49516648764769067,0.7165787001371461
0.888030888030888,0.4940923737916219,0.716925205776925
0.8897485493230174,0.4940923737916219,0.7173771659627928
0.8895348837209303,0.49301825993555315,0.717529519663349
0.8893203883495145,0.49194414607948445,0.7176221351118948
0.8891050583657587,0.4908700322234157,0.7177355826258799
0.8908382066276803,0.4908700322234157,0.7194049683857036
0.892578125,0.4908700322234157,0.7197275623925657
0.8923679060665362,0.4897959183673469,0.7198929582211312
0.8941176470588236,0.4897959183673469,0.7199046935131441
0.8939096267190569,0.48872180451127817,0.7201193241072003
0.8937007874015748,0.48764769065520946,0.7217699174971112
0.893491124260355,0.4865735767991407,0.7218123305174845
0.8932806324110671,0.48549946294307195,0.7221332208503234
0.8950495049504951,0.48549946294307195,0.7231127968732877
0.8948412698412699,0.48442534908700324,0.7234637848477571
0.8966202783300199,0.48442534908700324,0.7237694215438512
0.896414342629482,0.4833512352309345,0.7238529337235913
0.8982035928143712,0.4833512352309345,0.7248124990146989
0.898,0.4822771213748657,0.7253571403124395
0.8977955911823647,0.48120300751879697,0.7254396677508901
0.8995983935742972,0.48120300751879697,0.7269725703794071
0.8993963782696177,0.48012889366272826,0.7278711324288846
0.8991935483870968,0.4790547798066595,0.728126678440944
0.898989898989899,0.47798066595059074,0.7282954915992967
0.8987854251012146,0.47690655209452204,0.7286254873567374
0.9006085192697769,0.47690655209452204,0.7287124851350654
0.9004065040650406,0.4758324382384533,0.7297219298627949
0.90020366598778,0.4747583243823845,0.7298053728676498
0.9,0.47368421052631576,0.7303058282693075
0.901840490797546,0.47368421052631576,0.7304971257954647
0.9036885245901639,0.47368421052631576,0.7311937088026338
0.9055441478439425,0.47368421052631576,0.731508313988935
0.9053497942386831,0.47261009667024706,0.7323962308002949
0.9072164948453608,0.47261009667024706,0.732601949481116
0.9070247933884298,0.4715359828141783,0.7332882000728598
0.906832298136646,0.47046186895810954,0.7344510701889688
0.9066390041493776,0.46938775510204084,0.7353568806869164
0.9064449064449065,0.4683136412459721,0.7355790833920186
0.9083333333333333,0.4683136412459721,0.7355861137677087
0.9102296450939458,0.4683136412459721,0.7357233195241972
0.9100418410041841,0.4672395273899033,0.7363661450210358
0.909853249475891,0.46616541353383456,0.7364125150166098
0.9096638655462185,0.46509129967776586,0.7368130304413972
0.9094736842105263,0.4640171858216971,0.737101333720475
0.9092827004219409,0.46294307196562834,0.7375928921245007
0.9112050739957717,0.46294307196562834,0.7376020302610499
0.9110169491525424,0.46186895810955964,0.7389970703465182
0.910828025477707,0.4607948442534909,0.7392975545939192
0.9106382978723404,0.4597207303974221,0.7396014441194495
0.9104477611940298,0.45864661654135336,0.7396674861142284
0.9102564102564102,0.45757250268528465,0.7402427256530247
0.9122055674518201,0.45757250268528465,0.7402439639339518
0.9141630901287554,0.45757250268528465,0.7411172356090608
0.9139784946236559,0.4564983888292159,0.7414854879334584
0.9137931034482759,0.45542427497314714,0.7419779716607012
0.9136069114470843,0.45435016111707843,0.742151088755195
0.9134199134199135,0.4532760472610097,0.7430156624361993
0.913232104121475,0.4522019334049409,0.7442129051791468
0.9130434782608695,0.45112781954887216,0.7444590013638009
0.9150326797385621,0.45112781954887216,0.7448304052361958
0.9148471615720524,0.45005370569280345,0.7477767308481865
0.9146608315098468,0.4489795918367347,0.7481387295324219
0.9144736842105263,0.44790547798066593,0.7483342733319511
0.9142857142857143,0.44683136412459723,0.7485435149821869
0.9140969162995595,0.44575725026852847,0.7505074014353238
0.9139072847682119,0.4446831364124597,0.7507990994268023
0.915929203539823,0.4446831364124597,0.7518784477918283
0.9157427937915743,0.44360902255639095,0.7527908223336407
0.9155555555555556,0.44253490870032225,0.7530860415462238
0.9153674832962138,0.4414607948442535,0.7533271948284725
0.9151785714285714,0.44038668098818473,0.7534904419305221
0.9149888143176734,0.439312567132116,0.753874956552141
0.9170403587443946,0.439312567132116,0.753957613359256
0.9168539325842696,0.43823845327604727,0.7540111835496952
0.918918918918919,0.43823845327604727,0.7543026266711307
0.9187358916478555,0.4371643394199785,0.7545399949077719
0.920814479638009,0.4371643394199785,0.7553258112108844
0.9206349206349206,0.43609022556390975,0.7556397770524735
0.9204545454545454,0.43501611170784105,0.7558056690289886
0.9202733485193622,0.4339419978517723,0.7561244156059631
0.9200913242009132,0.43286788399570353,0.7572352246415613
0.919908466819222,0.4317937701396348,0.7577125389119137
0.9197247706422018,0.43071965628356607,0.7578651138244445
0.9195402298850575,0.4296455424274973,0.7582777578496532
0.9193548387096774,0.42857142857142855,0.7583991174098488
0.9214780600461894,0.42857142857142855,0.7585194675838463
0.9236111111111112,0.42857142857142855,0.7587686026485451
0.925754060324826,0.42857142857142855,0.7589892765081105
0.9255813953488372,0.42749731471535984,0.7592282473877625
0.9254079254079254,0.4264232008592911,0.759841938357749
0.9252336448598131,0.4253490870032223,0.7599438121811193
0.9250585480093677,0.4242749731471536,0.7602296001056282
0.9272300469483568,0.4242749731471536,0.7604034650548467
0.9294117647058824,0.4242749731471536,0.7605033368271978
0.9292452830188679,0.42320085929108486,0.7611979839100445
0.9290780141843972,0.4221267454350161,0.7612149022219972
0.9289099526066351,0.42105263157894735,0.7614860085666048
0.9287410926365796,0.41997851772287864,0.7627755610654954
0.9285714285714286,0.4189044038668099,0.7632263868532762
0.9284009546539379,0.4178302900107411,0.765156036123872
0.9282296650717703,0.4167561761546724,0.7654104810457283
0.9280575539568345,0.41568206229860366,0.7654428897449795
0.9278846153846154,0.4146079484425349,0.766847619180239
0.927710843373494,0.41353383458646614,0.7670384903395966
0.927536231884058,0.41245972073039744,0.7682846663349083
0.927360774818402,0.4113856068743287,0.7704657462193107
0.9271844660194175,0.4103114930182599,0.7713821928716408
0.927007299270073,0.4092373791621912,0.7717108770250548
0.926829268292683,0.40816326530612246,0.7720984452748686
0.9290953545232273,0.40816326530612246,0.7721545852656132
0.928921568627451,0.4070891514500537,0.7738431402348271
0.9287469287469288,0.40601503759398494,0.7745588036657804
0.9285714285714286,0.40494092373791624,0.7750334136572676
0.928395061728395,0.4038668098818475,0.7756589265364583
0.9306930693069307,0.4038668098818475,0.7760999900919788
0.9305210918114144,0.4027926960257787,0.7770141105518487
0.9303482587064676,0.40171858216971,0.7770726381623546
0.9301745635910225,0.40064446831364126,0.7773699733360432
0.93,0.3995703544575725,0.7776103798660433
0.9298245614035088,0.39849624060150374,0.7789129883371683
0.9296482412060302,0.39742212674543503,0.7793588182082059
0.929471032745592,0.3963480128893663,0.7802521570637077
0.9291139240506329,0.3941997851772288,0.7805708957049313
0.9289340101522843,0.39312567132116005,0.7808714716100614
0.9287531806615776,0.3920515574650913,0.7810867035647321
0.9285714285714286,0.39097744360902253,0.7816951388883759
0.9309462915601023,0.39097744360902253,0.7832410830326281
0.9307692307692308,0.38990332975295383,0.7836688392303446
0.9305912596401028,0.38882921589688507,0.7839593722151386
0.9304123711340206,0.3877551020408163,0.7841739824315449
0.9302325581395349,0.3866809881847476,0.7843311120878579
0.9300518134715026,0.38560687432867885,0.7847891570650241
0.9324675324675324,0.38560687432867885,0.7849815725310622
0.9322916666666666,0.3845327604726101,0.7857235706247759
0.9347258485639687,0.3845327604726101,0.7857833761187578
0.9345549738219895,0.38345864661654133,0.7862324660954184
0.937007874015748,0.38345864661654133,0.7862679315134741
0.9368421052631579,0.38238453276047263,0.7878674881307529
0.9393139841688655,0.38238453276047263,0.7880742538146509
0.9417989417989417,0.38238453276047263,0.7882681199297291
0.9416445623342176,0.38131041890440387,0.7891018340088193
0.9414893617021277,0.3802363050483351,0.7896868025651567
0.944,0.3802363050483351,0.7902431203740619
0.9438502673796791,0.3791621911922664,0.7904070501266878
0.9436997319034852,0.37808807733619765,0.7906619663228087
0.9435483870967742,0.3770139634801289,0.7909046140288404
0.9433962264150944,0.37593984962406013,0.7917581674680411
0.9432432432432433,0.3748657357679914,0.7919675665026683
0.943089430894309,0.37379162191192267,0.7926646654719678
0.9429347826086957,0.3727175080558539,0.7929470324431983
0.9455040871934605,0.3727175080558539,0.7937417468657131
0.9453551912568307,0.3716433941997852,0.7937756914347252
0.9505494505494505,0.3716433941997852,0.7942104711257094
0.9504132231404959,0.37056928034371645,0.7944551333615626
0.9502762430939227,0.3694951664876477,0.7945296315385049
0.9501385041551247,0.3684210526315789,0.794634802484025
0.95,0.3673469387755102,0.7961349409094147
0.9498607242339833,0.36627282491944146,0.7971692423905421
0.9497206703910615,0.3651987110633727,0.7973795955041758
0.9495798319327731,0.364124597207304,0.7976796280203451
0.949438202247191,0.36305048335123524,0.7979810733997247
0.9492957746478873,0.3619763694951665,0.7980443921408467
0.9491525423728814,0.3609022556390977,0.7985171105681004
0.9518413597733711,0.3609022556390977,0.7985376678492193
0.9517045454545454,0.359828141783029,0.7996235473745401
0.9515669515669516,0.35875402792696026,0.8002699469308922
0.9514285714285714,0.3576799140708915,0.801359928859345
0.9541547277936963,0.3576799140708915,0.8019739072760796
0.9540229885057471,0.35660580021482274,0.802285442492499
0.9538904899135446,0.35553168635875404,0.8026693880034483
0.9566473988439307,0.35553168635875404,0.8028586585912564
0.9565217391304348,0.3544575725026853,0.802870994590237
0.9593023255813954,0.3544575725026853,0.8050874387961169
0.9591836734693877,0.3533834586466165,0.805741080670224
0.9619883040935673,0.3533834586466165,0.8065609396317227
0.9618768328445748,0.3523093447905478,0.8072614452586512
0.961764705882353,0.35123523093447906,0.8080248673112762
0.9616519174041298,0.3501611170784103,0.8087637071231534
0.9615384615384616,0.34908700322234154,0.8098281677367011
0.9614243323442137,0.34801288936627284,0.8102030377068778
0.9613095238095238,0.3469387755102041,0.8106699600523494
0.9641791044776119,0.3469387755102041,0.8107126699488105
0.9670658682634731,0.3469387755102041,0.8109056891329504
0.9669669669669669,0.3458646616541353,0.8110268454807397
0.9668674698795181,0.3447905477980666,0.8110830003369498
0.9667673716012085,0.34371643394199786,0.8114247351175957
0.9666666666666667,0.3426423200859291,0.8114763413060757
0.9665653495440729,0.34156820622986034,0.811559021891834
0.9664634146341463,0.34049409237379163,0.8117513784365995
0.9663608562691132,0.3394199785177229,0.8119321628195835
0.9693251533742331,0.3394199785177229,0.8121605302847897
0.9692307692307692,0.3383458646616541,0.8137260025287483
0.9691358024691358,0.3372717508055854,0.8140059387164826
0.9690402476780186,0.33619763694951665,0.8140434497483322
0.9720496894409938,0.33619763694951665,0.8145119291102589
0.9719626168224299,0.3351235230934479,0.8146615996511237
0.975,0.3351235230934479,0.8148711131331126
0.9749216300940439,0.33404940923737914,0.8149663985026362
0.9748427672955975,0.33297529538131043,0.8150306986689662
0.9747634069400631,0.3319011815252417,0.8156761774155297
0.9746835443037974,0.3308270676691729,0.8178989928357407
0.9746031746031746,0.3297529538131042,0.8187810319344331
0.9745222929936306,0.32867883995703545,0.8198665946595557
0.9744408945686901,0.3276047261009667,0.8199279178739048
0.9743589743589743,0.32653061224489793,0.8200014628243628
0.9742765273311897,0.32545649838882923,0.8208076273311611
0.9741935483870968,0.32438238453276047,0.821393925966478
0.9741100323624595,0.3233082706766917,0.8215041590556308
0.974025974025974,0.322234156820623,0.8245958835963281
0.9739413680781759,0.32116004296455425,0.8255319979192338
0.9738562091503268,0.3200859291084855,0.8260937632784034
0.9770491803278688,0.3200859291084855,0.8267536179778642
0.9769736842105263,0.31901181525241673,0.8271446169318006
0.976897689768977,0.317937701396348,0.8287511928377406
0.9801324503311258,0.317937701396348,0.828946599422185
0.9800664451827242,0.31686358754027927,0.8291295111850623
0.98,0.3157894736842105,0.8295486331683167
0.979933110367893,0.3147153598281418,0.8315454949826787
0.9798657718120806,0.31364124597207305,0.8323250545068117
0.9797979797979798,0.3125671321160043,0.8328137809926871
0.9797297297297297,0.31149301825993553,0.8336411623637898
0.9796610169491525,0.3104189044038668,0.8342849682301993
0.9795918367346939,0.30934479054779807,0.8345452466492724
0.9795221843003413,0.3082706766917293,0.8350345138463418
0.9794520547945206,0.3071965628356606,0.8353186866098071
0.979381443298969,0.30612244897959184,0.8361846019084564
0.9827586206896551,0.30612244897959184,0.8370789201713248
0.9826989619377162,0.3050483351235231,0.837340629466733
0.9826388888888888,0.3039742212674543,0.8383653136424781
0.9825783972125436,0.3029001074113856,0.8386253548998225
0.9825174825174825,0.30182599355531686,0.839033471875176
0.9859649122807017,0.30182599355531686,0.8390951225316846
0.9859154929577465,0.3007518796992481,0.8397048483847176
0.9858657243816255,0.2996777658431794,0.8400390787466906
0.9858156028368794,0.29860365198711064,0.8405483024258881
0.9857651245551602,0.2975295381310419,0.8430529687975495
0.9857142857142858,0.2964554242749731,0.8433068780057894
0.985663082437276,0.2953813104189044,0.8434439956073849
0.9856115107913669,0.29430719656283566,0.8447919184748041
0.9891696750902527,0.29430719656283566,0.8449659976506527
0.9891304347826086,0.2932330827067669,0.846767686143246
0.9890909090909091,0.2921589688506982,0.8469359399163082
0.9890510948905109,0.29108485499462944,0.8470498149821452
0.989010989010989,0.2900107411385607,0.8476160863974502
0.9889705882352942,0.2889366272824919,0.8483288121816817
0.988929889298893,0.2878625134264232,0.8486628168487255
0.9888888888888889,0.28678839957035446,0.8488845910310677
0.9888475836431226,0.2857142857142857,0.8496569027298854
0.9888059701492538,0.284640171858217,0.8499884999000955
0.9887640449438202,0.28356605800214824,0.8500944623560721
0.9887218045112782,0.2824919441460795,0.8503809600180319
0.9886792452830189,0.2814178302900107,0.8508746865963002
0.9886363636363636,0.280343716433942,0.8514658885065823
0.9885931558935361,0.27926960257787325,0.8519241274688918
0.9885496183206107,0.2781954887218045,0.8524050747201232
0.9885057471264368,0.2771213748657358,0.8524167841345104
0.9884615384615385,0.27604726100966703,0.8538075469839032
0.9884169884169884,0.2749731471535983,0.8553144816939685
0.9883720930232558,0.2738990332975295,0.8553368175413534
0.9883268482490273,0.2728249194414608,0.8599469036899933
0.98828125,0.27175080558539205,0.8615907945997987
0.9882352941176471,0.2706766917293233,0.8618184946669761
0.9921259842519685,0.2706766917293233,0.8624226085116202
0.9960474308300395,0.2706766917293233,0.8626425144006801
0.996031746031746,0.2696025778732546,0.8628310727751579
1.0,0.2696025778732546,0.8633054278090174
1.0,0.26852846401718583,0.8642875245992713
1.0,0.26745435016111707,0.8656843865130284
1.0,0.2663802363050483,0.8679808170839465
1.0,0.2653061224489796,0.8681260022808227
1.0,0.26423200859291085,0.8692137831981426
1.0,0.2631578947368421,0.870889805017868
1.0,0.2620837808807734,0.8725006192505684
1.0,0.26100966702470463,0.8738453047021656
1.0,0.25993555316863587,0.8750951210332636
1.0,0.2588614393125671,0.877000600814251
1.0,0.2577873254564984,0.877200890552675
1.0,0.25671321160042965,0.8835663306053759
1.0,0.2556390977443609,0.8891073119311196
1.0,0.2545649838882922,0.9048961325652891
1.0,0.2534908700322234,0.9202463326664484
1.0,0.25241675617615467,0.9968113381858917
1.0,0.2513426423200859,0.9972683855965248
1.0,0.2502685284640172,0.9976790518031082
1.0,0.24919441460794844,0.9979780089412754
1.0,0.24812030075187969,0.9981182723248702
1.0,0.24597207303974222,0.9985526081355169
1.0,0.24489795918367346,0.9985672655012006
1.0,0.24382384532760473,0.9986373655236589
1.0,0.24274973147153597,0.998795143261403
1.0,0.24167561761546724,0.9991037958676988
1.0,0.24060150375939848,0.9991772481895139
1.0,0.23952738990332975,0.9992302042854262
1.0,0.23845327604726102,0.9992693625356396
1.0,0.23737916219119226,0.9992913168177149
1.0,0.23630504833512353,0.9993157566948686
1.0,0.23523093447905477,0.9993443770858755
1.0,0.23415682062298604,0.9993723712392645
1.0,0.23308270676691728,0.9993961727415366
1.0,0.23200859291084855,0.9994026270446837
1.0,0.23093447905477982,0.999404856695387
1.0,0.22986036519871106,0.9994065679701181
1.0,0.22663802363050484,0.9994134581287383
1.0,0.22556390977443608,0.9994153876020861
1.0,0.22448979591836735,0.9994340194638497
1.0,0.22341568206229862,0.9994461098155613
1.0,0.22234156820622986,0.9995276507241856
1.0,0.22126745435016112,0.9995585021975358
1.0,0.22019334049409237,0.9995832310324384
1.0,0.21911922663802363,0.9995940480279654
1.0,0.21697099892588614,0.9996301216479919
1.0,0.2158968850698174,0.9996302125639142
1.0,0.21482277121374865,0.9996619416853496
1.0,0.21374865735767992,0.9996677670831536
1.0,0.21267454350161116,0.9996796957272434
1.0,0.21160042964554243,0.9996947078275862
1.0,0.21052631578947367,0.9997024433720574
1.0,0.20945220193340494,0.9997115055574847
1.0,0.2083780880773362,0.9997246006672497
1.0,0.20730397422126745,0.9997609384395356
1.0,0.20622986036519872,0.9997618561289775
1.0,0.20300751879699247,0.9998010376137996
1.0,0.20193340494092374,0.9998015213053804
1.0,0.200859291084855,0.999802413024265
1.0,0.19978517722878625,0.9998071885303003
1.0,0.19871106337271752,0.9998120548250167
1.0,0.19763694951664876,0.9998160778246673
1.0,0.19656283566058003,0.9998206291996918
1.0,0.19548872180451127,0.9998233255625334
1.0,0.19441460794844254,0.9998287695896171
1.0,0.1933404940923738,0.9998433307846343
1.0,0.19226638023630505,0.9998459132484327
1.0,0.19119226638023631,0.9998527993360933
1.0,0.19011815252416756,0.9998602694709882
1.0,0.18904403866809882,0.9998615039822085
1.0,0.18796992481203006,0.9998617828280699
1.0,0.18689581095596133,0.9998636967417398
1.0,0.1858216970998926,0.9998638461186115
1.0,0.18474758324382384,0.9998698248322768
1.0,0.1836734693877551,0.9998787397700437
1.0,0.18259935553168635,0.9998844843382003
1.0,0.18152524167561762,0.999887496347614
1.0,0.18045112781954886,0.9999006960907321
1.0,0.17937701396348013,0.99990611885908
1.0,0.17830290010741137,0.999907564419282
1.0,0.17722878625134264,0.999908044169758
1.0,0.1761546723952739,0.9999187524442313
1.0,0.17508055853920515,0.9999196743205622
1.0,0.17400644468313642,0.9999301552622895
1.0,0.17293233082706766,0.9999309893470939
1.0,0.17185821697099893,0.9999333977829961
1.0,0.17078410311493017,0.9999357355782323
1.0,0.16970998925886144,0.9999403917244847
1.0,0.1686358754027927,0.9999445065661505
1.0,0.16756176154672395,0.9999466728947469
1.0,0.16648764769065522,0.9999554182419929
1.0,0.16541353383458646,0.9999630342898249
1.0,0.16433941997851773,0.999963980254253
1.0,0.16326530612244897,0.9999652506223158
1.0,0.16219119226638024,0.9999661994147856
1.0,0.1611170784103115,0.9999664716971846
1.0,0.16004296455424274,0.9999676541982431
1.0,0.158968850698174,0.9999704344774535
1.0,0.15789473684210525,0.9999716984277358
1.0,0.15682062298603652,0.9999746431792401
1.0,0.15574650912996776,0.9999755595440677
1.0,0.15467239527389903,0.9999756333061084
1.0,0.1535982814178303,0.9999761540981126
1.0,0.15252416756176154,0.9999762975134417
1.0,0.1514500537056928,0.9999764464465378
1.0,0.15037593984962405,0.999976607556175
1.0,0.14930182599355532,0.9999775968099528
1.0,0.14822771213748656,0.9999791186463526
1.0,0.14715359828141783,0.9999795113605291
1.0,0.1460794844253491,0.9999812959752699
1.0,0.14500537056928034,0.9999818797682639
1.0,0.1439312567132116,0.9999828319302734
1.0,0.14285714285714285,0.9999832981448618
1.0,0.14178302900107412,0.999983533626643
1.0,0.14070891514500536,0.9999846591805489
1.0,0.13963480128893663,0.9999855569802665
1.0,0.1385606874328679,0.9999875456168613
1.0,0.13748657357679914,0.9999878664976335
1.0,0.1364124597207304,0.9999878752330424
1.0,0.13533834586466165,0.9999898995529742
1.0,0.13426423200859292,0.9999900733897574
1.0,0.13211600429645542,0.9999902180663175
1.0,0.1310418904403867,0.9999907364132171
1.0,0.12996777658431793,0.9999908374565586
1.0,0.1288936627282492,0.9999912324235299
1.0,0.12781954887218044,0.9999913235988652
1.0,0.1267454350161117,0.9999915240852683
1.0,0.12567132116004295,0.9999916658518287
1.0,0.12459720730397422,0.9999929611142561
1.0,0.12352309344790548,0.9999929834391853
1.0,0.12244897959183673,0.9999938604437496
1.0,0.12137486573576799,0.9999941278059346
1.0,0.12030075187969924,0.9999941856614118
1.0,0.11922663802363051,0.9999944046066397
1.0,0.11815252416756176,0.9999947013877547
1.0,0.11707841031149302,0.9999952082833808
1.0,0.11600429645542427,0.9999959557030577
1.0,0.11493018259935553,0.9999962305151682
1.0,0.11385606874328678,0.9999963769296739
1.0,0.11278195488721804,0.9999963930027287
1.0,0.11170784103114931,0.9999964534950374
1.0,0.11063372717508056,0.99999654037763
1.0,0.10955961331901182,0.99999669117089
1.0,0.10848549946294307,0.9999967177824429
1.0,0.10741138560687433,0.9999967968106529
1.0,0.10633727175080558,0.9999968104195502
1.0,0.10526315789473684,0.999997373249661
1.0,0.1041890440386681,0.9999974502759322
1.0,0.10311493018259936,0.9999976626596581
1.0,0.10204081632653061,0.9999978751822127
1.0,0.10096670247046187,0.9999979813280738
1.0,0.09989258861439312,0.9999979835798477
1.0,0.09881847475832438,0.9999980873065344
1.0,0.09774436090225563,0.999998162327338
1.0,0.0966702470461869,0.9999981750209038
1.0,0.09559613319011816,0.9999982086746767
1.0,0.09452201933404941,0.9999982130112474
1.0,0.09344790547798067,0.9999983330373069
1.0,0.09237379162191192,0.99999835186059
1.0,0.09129967776584318,0.9999983819026811
1.0,0.09022556390977443,0.9999983977860507
1.0,0.08915145005370569,0.9999984040244415
1.0,0.08807733619763695,0.9999984164872213
1.0,0.08700322234156821,0.999998433501298
1.0,0.08592910848549946,0.9999984380852529
1.0,0.08485499462943072,0.9999984480243395
1.0,0.08378088077336197,0.9999984634732578
1.0,0.08270676691729323,0.9999984860761673
1.0,0.08163265306122448,0.9999985158685345
1.0,0.08055853920515575,0.9999985435172328
1.0,0.079484425349087,0.9999986694423941
1.0,0.07841031149301826,0.9999986821514594
1.0,0.07733619763694952,0.9999987275942809
1.0,0.07626208378088077,0.9999987922951666
1.0,0.07518796992481203,0.9999987944979889
1.0,0.07411385606874328,0.9999988202638987
1.0,0.07303974221267455,0.9999988337688873
1.0,0.0719656283566058,0.9999989032455424
1.0,0.07089151450053706,0.9999989412845804
1.0,0.06981740064446831,0.9999990137041492
1.0,0.06874328678839957,0.9999990949867971
1.0,0.06766917293233082,0.9999991288614177
1.0,0.06659505907626208,0.9999991382213859
1.0,0.06552094522019335,0.9999991556659794
1.0,0.0644468313641246,0.9999991796800208
1.0,0.06337271750805586,0.9999992105326627
1.0,0.06229860365198711,0.9999992635977003
1.0,0.061224489795918366,0.9999993715859493
1.0,0.06015037593984962,0.9999994130250679
1.0,0.05907626208378088,0.999999488963081
1.0,0.05800214822771214,0.999999530913565
1.0,0.05692803437164339,0.9999995669051512
1.0,0.055853920515574654,0.9999996571534499
1.0,0.05477980665950591,0.9999996760300657
1.0,0.05370569280343716,0.999999689297838
1.0,0.05263157894736842,0.999999730864559
1.0,0.05155746509129968,0.9999997335328585
1.0,0.050483351235230935,0.9999997435595969
1.0,0.04940923737916219,0.9999997551328204
1.0,0.04833512352309345,0.9999997788880195
1.0,0.047261009667024706,0.9999997808369402
1.0,0.04618689581095596,0.9999997932301984
1.0,0.045112781954887216,0.999999799580044
1.0,0.04403866809881848,0.9999998156247072
1.0,0.04296455424274973,0.9999998285137216
1.0,0.04189044038668099,0.9999998514557028
1.0,0.04081632653061224,0.9999998580413179
1.0,0.0397422126745435,0.9999998648501195
1.0,0.03866809881847476,0.9999998716037009
1.0,0.03759398496240601,0.9999998789164877
1.0,0.036519871106337275,0.9999998790370312
1.0,0.03544575725026853,0.9999998819928734
1.0,0.034371643394199784,0.9999998982374928
1.0,0.03329752953813104,0.9999999078064176
1.0,0.0322234156820623,0.9999999157052026
1.0,0.031149301825993556,0.9999999216485521
1.0,0.03007518796992481,0.9999999223928104
1.0,0.02900107411385607,0.9999999361185107
1.0,0.027926960257787327,0.9999999413044088
1.0,0.02685284640171858,0.9999999439695308
1.0,0.02577873254564984,0.9999999485689437
1.0,0.024704618689581095,0.9999999487601949
1.0,0.023630504833512353,0.9999999504189463
1.0,0.022556390977443608,0.9999999514175802
1.0,0.01933404940923738,0.99999995350832
1.0,0.018259935553168637,0.9999999604623819
1.0,0.017185821697099892,0.9999999607713439
1.0,0.01611170784103115,0.9999999690750286
1.0,0.015037593984962405,0.999999971719146
1.0,0.013963480128893663,0.9999999731858404
1.0,0.010741138560687433,0.9999999743397852
1.0,0.00966702470461869,0.9999999748090111
1.0,0.008592910848549946,0.9999999749642221
1.0,0.007518796992481203,0.9999999756755965
1.0,0.00644468313641246,0.9999999776894706
1.0,0.0053705692803437165,0.9999999781779498
1.0,0.004296455424274973,0.9999999783484756
1.0,0.00322234156820623,0.9999999786329921
1.0,0.0021482277121374865,0.9999999865745999
1.0,0.0010741138560687433,0.999999988206879
1.0,0.0,
