precision,recall,threshold
0.23222748815165878,1.0,2.6901752669082864e-05
0.23228542914171657,1.0,2.7366492655030542e-05
0.2323433990516596,1.0,2.8051947032844373e-05
0.2324013979031453,1.0,3.973309008240113e-05
0.2324594257178527,1.0,4.008386689100584e-05
0.23251748251748253,1.0,4.2772105623125694e-05
0.23257556832375717,1.0,5.2951747927035784e-05
0.23263368315842078,1.0,6.270524742325233e-05
0.23269182704323918,1.0,6.409812648572365e-05
0.23275,1.0,6.624557993099114e-05
0.23280820205051264,1.0,7.155119216714905e-05
0.2328664332166083,1.0,7.179050437765728e-05
0.2329246935201401,1.0,7.271067703292205e-05
0.23298298298298298,1.0,7.437866394337437e-05
0.2330413016270338,1.0,7.550124286609511e-05
0.23309964947421133,1.0,7.97554246678138e-05
0.2331580265464563,1.0,8.436823480974199e-05
0.23321643286573146,1.0,8.725658317872045e-05
0.23327486845402154,1.0,9.011276092427343e-05
0.23333333333333334,1.0,9.171156060614148e-05
0.23339182752569565,1.0,9.18659919145947e-05
0.23345035105315948,1.0,9.524904396704193e-05
0.23350890393779783,1.0,9.574474347092217e-05
0.23356748620170598,1.0,9.705462580304449e-05
0.23362609786700125,1.0,9.767788091462601e-05
0.23368473895582328,1.0,9.826063644354638e-05
0.23380210949271724,1.0,9.86573264197395e-05
0.2338608389851796,1.0,0.00010080387923906151
0.23391959798994974,1.0,0.00010432274682923498
0.23397838652927871,1.0,0.00010489452105606967
0.23403720462543992,1.0,0.00010547637034780409
0.2340960523007292,1.0,0.00011318642568653131
0.23415492957746478,1.0,0.0001134410599586697
0.2342138364779874,1.0,0.0001143544066745769
0.2342727730246603,1.0,0.00011693021399319962
0.2343317392398691,1.0,0.00011752670935049917
0.23439073514602216,1.0,0.00012040821761569752
0.23444976076555024,1.0,0.00012400333123666011
0.2345088161209068,1.0,0.00012426478512877223
0.2345679012345679,1.0,0.00013062672968841105
0.23462701612903225,1.0,0.000135681580644631
0.23468616082682128,1.0,0.00013683842032442904
0.2348045397225725,1.0,0.00013982296038563815
0.23492303810244763,1.0,0.0001414525350237317
0.23498233215547704,1.0,0.00014262881467291632
0.23504165614743752,1.0,0.00014445322554442738
0.2351010101010101,1.0,0.00014522052543823068
0.2351603940388987,1.0,0.00014886256436053472
0.23527925195855445,1.0,0.0001491595570612206
0.2353387259858443,1.0,0.0001498119851187546
0.23539823008849559,1.0,0.0001498578688382215
0.23545776428932727,1.0,0.00015246386646793625
0.23551732861118138,1.0,0.0001530541570164103
0.23569620253164558,1.0,0.00015324958098082372
0.23575588756647253,1.0,0.00015374489402796522
0.23581560283687944,1.0,0.00015780660020311402
0.23587534836584748,1.0,0.00015874020619823588
0.23599493029150823,1.0,0.0001589148556661271
0.2360547667342799,1.0,0.00016591047845571048
0.23611463352777073,1.0,0.000169386724524709
0.23617453069507863,1.0,0.0001715738396979076
0.23623445825932504,1.0,0.00017394136045427458
0.23629441624365483,1.0,0.00017427186099664173
0.23635440467123636,1.0,0.00017470483055224398
0.23641442356526154,1.0,0.00017490860467320938
0.23647447294894589,1.0,0.00017917226409123384
0.23659466327827192,1.0,0.00017971570612749385
0.23671497584541062,1.0,0.00018013615565382258
0.23677517802644965,1.0,0.00018086866164790532
0.23683541083693715,1.0,0.00018229915778201057
0.23695596843980657,1.0,0.00018595310423733186
0.2370162932790224,1.0,0.00018604475196767472
0.23707664884135474,1.0,0.00018874941435294377
0.23713703515028017,1.0,0.00019023666394594216
0.23719745222929936,1.0,0.0001925882867684367
0.2372579001019368,1.0,0.00019779614517275674
0.23737888832228454,1.0,0.00019805770052675522
0.23743942871716398,1.0,0.0002002091468081685
0.2375,1.0,0.00020120969248460242
0.23756060219443736,1.0,0.00020235370299365613
0.23762123532414497,1.0,0.00020259483735368377
0.2377425944841675,1.0,0.00020337543550817048
0.23786407766990292,1.0,0.0002046253654567275
0.23792486583184258,1.0,0.0002052740419686701
0.23798568507157464,1.0,0.00020626349430170285
0.23804653541293785,1.0,0.0002076552851525393
0.2381074168797954,1.0,0.0002082259859326901
0.23816832949603478,1.0,0.00021137902205364603
0.23822927328556806,1.0,0.00021386076320909847
0.23829024827233172,1.0,0.0002150024461117901
0.23835125448028674,1.0,0.00021533774267634925
0.2384122919334187,1.0,0.00021674094023721796
0.2384733606557377,1.0,0.00021803396984791903
0.2385344606712785,1.0,0.00021884727325550626
0.23859559200410047,1.0,0.00022047721751881224
0.23865675467828762,1.0,0.00022314486322515546
0.2387179487179487,1.0,0.00022331690396580435
0.23877917414721722,1.0,0.00022749821422943096
0.23890171927123427,1.0,0.00022843715725302178
0.2389630390143737,1.0,0.00022971674275547223
0.23902439024390243,1.0,0.00023042723652080772
0.23914718725918316,1.0,0.000230949567646041
0.2392086330935252,1.0,0.00023245935991790173
0.23927011051143665,1.0,0.00023287751122715226
0.23933161953727505,1.0,0.00023291899238941057
0.23939316019542298,1.0,0.00023357911573254373
0.23945473251028807,1.0,0.00023390767610088434
0.23951633650630305,1.0,0.00023413996744689678
0.2395779722079259,1.0,0.00023530430249505302
0.23963963963963963,1.0,0.00023629452306816196
0.23970133882595263,1.0,0.00023685473956525175
0.23976306979139841,1.0,0.00023717838786352827
0.2398248325605358,1.0,0.00023766573334178606
0.23988662715794898,1.0,0.0002379457275846349
0.23994845360824743,1.0,0.00024025975263198732
0.240010311936066,1.0,0.00024099749777180133
0.24007220216606498,1.0,0.00024173323991999205
0.2401341243229301,1.0,0.00024240801715411577
0.24019607843137256,1.0,0.00024426361636052386
0.24025806451612902,1.0,0.000245882076829728
0.2403200826019618,1.0,0.00024856352767759713
0.24038213271365866,1.0,0.0002489933619102833
0.24044421487603307,1.0,0.00025142877466963524
0.24050632911392406,1.0,0.00025329540816875336
0.2405684754521964,1.0,0.00025378823279796457
0.2406306539157405,1.0,0.0002552331317059842
0.24069286452947258,1.0,0.00025809504185614167
0.24075510731833463,1.0,0.0002596645705926162
0.24100440072482526,1.0,0.0002618945176372117
0.24106680476437078,1.0,0.0002619247481825607
0.24112924112924114,1.0,0.0002628627106835756
0.2412542109354755,1.0,0.0002642910442551082
0.24131674442716433,1.0,0.00026609935246344656
0.2413793103448276,1.0,0.00026705393665232266
0.24144190871369295,1.0,0.0002686786776005583
0.24156720290607162,1.0,0.00027060964634472497
0.2416298987801713,1.0,0.0002713833895739775
0.24175538821085432,1.0,0.0002723247964411699
0.24181818181818182,1.0,0.0002740016915267065
0.24188100805404,1.0,0.0002900494748588243
0.24194386694386694,1.0,0.00029041319651977154
0.2420067585131271,1.0,0.000291107764534314
0.2420696827873115,1.0,0.0002943025204082868
0.24213263979193758,1.0,0.0002955232532316222
0.24219562955254942,1.0,0.0002963187317228931
0.24225865209471767,1.0,0.0002987773397219775
0.24232170744403955,1.0,0.0002993159306028796
0.24238479562613902,1.0,0.00029948195486037224
0.24244791666666668,1.0,0.000300271414503193
0.2425110705912998,1.0,0.00030040071302227315
0.24257425742574257,1.0,0.0003022877630121916
0.24263747719572581,1.0,0.00030353494583491695
0.2427007299270073,1.0,0.0003036817792037279
0.2427640156453716,1.0,0.0003043533534012456
0.24282733437663015,1.0,0.00030459317019920085
0.24289068614662143,1.0,0.0003079716786526345
0.24295407098121086,1.0,0.0003092940600294896
0.2430174889062908,1.0,0.000314272297021487
0.24308093994778068,1.0,0.0003168283281921481
0.24314442413162707,1.0,0.0003169980276486467
0.24320794148380356,1.0,0.0003184020085840161
0.24327149203031095,1.0,0.00032032257469192155
0.2433350757971772,1.0,0.0003223638640865488
0.2433986928104575,1.0,0.0003249184201879946
0.2434623430962343,1.0,0.0003251290417435285
0.24352602668061732,1.0,0.0003282327108560878
0.24358974358974358,1.0,0.00032975115012665236
0.24365349384977755,1.0,0.0003311943788430091
0.243717277486911,1.0,0.0003315123027943635
0.24378109452736318,1.0,0.00033258318898977057
0.24410068169900367,1.0,0.0003326721834762344
0.24416469971151325,1.0,0.0003343977514473558
0.24422875131164742,1.0,0.00033915132035478306
0.24429283652584624,1.0,0.00034202470845074015
0.24435695538057742,1.0,0.0003428122943279646
0.24442110790233657,1.0,0.00034346758286064215
0.24448529411764705,1.0,0.0003467831473844688
0.24454951405306016,1.0,0.00034706603188673277
0.24461376773515503,1.0,0.0003471748431972092
0.24467805519053876,1.0,0.0003525574371859156
0.24474237644584648,1.0,0.0003543306525588302
0.24480673152774127,1.0,0.00035459474034538896
0.24487112046291426,1.0,0.00035596828112943426
0.24493554327808473,1.0,0.0003578133338661308
0.245,1.0,0.00036090123147690216
0.24506449065543565,1.0,0.0003617848158395437
0.24512901527119538,1.0,0.00036246692078891965
0.24519357387411114,1.0,0.0003633722917193261
0.2452581664910432,1.0,0.00036552525045447737
0.24532279314888011,1.0,0.00036696544375716667
0.24538745387453875,1.0,0.0003680573477189763
0.2454521486949644,1.0,0.0003683926215290887
0.24551687763713081,1.0,0.0003703703987853766
0.2455816407280401,1.0,0.00037168106880714624
0.24564643799472297,1.0,0.0003776483621487013
0.24571126946423857,1.0,0.0003781701962173723
0.24577613516367477,1.0,0.0003783878573231276
0.24584103512014788,1.0,0.0003799327385690434
0.24590596936080295,1.0,0.00038042652662056834
0.24597093791281374,1.0,0.0003818548935538647
0.24603594080338267,1.0,0.00038453342846138437
0.24610097805974096,1.0,0.0003851430285675524
0.2461660497091486,1.0,0.0003855401441448119
0.24623115577889448,1.0,0.00038942806456506866
0.2465572033898305,1.0,0.00039004323542337553
0.2466225165562914,1.0,0.0003913937819184138
0.24668786433492315,1.0,0.0003923838170140586
0.24675324675324675,1.0,0.0003928029260745753
0.2468186638388123,1.0,0.00039301608070154976
0.24688411561919915,1.0,0.000393519594797184
0.24694960212201592,1.0,0.00039794887340389735
0.2470151233749005,1.0,0.0003991694577286914
0.24708067940552017,1.0,0.0004009873385342348
0.24714627024157154,1.0,0.0004016111900411373
0.24721189591078066,1.0,0.000403369905667344
0.24727755644090305,1.0,0.0004033975536809831
0.2473432518597237,1.0,0.0004040180337194075
0.24740898219505714,1.0,0.00040687664604992945
0.2474747474747475,1.0,0.00040734483262782565
0.24754054772666845,1.0,0.0004103393374019969
0.2476063829787234,1.0,0.00041107911093869666
0.24767225325884543,1.0,0.0004115201544806506
0.24773815859499734,1.0,0.0004115583272184607
0.24780409901517167,1.0,0.00041267589875407153
0.24787007454739085,1.0,0.000421310992605378
0.24793608521970706,1.0,0.00042247149546069277
0.24800213106020244,1.0,0.0004252420031549712
0.24806821209698907,1.0,0.00042611284062213893
0.24813432835820895,1.0,0.0004281475676085641
0.2482004798720341,1.0,0.00043085711785638116
0.24826666666666666,1.0,0.00043128755883531383
0.24833288877033877,1.0,0.0004314869141992359
0.2483991462113127,1.0,0.0004315423368130771
0.24846543901788098,1.0,0.000435981829564531
0.24853176721836626,1.0,0.00043713635949852554
0.2485981308411215,1.0,0.0004405497282686183
0.24866452991452992,1.0,0.0004414799211461097
0.24873096446700507,1.0,0.000445175883839218
0.2487974345269909,1.0,0.0004466289457423743
0.24886394012296179,1.0,0.0004468852283632498
0.24893048128342246,1.0,0.0004502637235786246
0.24899705803690828,1.0,0.00045491708480350476
0.24906367041198502,1.0,0.00045590313893933136
0.24913031843724914,1.0,0.0004560004880581952
0.24919700214132762,1.0,0.0004572588229705199
0.24926372155287818,1.0,0.00045863395378815995
0.2493304767005892,1.0,0.00046028085905194593
0.24939726761317974,1.0,0.00046082181738916003
0.24946409431939978,1.0,0.00046177981484790616
0.24953095684803,1.0,0.0004620539664324304
0.24959785522788203,1.0,0.0004627600829207097
0.24966478948779833,1.0,0.00046348409448596355
0.24973175965665237,1.0,0.0004637775915202086
0.24979876576334853,1.0,0.00046557316214667184
0.24986580783682233,1.0,0.0004671308289014082
0.24993288590604026,1.0,0.00046833628107276936
0.25,1.0,0.0004684469583630563
0.25006715014773034,1.0,0.00047062047111686654
0.25013433637829124,1.0,0.0004738997614694429
0.250201558720774,1.0,0.00048197967263494124
0.25026881720430105,1.0,0.00048361291668179104
0.25033611185802634,1.0,0.0004916818610451529
0.250403442711135,1.0,0.0004919181298425875
0.2504708097928437,1.0,0.0004926919987913564
0.25053821313240043,1.0,0.0004933536898314616
0.2506056527590848,1.0,0.0004938317715270691
0.2507406409911123,1.0,0.00049402034880551
0.25080818965517243,1.0,0.0004959479386587632
0.25087577472379413,1.0,0.0004979787850777087
0.2509433962264151,1.0,0.0004980007917047915
0.25101105419250475,1.0,0.0004982713196027296
0.2510787486515642,1.0,0.000498842453753475
0.25114647963312653,1.0,0.0004993427663875847
0.2512142471667566,1.0,0.0004997716816373752
0.2512820512820513,1.0,0.0005037421686867822
0.25134989200863933,1.0,0.0005050119492153475
0.2514177693761815,1.0,0.0005055101671002114
0.2514856834143706,1.0,0.0005088397037203799
0.25155363415293164,1.0,0.0005124381506543263
0.2516216216216216,1.0,0.0005128943977027177
0.2516896458502298,1.0,0.0005138239656182673
0.2517577068685776,1.0,0.0005141619138386305
0.2518939393939394,1.0,0.0005142096187265204
0.25196211096075777,1.0,0.0005144910674015538
0.2520303194369247,1.0,0.0005165542887970528
0.2520985648524235,1.0,0.000517262806735616
0.2522351666215118,1.0,0.0005197891524636412
0.25230352303523035,1.0,0.0005203128315302543
0.2523719165085389,1.0,0.000521844350070001
0.2524403470715835,1.0,0.0005220573980752956
0.252508814754543,1.0,0.0005268998882273606
0.25257731958762886,1.0,0.0005270654442580911
0.2526458616010855,1.0,0.0005273577769639797
0.25271444082519,1.0,0.0005278307327675675
0.2527830572902525,1.0,0.0005325089991197008
0.25285171102661597,1.0,0.000536413766436377
0.2529204020646563,1.0,0.000537101234917514
0.2529891304347826,1.0,0.0005398541652586136
0.25312669929309406,1.0,0.0005404650533211302
0.25319553984226273,1.0,0.0005439281920473974
0.2532644178454842,1.0,0.0005507119335743765
0.25333333333333335,1.0,0.0005509150715518947
0.2534022863364181,1.0,0.000553261253069168
0.2534712768853798,1.0,0.0005535122248925935
0.25354030501089325,1.0,0.0005569904522172901
0.2536093707436666,1.0,0.0005586888986992631
0.25367847411444144,1.0,0.0005589757979656231
0.2537476151539929,1.0,0.0005600526584654521
0.2538167938931298,1.0,0.0005613508979893491
0.2538860103626943,1.0,0.0005618625358841191
0.2539552645935625,1.0,0.0005620346725682259
0.25437158469945353,1.0,0.0005634952448176276
0.2544411041268106,1.0,0.0005650746411669208
0.254510661563696,1.0,0.0005650771862388584
0.25458025704129067,1.0,0.000565410599312599
0.2546498905908096,1.0,0.0005659725855199092
0.25471956224350206,1.0,0.0005669804281015956
0.2547892720306513,1.0,0.0005670642785347789
0.25485901998357513,1.0,0.0005682622936840677
0.2549288061336254,1.0,0.0005682775744207621
0.25499863051218846,1.0,0.0005701005420020355
0.2550684931506849,1.0,0.0005709765668519822
0.25513839408057004,1.0,0.0005743451223557478
0.2552083333333333,1.0,0.0005753113334511933
0.255278310940499,1.0,0.00057821593258728
0.2553483269336259,1.0,0.0005787747526733409
0.2554183813443073,1.0,0.0005797070444519021
0.2555586055448806,1.0,0.0005805143748392037
0.2556287753981329,1.0,0.0005805730254755147
0.25569898379566053,1.0,0.0005819237998646028
0.25576923076923075,1.0,0.0005821361724187002
0.2558395163506458,1.0,0.000582535627357003
0.2559098405717427,1.0,0.0005840079829969717
0.2559802034643937,1.0,0.0005846619390608903
0.25605060506050603,1.0,0.0005851304579163377
0.256121045392022,1.0,0.0005852339351598025
0.2561915244909191,1.0,0.0005858145708155111
0.25626204238921,1.0,0.0005885908239315168
0.25633259911894274,1.0,0.0005894698793330673
0.2564031947122005,1.0,0.0005896060910647008
0.25647382920110195,1.0,0.000590013359588277
0.25654450261780104,1.0,0.0005911642041753587
0.2566152149944873,1.0,0.0005918698794433648
0.2566859663633857,1.0,0.0005921002422391494
0.25675675675675674,1.0,0.0005931399974296186
0.25682758620689655,1.0,0.000593678558467407
0.2568984547461369,1.0,0.0005939691262193339
0.25696936240684515,1.0,0.0005940001133242713
0.2570403092214246,1.0,0.000594940190076272
0.2571112952223143,1.0,0.0005969795752552543
0.25718232044198897,1.0,0.0005997296092423008
0.2572533849129594,1.0,0.0006006721226699643
0.25732448866777224,1.0,0.0006063152231546575
0.25739563173901026,1.0,0.0006071778678233094
0.25753803596127245,1.0,0.0006080689389145338
0.25768059784112923,1.0,0.0006084138299295975
0.25775193798449614,1.0,0.0006095808083033319
0.2578233176405428,1.0,0.0006122482598467732
0.2578947368421053,1.0,0.0006135155567520543
0.25796619562205597,1.0,0.0006144460166235637
0.2580376940133038,1.0,0.0006152427288450058
0.258109232048794,1.0,0.0006159486527530689
0.2581808097615086,1.0,0.0006232170372553982
0.258252427184466,1.0,0.0006250358088507186
0.2583240843507214,1.0,0.0006284849141187478
0.25839578129336666,1.0,0.0006291048405899563
0.25846751804553025,1.0,0.0006306035617319718
0.25853929464037767,1.0,0.000633292843582464
0.2586111111111111,1.0,0.0006386270279684317
0.2586829674909697,1.0,0.0006389241138994036
0.2587548638132296,1.0,0.000642713656067146
0.2588268001112038,1.0,0.0006437036857134459
0.2588987764182425,1.0,0.0006464100052489332
0.25897079276773294,1.0,0.0006484008012443457
0.2590428491930996,1.0,0.0006499511916700395
0.2591149457278041,1.0,0.0006504810741737835
0.2591870824053452,1.0,0.000653312698881601
0.25925925925925924,1.0,0.0006569981315096178
0.25933147632311976,1.0,0.0006573233067066948
0.25940373363053776,1.0,0.0006584436151976808
0.25947603121516166,1.0,0.0006590166459478186
0.25954836911067747,1.0,0.0006594615357100016
0.2596207473508087,1.0,0.000660208152022475
0.2596931659693166,1.0,0.0006628454865233452
0.259765625,1.0,0.0006632530085913279
0.2599832449036582,1.0,0.0006643727740344179
0.2600558659217877,1.0,0.0006685906393883212
0.2601285275216541,1.0,0.0006703751329499034
0.2602012297372834,1.0,0.0006728647372493809
0.2602739726027397,1.0,0.0006731324499325923
0.26034675615212527,1.0,0.0006733592935675963
0.2604195804195804,1.0,0.0006754717715851188
0.26049244543928374,1.0,0.0006759109154759473
0.260565351245452,1.0,0.000676256198388432
0.26063829787234044,1.0,0.0006775437406152583
0.2607112853542425,1.0,0.000677599338222522
0.2608573830204539,1.0,0.000677809420585125
0.2609304932735426,1.0,0.0006804620815120369
0.2610036445192038,1.0,0.000680554612898103
0.2611500701262272,1.0,0.0006819325667917211
0.2612233445566779,1.0,0.000682039450309515
0.26129666011787817,1.0,0.0006845158153242133
0.2613700168444694,1.0,0.0006864588924800933
0.2614434147711317,1.0,0.0006864935261057279
0.26159033436358525,1.0,0.0006865936855725723
0.261663856098932,1.0,0.0006873404513093631
0.2617374191734608,1.0,0.000689396141322097
0.2618110236220472,1.0,0.0006898386863917807
0.2618846694796062,1.0,0.0006900466018858245
0.26195835678109175,1.0,0.0006904899821129161
0.2620320855614973,1.0,0.0006930516855377829
0.26210585585585583,1.0,0.00069330496732538
0.26217966769923967,1.0,0.0006936255676524018
0.26225352112676054,1.0,0.00069533504467941
0.26232741617357,1.0,0.000695487587581481
0.26240135287485905,1.0,0.0006957544854774206
0.2624753312658585,1.0,0.0007046643712020862
0.2625493513818387,1.0,0.000708291088117314
0.26262341325811,1.0,0.0007097546830310268
0.2626975169300226,1.0,0.0007099788830170405
0.2627716624329664,1.0,0.0007110358316376574
0.2628458498023715,1.0,0.0007113096008100275
0.262920079073708,1.0,0.0007128613244869376
0.26299435028248586,1.0,0.0007133123931818946
0.26306866346425545,1.0,0.0007136423843582978
0.2631430186546071,1.0,0.0007136575599443068
0.26321741588917164,1.0,0.0007144446748117482
0.2632918552036199,1.0,0.0007151787025505416
0.2633663366336634,1.0,0.0007171181202201836
0.26344086021505375,1.0,0.0007212411943316112
0.26351542598358335,1.0,0.0007253303313377718
0.26359003397508496,1.0,0.0007295130861117951
0.2636646842254319,1.0,0.0007309546422988565
0.26373937677053827,1.0,0.0007324238373335402
0.2638888888888889,1.0,0.0007332313428115251
0.263963708534165,1.0,0.0007350949302656142
0.2640385706182643,1.0,0.0007381231175972405
0.264113475177305,1.0,0.000740136598334098
0.2641884222474461,1.0,0.0007409141726143583
0.2642634118648879,1.0,0.0007417062769626159
0.26433844406587165,1.0,0.0007420133973293231
0.26463899943149516,1.0,0.0007425039643008293
0.26471424509525165,1.0,0.0007428191009436543
0.2647895335608646,1.0,0.0007438915383217559
0.2648648648648649,1.0,0.0007505646399797989
0.2649402390438247,1.0,0.0007508880539355053
0.2650156561343581,1.0,0.000751085939598263
0.26509111617312076,1.0,0.00075284490922135
0.26516661919681,1.0,0.0007531888919996973
0.26524216524216526,1.0,0.0007548806227377789
0.2653177543459675,1.0,0.0007559200986666511
0.2653933865450399,1.0,0.0007566580485984678
0.2654690618762475,1.0,0.0007596662061655007
0.2655447803764974,1.0,0.000760287784716174
0.26562054208273894,1.0,0.0007608494146557513
0.2656963470319635,1.0,0.0007624781988098256
0.26577219526120466,1.0,0.0007675298755658058
0.2658480868075386,1.0,0.0007685476861126059
0.2659240217080834,1.0,0.000768641561354293
0.266,1.0,0.0007725407346668569
0.26607602172049155,1.0,0.0007726516964492496
0.26615208690680386,1.0,0.0007753459887969615
0.26622819559622535,1.0,0.0007754911296522137
0.266304347826087,1.0,0.0007772917074061162
0.2663805436337625,1.0,0.0007850012379800979
0.2664567830566686,1.0,0.0007866937616841511
0.2665330661322645,1.0,0.0007870799328304457
0.2666093928980527,1.0,0.0007883414101146956
0.26668576339157835,1.0,0.0007902024391604841
0.2667621776504298,1.0,0.0007923094525628574
0.2668386357122385,1.0,0.000792783599474907
0.2669151376146789,1.0,0.0007930718101335827
0.26699168339546886,1.0,0.00079445649887938
0.26706827309236947,1.0,0.0007955627216639743
0.2671449067431851,1.0,0.0007965183750521785
0.2672215843857635,1.0,0.0007972564009786689
0.267298306057996,1.0,0.0007999781367866859
0.26737507179781733,1.0,0.0008040220740196408
0.267451881643206,1.0,0.0008044640433665967
0.26752873563218393,1.0,0.0008058457247784908
0.2676056338028169,1.0,0.0008061850266700351
0.2676825761932145,1.0,0.0008068803041103432
0.2677595628415301,1.0,0.0008110363988600295
0.26783659378596086,1.0,0.000811755220116081
0.2679136690647482,1.0,0.000811862653218528
0.2679907887161773,1.0,0.0008120303715050054
0.2680679527785776,1.0,0.0008148165785102625
0.26814516129032256,1.0,0.000814963952393888
0.26822241428983,1.0,0.0008151323836480354
0.26829971181556195,1.0,0.0008159907188123882
0.2683770539060248,1.0,0.0008175970823133357
0.2684544405997693,1.0,0.0008184291187849981
0.26853187193539085,1.0,0.000818493956215803
0.26860934795152913,1.0,0.0008194049720516334
0.2686868686868687,1.0,0.0008216696391706708
0.26876443418013857,1.0,0.0008218214614833125
0.2688420444701126,1.0,0.000822143308585731
0.26891969959560946,1.0,0.0008242866688602647
0.2689973995954926,1.0,0.0008252037947138844
0.26907514450867054,1.0,0.0008273661124047204
0.26915293437409654,1.0,0.0008286516510030284
0.2692307692307692,1.0,0.0008290520775553798
0.2693086491177321,1.0,0.0008294817745638063
0.26938657407407407,1.0,0.0008306795587684904
0.26946454413892906,1.0,0.0008312078356698417
0.26954255935147653,1.0,0.0008313965980771017
0.2696206197509412,1.0,0.0008332385186699963
0.2696987253765933,1.0,0.0008334517932685532
0.2697768762677485,1.0,0.0008334893565330769
0.2698550724637681,1.0,0.0008339145781311888
0.2699333140040591,1.0,0.0008360781790508192
0.27001160092807425,1.0,0.0008364130388265503
0.2700899332753119,1.0,0.0008366878684673654
0.2701683110853163,1.0,0.0008412759259620504
0.27024673439767777,1.0,0.0008414323429222668
0.2703252032520325,1.0,0.0008419439994769783
0.27040371768806276,1.0,0.0008422330047578657
0.2704822777454968,1.0,0.0008494106768502016
0.2705608834641093,1.0,0.0008496037132957957
0.27063953488372094,1.0,0.0008522759203182754
0.27071823204419887,1.0,0.0008527419878913671
0.2707969749854567,1.0,0.0008553642280945382
0.2708757637474542,1.0,0.0008576056399090838
0.2710334788937409,1.0,0.0008592667199682697
0.2711124053581829,1.0,0.0008608370818794907
0.27119137780367025,1.0,0.0008616094314501876
0.2712703962703963,1.0,0.0008629140967529267
0.271349460798601,1.0,0.0008634983249822445
0.2714285714285714,1.0,0.0008643167749283667
0.27150772820064156,1.0,0.0008645003618337753
0.27158693115519256,1.0,0.000864747260256282
0.27166618033265244,1.0,0.0008667832103713207
0.2717454757734968,1.0,0.0008690482928749817
0.27182481751824816,1.0,0.0008708328418389998
0.27190420560747663,1.0,0.0008721217158625325
0.2719836400817996,1.0,0.0008739237218860531
0.27206312098188196,1.0,0.0008747082948368178
0.27214264834843616,1.0,0.000874881337111351
0.2722222222222222,1.0,0.0008755202418339193
0.27230184264404794,1.0,0.0008826134909020995
0.27238150965476887,1.0,0.0008852935736478532
0.27246122329528827,1.0,0.0008853660761194223
0.2725409836065574,1.0,0.0008855342362110169
0.2726207906295754,1.0,0.0008859115987303632
0.27270064440538955,1.0,0.0008867606649994156
0.27278054497509524,1.0,0.0008870559449161307
0.2728604923798359,1.0,0.0008902937952138714
0.2729404866608033,1.0,0.00089186208981002
0.2730205278592375,1.0,0.0008943022524497303
0.2731006160164271,1.0,0.0008960579737877654
0.27318075117370894,1.0,0.0008962704879885423
0.27326093337246843,1.0,0.0008967848100157904
0.27334116265413977,1.0,0.0008985324326383191
0.2734214390602056,1.0,0.0008999616890695137
0.2735017626321974,1.0,0.0009009963507791282
0.27358213341169557,1.0,0.0009021137105467149
0.2736625514403292,1.0,0.0009034499038290045
0.2737430167597765,1.0,0.0009043052740190803
0.2738235294117647,1.0,0.0009171270172055448
0.27390408943807004,1.0,0.0009172841733614551
0.27398469688051796,1.0,0.0009175536772215885
0.27406535178098324,1.0,0.0009182908124662305
0.2741460541813899,1.0,0.0009183555231858542
0.27422680412371137,1.0,0.0009203511543069611
0.27430760164997053,1.0,0.0009205541273035556
0.2743884468022399,1.0,0.0009226360453906143
0.27446933962264153,1.0,0.0009253300175750339
0.2745502801533471,1.0,0.0009264547047714789
0.27463126843657815,1.0,0.000928449931564055
0.2747123045146061,1.0,0.0009326580957493532
0.27479338842975204,1.0,0.0009357733816025678
0.27487452022438735,1.0,0.0009358906467173893
0.27503692762186116,1.0,0.0009360294020061769
0.27511820330969267,1.0,0.000936938142138049
0.2751995270469997,1.0,0.0009397645690083332
0.2752808988764045,1.0,0.0009399700724971152
0.2753623188405797,1.0,0.0009400298246685168
0.27544378698224853,1.0,0.0009401280666941291
0.2755253033441847,1.0,0.0009436151955282133
0.2756068679692126,1.0,0.0009446922940933648
0.2756884809002073,1.0,0.0009489409688412147
0.27577014218009477,1.0,0.0009492980119532666
0.27585185185185185,1.0,0.0009497618298862712
0.27593360995850624,1.0,0.0009514759982319333
0.27601541654313666,1.0,0.0009519410493048018
0.2760972716488731,1.0,0.0009568831025658179
0.2763431285247848,1.0,0.0009576305546463308
0.2764251781472684,1.0,0.000958525270285387
0.2765072765072765,1.0,0.000959276569303238
0.2765894236482472,1.0,0.0009608970926562512
0.27667161961367015,1.0,0.0009637278280629586
0.27675386444708683,1.0,0.0009655931761647267
0.2768361581920904,1.0,0.0009656964867893897
0.276918500892326,1.0,0.0009668247538055851
0.27700089259149063,1.0,0.0009681007905122314
0.27708333333333335,1.0,0.0009710269206568209
0.2771658231616553,1.0,0.0009714136844194218
0.27724836212030973,1.0,0.0009719570938212438
0.27733095025320226,1.0,0.0009735840988733689
0.2774135876042908,1.0,0.0009744238344380412
0.2774962742175857,1.0,0.0009746108884288275
0.2775790101371497,1.0,0.0009774011279638074
0.2776617954070981,1.0,0.0009794003469376334
0.27774463007159905,1.0,0.0009794717673214386
0.27782751417487317,1.0,0.0009804771381133098
0.27791044776119406,1.0,0.0009837713113127174
0.27799343087488804,1.0,0.0009855721860942315
0.27807646356033455,1.0,0.0009855771545229683
0.27824267782426776,1.0,0.0009864178185038605
0.2783258594917788,1.0,0.0009885358638317212
0.27849237212084954,1.0,0.0009886626559648807
0.27857570317175345,1.0,0.0009887258798927628
0.27865908410655493,1.0,0.000989849412756829
0.27874251497005986,1.0,0.000990463781620799
0.27882599580712786,1.0,0.0009988414983467862
0.27890952666267227,1.0,0.000999413711283764
0.2789931075816602,1.0,0.0009998730952145251
0.2790767386091127,1.0,0.001001178153604499
0.279160419790105,1.0,0.0010051180537774607
0.27924415116976603,1.0,0.0010110940368382602
0.27932793279327933,1.0,0.0010122085894638708
0.27941176470588236,1.0,0.0010153097930196014
0.279495646952867,1.0,0.0010157279200989962
0.2795795795795796,1.0,0.0010162301392424337
0.27966356263142084,1.0,0.0010183757652380855
0.27974759615384615,1.0,0.001032863278826775
0.27991581479254357,1.0,0.0010347587254226924
0.28,1.0,0.0010406322358630501
0.28008423586040915,1.0,0.001047222014140627
0.28016852241950047,1.0,0.0010484169292931382
0.2802528597230584,1.0,0.0010518857798630914
0.2803372478169226,1.0,0.0010543863750787546
0.280421686746988,1.0,0.0010554181069508152
0.28050617655920457,1.0,0.0010616890987738424
0.2806753090141694,1.0,0.0010637864938827237
0.2807599517490953,1.0,0.0010654893964593102
0.2808446455505279,1.0,0.0010658403147667764
0.28092939046469523,1.0,0.0010662622113648402
0.28101418653788107,1.0,0.0010662815500081103
0.28109903381642515,1.0,0.001069536329912839
0.28118393234672306,1.0,0.0010702701213653536
0.2812688821752266,1.0,0.0010715014079323289
0.28135388334844363,1.0,0.001075746017416162
0.28143893591293834,1.0,0.0010767521665646235
0.2815240399153311,1.0,0.001080986361145655
0.28169440242057486,1.0,0.001081766240551034
0.2817796610169492,1.0,0.001082058335137745
0.28186497123826826,1.0,0.0010838788577183552
0.28195033313143547,1.0,0.0010858502763149455
0.2820357467434111,1.0,0.001086458825790954
0.2821212121212121,1.0,0.00108691982102616
0.2822067293119127,1.0,0.0010930935451640934
0.282292298362644,1.0,0.0010948562931392177
0.2823779193205945,1.0,0.00109774590475087
0.2824635922330097,1.0,0.0011000449495881573
0.2825493171471927,1.0,0.0011038471269291961
0.28263509411050397,1.0,0.001103978010945952
0.28272092317036135,1.0,0.0011041449410807095
0.2828068043742406,1.0,0.0011045893928962995
0.2828927377696749,1.0,0.0011048974968510378
0.28297872340425534,1.0,0.0011051006588677125
0.2830647613256309,1.0,0.001115310377042722
0.2831508515815085,1.0,0.0011154670466109865
0.2832369942196532,1.0,0.00111788952243098
0.283323189287888,1.0,0.0011179189069443977
0.28340943683409436,1.0,0.0011183928943819448
0.28349573690621194,1.0,0.001121199432213793
0.2835820895522388,1.0,0.0011223222403992782
0.28366849482023154,1.0,0.0011241453124862856
0.28375495275830537,1.0,0.0011246375236752836
0.2838414634146341,1.0,0.0011289962968194177
0.28392802683745044,1.0,0.001129656680621594
0.28401464307504576,1.0,0.0011301806044871734
0.2841013121757705,1.0,0.0011330413175860113
0.2841880341880342,1.0,0.001135536810668378
0.28427480916030534,1.0,0.0011383575576912627
0.2843616371411118,1.0,0.0011398168263391573
0.28444851817904065,1.0,0.0011415988292190452
0.2845354523227384,1.0,0.001148167450167196
0.28462243962091105,1.0,0.0011573996784049437
0.28470948012232417,1.0,0.0011589419590327568
0.284796573875803,1.0,0.0011598511694628265
0.28488372093023256,1.0,0.0011619582217730455
0.2849709213345577,1.0,0.0011623255089600521
0.2850581751377832,1.0,0.0011625784029462944
0.28514548238897397,1.0,0.0011646838988458516
0.2852328431372549,1.0,0.0011657565834983052
0.2853202574318112,1.0,0.0011662679264977957
0.2854077253218884,1.0,0.001169638268688626
0.2854952468567924,1.0,0.001170616394749543
0.2855828220858896,1.0,0.0011716910187396369
0.28567045105860694,1.0,0.0011756329064840176
0.28575813382443216,1.0,0.0011801861694766625
0.2858458704329137,1.0,0.0011820737576908487
0.28593366093366096,1.0,0.0011826704813340495
0.2860215053763441,1.0,0.0011863347550234197
0.28610940381069455,1.0,0.001190338051786403
0.2861973562865048,1.0,0.0011927258992941263
0.28628536285362854,1.0,0.0011959055110590388
0.2863734235619809,1.0,0.0011982541709389496
0.28646153846153843,1.0,0.0012003663836111583
0.28654970760233917,1.0,0.0012016079716589399
0.28663793103448276,1.0,0.0012038738102083204
0.2867262088081306,1.0,0.001203932128722232
0.28681454097350584,1.0,0.0012072306913054431
0.2869029275808937,1.0,0.0012090925325618444
0.2869913686806412,1.0,0.0012098835651648348
0.2870798643231576,1.0,0.0012118338627788315
0.28716841455891423,1.0,0.0012121762744379723
0.28725701943844495,1.0,0.0012126911555244292
0.2873456790123457,1.0,0.0012136693079231834
0.2874343933312751,1.0,0.0012156377476507283
0.2875231624459543,1.0,0.0012163784718012814
0.2876119864071671,1.0,0.00122043986229468
0.2877008652657602,1.0,0.001224382978018653
0.28778979907264296,1.0,0.001224759944784851
0.2878787878787879,1.0,0.0012263450804090859
0.28796783173523044,1.0,0.0012263981020264997
0.2880569306930693,1.0,0.0012271477531546854
0.28814608480346643,1.0,0.0012315316844858564
0.28823529411764703,1.0,0.001233519523770168
0.2883245586869,1.0,0.0012360046085260468
0.28841387856257744,1.0,0.0012386018166350215
0.2885032537960954,1.0,0.001239517710314441
0.28859268443893366,1.0,0.0012416128284039021
0.2886821705426357,1.0,0.0012425949107018254
0.288861309339125,1.0,0.0012474670888164758
0.2889509621353197,1.0,0.0012521750370822929
0.2890406705991928,1.0,0.0012525342763793465
0.2891304347826087,1.0,0.0012539245095854123
0.28890959925442683,0.9989258861439313,0.001256902759969662
0.28899937849596025,0.9989258861439313,0.0012664396714867521
0.2890892135529997,0.9989258861439313,0.001266820536227302
0.2891791044776119,0.9989258861439313,0.001271829381211214
0.2892690513219285,0.9989258861439313,0.0012736311024119293
0.2893590541381456,0.9989258861439313,0.0012738173116314058
0.28944911297852477,0.9989258861439313,0.0012793213046625414
0.28953922789539227,0.9989258861439313,0.0012804453018604321
0.2896293989411398,0.9989258861439313,0.0012807377748901526
0.28980990962916797,0.9989258861439313,0.0012809379397760053
0.2899002493765586,0.9989258861439313,0.0012815543139881743
0.2899906454630496,0.9989258861439313,0.0012825341665402047
0.29008109794135994,0.9989258861439313,0.0012868488771783575
0.29017160686427457,0.9989258861439313,0.0012941399401217271
0.2902621722846442,0.9989258861439313,0.0013041123540289655
0.29035279425538557,0.9989258861439313,0.0013069889125858593
0.2904434728294816,0.9989258861439313,0.00130806944502592
0.29053420805998126,0.9989258861439313,0.001308405041156825
0.290625,0.9989258861439313,0.0013119545507440746
0.2907158487027196,0.9989258861439313,0.0013124153719012495
0.29080675422138835,0.9989258861439313,0.0013131612180048836
0.29089771660932123,0.9989258861439313,0.0013172670013411809
0.2909887359198999,0.9989258861439313,0.0013246910118729879
0.29107981220657275,0.9989258861439313,0.0013256592815344252
0.29117094552285533,0.9989258861439313,0.0013262107940652027
0.2912621359223301,0.9989258861439313,0.0013292552889666751
0.29135338345864664,0.9989258861439313,0.0013325035622407653
0.29144468818552177,0.9989258861439313,0.001335065858134808
0.29153605015673983,0.9989258861439313,0.001335209455001371
0.2916274694261524,0.9989258861439313,0.001335240807500877
0.2917189460476788,0.9989258861439313,0.0013375668688236806
0.2918104800753059,0.9989258861439313,0.0013386769280106406
0.2919020715630885,0.9989258861439313,0.0013397408363203644
0.29199372056514916,0.9989258861439313,0.0013421749441136388
0.29208542713567837,0.9989258861439313,0.0013438797201058175
0.292177191328935,0.9989258861439313,0.0013446915050667441
0.29226901319924575,0.9989258861439313,0.001344717159872422
0.29236089280100597,0.9989258861439313,0.0013453675396798447
0.29245283018867924,0.9989258861439313,0.001356879950515877
0.2925448254167977,0.9989258861439313,0.0013578436041525033
0.29263687853996223,0.9989258861439313,0.001358336702287561
0.2927289896128423,0.9989258861439313,0.0013589396280820993
0.29282115869017633,0.9989258861439313,0.0013628371250452279
0.2929133858267717,0.9989258861439313,0.001366052611686442
0.29300567107750475,0.9989258861439313,0.0013675624432992516
0.29309801449732115,0.9989258861439313,0.0013707419366263847
0.2931904161412358,0.9989258861439313,0.0013707989838820424
0.293282876064333,0.9989258861439313,0.0013714218453098315
0.29337539432176657,0.9989258861439313,0.0013714785672944646
0.2934679709687599,0.9989258861439313,0.0013758671252339847
0.2935606060606061,0.9989258861439313,0.0013804542459283223
0.2936532996526681,0.9989258861439313,0.0013814066704990386
0.29374605180037905,0.9989258861439313,0.0013873832198502429
0.2938388625592417,0.9989258861439313,0.0013874974326792623
0.2939317319848293,0.9989258861439313,0.0013879670751562859
0.29402466013278533,0.9989258861439313,0.0013896569384130946
0.29411764705882354,0.9989258861439313,0.0013912609183811897
0.29421069281872825,0.9989258861439313,0.0013993289271282832
0.29430379746835444,0.9989258861439313,0.0014063532148359847
0.2943969610636277,0.9989258861439313,0.0014081546265391667
0.29449018366054464,0.9989258861439313,0.001411457614669783
0.29458346531517265,0.9989258861439313,0.0014142380401887921
0.2946768060836502,0.9989258861439313,0.0014159668204613619
0.294770206022187,0.9989258861439313,0.0014183613557569317
0.29486366518706403,0.9989258861439313,0.0014216768019316359
0.2949571836346337,0.9989258861439313,0.0014220011311494184
0.29523809523809524,0.9989258861439313,0.0014220806731147764
0.2953318513813909,0.9989258861439313,0.0014227798439656718
0.295425667090216,0.9989258861439313,0.0014237474205497631
0.29551954242135364,0.9989258861439313,0.0014251827205695581
0.2956134774316593,0.9989258861439313,0.001425680140098906
0.2957074721780604,0.9989258861439313,0.0014261095375562617
0.2958015267175573,0.9989258861439313,0.0014271830999660984
0.2958956411072224,0.9989258861439313,0.001430189717434198
0.29598981540420116,0.9989258861439313,0.001433287049856316
0.29608404966571156,0.9989258861439313,0.0014366896130273803
0.2961783439490446,0.9989258861439313,0.0014368051935521754
0.2962726983115642,0.9989258861439313,0.001440016721625735
0.29636711281070743,0.9989258861439313,0.0014414848152175747
0.2964615875039847,0.9989258861439313,0.0014456908295897991
0.2965561224489796,0.9989258861439313,0.0014471746232712945
0.2966507177033493,0.9989258861439313,0.0014486428002635147
0.2967453733248245,0.9989258861439313,0.001449354242323724
0.2968400893712097,0.9989258861439313,0.0014494278646390193
0.29693486590038315,0.9989258861439313,0.001454699283733482
0.297029702970297,0.9989258861439313,0.0014568216551789923
0.2971246006389776,0.9989258861439313,0.0014570953577920944
0.2972195589645254,0.9989258861439313,0.0014580477716652069
0.29731457800511507,0.9989258861439313,0.0014620769079632815
0.29740965781899587,0.9989258861439313,0.0014632813242167447
0.29750479846449135,0.9989258861439313,0.001465007428383224
0.2976,0.9989258861439313,0.0014678762108676546
0.29769526248399486,0.9989258861439313,0.0014698031327856033
0.297790585975024,0.9989258861439313,0.001469845950156464
0.29788597053171045,0.9989258861439313,0.0014707620803172102
0.2980769230769231,0.9989258861439313,0.0014715516264659193
0.2981724911830715,0.9989258861439313,0.0014773514308598537
0.29826812059012187,0.9989258861439313,0.0014779854520559955
0.2983638113570741,0.9989258861439313,0.0014857974866144899
0.29845956354300385,0.9989258861439313,0.001486930908242406
0.2985553772070626,0.9989258861439313,0.0014909793664448603
0.29865125240847784,0.9989258861439313,0.0014986181228505231
0.2987471892065532,0.9989258861439313,0.0015000955665643294
0.29884318766066836,0.9989258861439313,0.001501713521076601
0.29893924783027964,0.9989258861439313,0.0015019391600697904
0.2990353697749196,0.9989258861439313,0.0015050253815666287
0.2991315535541975,0.9989258861439313,0.0015087201252566693
0.29922779922779924,0.9989258861439313,0.0015120059066721556
0.2993241068554876,0.9989258861439313,0.0015123721288664257
0.2994204764971024,0.9989258861439313,0.0015129663831838207
0.2995169082125604,0.9989258861439313,0.0015203294422926005
0.29961340206185566,0.9989258861439313,0.001520807291674576
0.2997099581050596,0.9989258861439313,0.0015229689767728679
0.29980657640232106,0.9989258861439313,0.0015245259175531035
0.2999032570138665,0.9989258861439313,0.0015287503628179638
0.3,0.9989258861439313,0.0015288688159731225
0.30009680542110356,0.9989258861439313,0.0015309039043803114
0.3001936733376372,0.9989258861439313,0.0015331283980055937
0.30029060381013883,0.9989258861439313,0.0015336044330429087
0.3003875968992248,0.9989258861439313,0.001533811136294666
0.30048465266558966,0.9989258861439313,0.0015402607914215603
0.30058177117000645,0.9989258861439313,0.0015469590613190047
0.3006789524733269,0.9989258861439313,0.0015475785430488183
0.30077619663648125,0.9989258861439313,0.0015478574211683369
0.30087350372047883,0.9989258861439313,0.0015524189688801177
0.30097087378640774,0.9989258861439313,0.0015585529751760458
0.3010683068954354,0.9989258861439313,0.0015589928082836043
0.3011658031088083,0.9989258861439313,0.0015607170606275274
0.3012633624878523,0.9989258861439313,0.0015614544722676801
0.3013609850939728,0.9989258861439313,0.0015617244576378215
0.3014586709886548,0.9989258861439313,0.001562809475553204
0.301556420233463,0.9989258861439313,0.0015633807545274293
0.3016542328900422,0.9989258861439313,0.0015637146214590707
0.3017521090201168,0.9989258861439313,0.0015655012124408303
0.3018500486854917,0.9989258861439313,0.0015674994193126159
0.30194805194805197,0.9989258861439313,0.001569367396981823
0.3020461188697629,0.9989258861439313,0.0015717877170857513
0.30214424951267055,0.9989258861439313,0.0015727322631393457
0.30224244393890154,0.9989258861439313,0.001574281183622475
0.3023407022106632,0.9989258861439313,0.001574832052291389
0.3024390243902439,0.9989258861439313,0.0015782978863375723
0.302537410540013,0.9989258861439313,0.0015796706207174772
0.3026358607224211,0.9989258861439313,0.0015844125511510758
0.302734375,0.9989258861439313,0.0015883538823810858
0.3028329534353631,0.9989258861439313,0.0015900960147508002
0.30293159609120524,0.9989258861439313,0.001590334894683356
0.30303030303030304,0.9989258861439313,0.001592917353931637
0.303129074315515,0.9989258861439313,0.0015961591914117903
0.30322791000978155,0.9989258861439313,0.0015963653770678043
0.30332681017612523,0.9989258861439313,0.00159780883024319
0.3034257748776509,0.9989258861439313,0.0016012339208242214
0.3035248041775457,0.9989258861439313,0.0016046385910258017
0.3036238981390793,0.9989258861439313,0.001605312744803221
0.3037230568256042,0.9989258861439313,0.0016111418666289018
0.30382228030055536,0.9989258861439313,0.0016127744003449462
0.30412034009156313,0.9989258861439313,0.0016141027541009324
0.3042198233562316,0.9989258861439313,0.0016228029310725372
0.3043193717277487,0.9989258861439313,0.0016229249305558364
0.3044189852700491,0.9989258861439313,0.0016233892996632884
0.3045186640471513,0.9989258861439313,0.0016289463920005616
0.30461840812315755,0.9989258861439313,0.0016298080719253517
0.30471821756225426,0.9989258861439313,0.0016327642283699869
0.3048180924287119,0.9989258861439313,0.0016364912600566116
0.30491803278688523,0.9989258861439313,0.0016387966160506188
0.3050180387012135,0.9989258861439313,0.0016451436609743212
0.3051181102362205,0.9989258861439313,0.001650015361975846
0.3052182474565146,0.9989258861439313,0.0016536865377193273
0.30531845042678923,0.9989258861439313,0.001654495574651573
0.3054187192118227,0.9989258861439313,0.0016549992294682511
0.3055190538764783,0.9989258861439313,0.0016599958078548699
0.3056194544857049,0.9989258861439313,0.0016600370683706497
0.3057199211045365,0.9989258861439313,0.0016606158139548805
0.30582045379809275,0.9989258861439313,0.001662683272929857
0.3059210526315789,0.9989258861439313,0.0016680241369016308
0.3060217176702863,0.9989258861439313,0.0016681120714497
0.30612244897959184,0.9989258861439313,0.0016686472786810397
0.30622324662495887,0.9989258861439313,0.0016705474143712267
0.30632411067193677,0.9989258861439313,0.0016715147899150449
0.30642504118616143,0.9989258861439313,0.001671707814669537
0.3065260382333553,0.9989258861439313,0.0016834787649617905
0.3066271018793274,0.9989258861439313,0.001683568286797996
0.30672823218997364,0.9989258861439313,0.0016880255917926645
0.3068294292312768,0.9989258861439313,0.0016905374886509409
0.3069306930693069,0.9989258861439313,0.0016922448728709251
0.3070320237702212,0.9989258861439313,0.0016932317439344333
0.30713342140026423,0.9989258861439313,0.0016962743541454018
0.3072348860257681,0.9989258861439313,0.0016967077707386088
0.3073364177131527,0.9989258861439313,0.0017068151351389328
0.3074380165289256,0.9989258861439313,0.0017107572213838614
0.30753968253968256,0.9989258861439313,0.001714337127532948
0.3076414158121072,0.9989258861439313,0.0017164340927169142
0.30774321641297153,0.9989258861439313,0.0017178950131355613
0.30784508440913605,0.9989258861439313,0.0017190893630617573
0.3079470198675497,0.9989258861439313,0.0017221919021881268
0.3080490228552501,0.9989258861439313,0.0017242582067783783
0.3081510934393638,0.9989258861439313,0.0017251817046513437
0.3082532316871064,0.9989258861439313,0.0017263717496543776
0.3083554376657825,0.9989258861439313,0.0017270581172887163
0.30845771144278605,0.9989258861439313,0.0017293706128336701
0.3085600530856005,0.9989258861439313,0.0017299277582282146
0.30866246266179886,0.9989258861439313,0.0017307959370292166
0.30876494023904383,0.9989258861439313,0.0017316064875593914
0.308867485885088,0.9989258861439313,0.0017316741408010805
0.3089700996677741,0.9989258861439313,0.0017344861587998577
0.3090727816550349,0.9989258861439313,0.0017367075325915226
0.3091755319148936,0.9989258861439313,0.0017383187425720115
0.30927835051546393,0.9989258861439313,0.0017456677444548144
0.3093812375249501,0.9989258861439313,0.0017475113577813792
0.30948419301164726,0.9989258861439313,0.001748525569119549
0.30958721704394143,0.9989258861439313,0.0017487105787868673
0.3096903096903097,0.9989258861439313,0.001753635556437619
0.3097934710193205,0.9989258861439313,0.0017563955435652729
0.30989670109963346,0.9989258861439313,0.0017568856487062922
0.31,0.9989258861439313,0.0017584326633773534
0.31010336778926306,0.9989258861439313,0.001761893185342153
0.31020680453635757,0.9989258861439313,0.0017680901068618028
0.3103103103103103,0.9989258861439313,0.0017770660682182493
0.3104138851802403,0.9989258861439313,0.001778005193925425
0.3105175292153589,0.9989258861439313,0.0017796868458855317
0.3106212424849699,0.9989258861439313,0.0017843783280542072
0.3107250250584698,0.9989258861439313,0.0017853236234386498
0.3108288770053476,0.9989258861439313,0.001791367162573814
0.31093279839518556,0.9989258861439313,0.0017920030713787377
0.3110367892976589,0.9989258861439313,0.0017929740618065643
0.311140849782536,0.9989258861439313,0.0017971546142143357
0.3112449799196787,0.9989258861439313,0.0017975589315126972
0.31134917977904253,0.9989258861439313,0.0017995226342000063
0.3114534494306765,0.9989258861439313,0.0018026924087840496
0.31155778894472363,0.9989258861439313,0.0018029412587504297
0.3116621983914209,0.9989258861439313,0.001806704698429472
0.31176667784109957,0.9989258861439313,0.0018120450547902758
0.3118712273641851,0.9989258861439313,0.0018136141453931275
0.3119758470311976,0.9989258861439313,0.0018179788812438841
0.31208053691275167,0.9989258861439313,0.0018254984068070128
0.3121852970795569,0.9989258861439313,0.0018258478486041499
0.31229012760241776,0.9989258861439313,0.0018260836366239654
0.3123950285522338,0.9989258861439313,0.0018274071814155738
0.3125,0.9989258861439313,0.0018314039884515046
0.3126050420168067,0.9989258861439313,0.0018331397615044041
0.31271015467383995,0.9989258861439313,0.0018358537356080158
0.31281533804238143,0.9989258861439313,0.0018489346845058743
0.31292059219380886,0.9989258861439313,0.0018592199107190488
0.3130259171995961,0.9989258861439313,0.0018642611666972832
0.31313131313131315,0.9989258861439313,0.0018662241124199098
0.3132367800606265,0.9989258861439313,0.0018671120937070905
0.3133423180592992,0.9989258861439313,0.0018681783354418994
0.3134479271991911,0.9989258861439313,0.001869003809965271
0.3135536075522589,0.9989258861439313,0.0018694048798878423
0.3136593591905565,0.9989258861439313,0.0018703342338836158
0.31376518218623484,0.9989258861439313,0.0018706280948988696
0.31387107661154234,0.9989258861439313,0.0018725888068847484
0.31397704253882514,0.9989258861439313,0.001874956924983239
0.3140830800405269,0.9989258861439313,0.0018781410671855705
0.3141891891891892,0.9989258861439313,0.0018846929863406772
0.31429537005745184,0.9989258861439313,0.0018884469285213742
0.3144016227180527,0.9989258861439313,0.0018889350628648858
0.3145079472438282,0.9989258861439313,0.0018943383477672262
0.31461434370771313,0.9989258861439313,0.001896220140641024
0.3147208121827411,0.9989258861439313,0.001899809331945928
0.3148273527420447,0.9989258861439313,0.0018999458815436533
0.3149339654588554,0.9989258861439313,0.0019023881478457906
0.3150406504065041,0.9989258861439313,0.0019062188285429913
0.31514740765842086,0.9989258861439313,0.0019083847438187726
0.3152542372881356,0.9989258861439313,0.001916827555951227
0.31536113936927773,0.9989258861439313,0.0019168465877567563
0.31546811397557667,0.9989258861439313,0.0019202916268798705
0.3155751611808619,0.9989258861439313,0.001924543384999549
0.31568228105906315,0.9989258861439313,0.001929396112486633
0.3157894736842105,0.9989258861439313,0.0019338595011469345
0.31589673913043476,0.9989258861439313,0.0019356816546924457
0.3160040774719674,0.9989258861439313,0.0019365821777714003
0.3161114887831407,0.9989258861439313,0.001936970897511266
0.3162189731383883,0.9989258861439313,0.0019372474550990557
0.3163265306122449,0.9989258861439313,0.001939856451870409
0.3164341612793467,0.9989258861439313,0.0019398896464241314
0.31654186521443156,0.9989258861439313,0.001941226355551174
0.3166496424923391,0.9989258861439313,0.0019438225768617222
0.3167574931880109,0.9989258861439313,0.0019533644141112704
0.31686541737649065,0.9989258861439313,0.0019611987617778157
0.3169734151329243,0.9989258861439313,0.0019662579927958185
0.3170814865325605,0.9989258861439313,0.0019676315512812694
0.3171896316507503,0.9989258861439313,0.001969331368506135
0.3172978505629478,0.9989258861439313,0.0019719112330974726
0.3174061433447099,0.9989258861439313,0.001974755277865301
0.31751451007169684,0.9989258861439313,0.0019777075548289063
0.3176229508196721,0.9989258861439313,0.00198312625255955
0.3177314656645029,0.9989258861439313,0.001983381259675806
0.3178400546821599,0.9989258861439313,0.0019850190459119615
0.31794871794871793,0.9989258861439313,0.0019863171582236343
0.3180574555403557,0.9989258861439313,0.0019877364626729
0.31816626753335614,0.9989258861439313,0.0019887299167414994
0.3182751540041068,0.9989258861439313,0.0019901623027050344
0.31838411502909963,0.9989258861439313,0.001991937174090082
0.3184931506849315,0.9989258861439313,0.0019924330435025406
0.3186022610483042,0.9989258861439313,0.0019941859727038275
0.31871144619602465,0.9989258861439313,0.0019998828897241894
0.31893004115226337,0.9989258861439313,0.0020011221012432743
0.3190394511149228,0.9989258861439313,0.002007783998779911
0.3191489361702128,0.9989258861439313,0.002010774425504302
0.3192584963954686,0.9989258861439313,0.00201639085068736
0.31936813186813184,0.9989258861439313,0.0020186572762676824
0.3194778426657506,0.9989258861439313,0.0020199850368801484
0.31958762886597936,0.9989258861439313,0.0020207806289922045
0.3196974905465796,0.9989258861439313,0.0020270043890720404
0.31980742778541954,0.9989258861439313,0.002030811026588792
0.31991744066047473,0.9989258861439313,0.0020313414844384263
0.32002752924982797,0.9989258861439313,0.002035990122265607
0.32013769363166955,0.9989258861439313,0.0020380898322617204
0.3202479338842975,0.9989258861439313,0.0020400195550209087
0.3203582500861178,0.9989258861439313,0.0020563342777792605
0.32046864231564437,0.9989258861439313,0.002062421451958298
0.32057911065149947,0.9989258861439313,0.002064481431134035
0.32068965517241377,0.9989258861439313,0.002068879698495851
0.32080027595722665,0.9989258861439313,0.0020764340580288056
0.32091097308488614,0.9989258861439313,0.002081716660496781
0.32102174663444943,0.9989258861439313,0.0020848609858202744
0.32113259668508287,0.9989258861439313,0.0020928753843553385
0.32124352331606215,0.9989258861439313,0.002094699818768899
0.3213545266067726,0.9989258861439313,0.002097637472961655
0.3214656066367093,0.9989258861439313,0.002098405280170686
0.3215767634854772,0.9989258861439313,0.002103747481462923
0.3216879972327914,0.9989258861439313,0.002106050314491938
0.3217993079584775,0.9989258861439313,0.002106610981679161
0.32191069574247144,0.9989258861439313,0.0021082773798949727
0.3220221606648199,0.9989258861439313,0.0021103176668828758
0.32213370280568066,0.9989258861439313,0.002130752624317925
0.32224532224532226,0.9989258861439313,0.002135843340539991
0.3224687933425798,0.9989258861439313,0.002143971423020864
0.3225806451612903,0.9989258861439313,0.0021455914094347583
0.32269257460097156,0.9989258861439313,0.002148788263112471
0.3228045817424505,0.9989258861439313,0.002152214647957347
0.3229166666666667,0.9989258861439313,0.002154028618700346
0.3231410701876303,0.9989258861439313,0.002158597546754423
0.3232533889468196,0.9989258861439313,0.002169046269937695
0.32336578581363007,0.9989258861439313,0.0021691703875293656
0.3234782608695652,0.9989258861439313,0.0021706245424929584
0.3235908141962422,0.9989258861439313,0.0021754840248549632
0.32370344587539157,0.9989258861439313,0.002181590785809312
0.32381615598885793,0.9989258861439313,0.0021818396704225288
0.3239289446185998,0.9989258861439313,0.0021825793133654356
0.3240418118466899,0.9989258861439313,0.0021910729847358598
0.32426778242677823,0.9989258861439313,0.002199177857639949
0.32438088594349496,0.9989258861439313,0.0022109607070300453
0.3244940683879972,0.9989258861439313,0.002211406394488146
0.32460732984293195,0.9989258861439313,0.0022119626300255357
0.32472067039106145,0.9989258861439313,0.002215970292220286
0.3248340901152637,0.9989258861439313,0.00222227960016684
0.3249475890985325,0.9989258861439313,0.00222503388998752
0.3250611674239776,0.9989258861439313,0.0022259107418576007
0.32517482517482516,0.9989258861439313,0.0022353155495629063
0.3252885624344176,0.9989258861439313,0.002245675876449658
0.3254023792862141,0.9989258861439313,0.0022516559055414317
0.32551627581379067,0.9989258861439313,0.0022524843991592615
0.32563025210084034,0.9989258861439313,0.0022526085640770183
0.3258584442887176,0.9989258861439313,0.0022531369821938677
0.32597266035751843,0.9989258861439313,0.0022567324251920678
0.32608695652173914,0.9989258861439313,0.002260441274614374
0.32620133286566116,0.9989258861439313,0.0022613540187314224
0.3263157894736842,0.9989258861439313,0.0022620712504256395
0.32643032643032643,0.9989258861439313,0.002265050243844445
0.3265449438202247,0.9989258861439313,0.0022869928814639247
0.3266596417281349,0.9989258861439313,0.002289371771670441
0.32677442023893183,0.9989258861439313,0.00229866116481622
0.3268892794376098,0.9989258861439313,0.0023026679434001904
0.3270042194092827,0.9989258861439313,0.0023088918686464304
0.327119240239184,0.9989258861439313,0.002316766850574496
0.32723434201266716,0.9989258861439313,0.00232046352253835
0.3273495248152059,0.9989258861439313,0.0023258364245353274
0.3274647887323944,0.9989258861439313,0.0023287118136782535
0.32758013384994716,0.9989258861439313,0.002336325360964396
0.3276955602536998,0.9989258861439313,0.0023375640398209034
0.32781106802960874,0.9989258861439313,0.002341695844721679
0.32792665726375175,0.9989258861439313,0.0023450039790017425
0.328042328042328,0.9989258861439313,0.0023483270007155425
0.32815808045165845,0.9989258861439313,0.0023503629837331543
0.32827391457818567,0.9989258861439313,0.0023538481292310143
0.3283898305084746,0.9989258861439313,0.002360531309778763
0.32850582832921227,0.9989258861439313,0.002361968295551009
0.3286219081272085,0.9989258861439313,0.002369727567006867
0.32873806998939553,0.9989258861439313,0.0023725100089342127
0.32885431400282883,0.9989258861439313,0.002373177097050381
0.328970640254687,0.9989258861439313,0.002386466078432316
0.32908704883227174,0.9989258861439313,0.0023906949759722276
0.3292035398230089,0.9989258861439313,0.0023917226306850443
0.3293201133144476,0.9989258861439313,0.002393213530520559
0.3294367693942614,0.9989258861439313,0.002399387166975094
0.32955350815024803,0.9989258861439313,0.0024009098629590125
0.32967032967032966,0.9989258861439313,0.0024020707477158338
0.32978723404255317,0.9989258861439313,0.0024072557513546955
0.32990422135509045,0.9989258861439313,0.0024099093669950698
0.33002129169623845,0.9989258861439313,0.002410708321387916
0.3301384451544196,0.9989258861439313,0.002417706733599295
0.3302556818181818,0.9989258861439313,0.002418482184878993
0.33037300177619894,0.9989258861439313,0.0024246027027478773
0.3304904051172708,0.9989258861439313,0.0024431797790909465
0.33060789193032347,0.9989258861439313,0.002445651297403032
0.3307254623044097,0.9989258861439313,0.0024466073150780547
0.33084311632870866,0.9989258861439313,0.002448877758713777
0.3309608540925267,0.9989258861439313,0.00245136387662319
0.33107867568529725,0.9989258861439313,0.0024591646855686516
0.3311965811965812,0.9989258861439313,0.0024603435410375293
0.33131457071606696,0.9989258861439313,0.0024613444384778416
0.3315508021390374,0.9989258861439313,0.002464278389568129
0.33166904422253923,0.9989258861439313,0.002467421065766718
0.33178737067427755,0.9989258861439313,0.0024754642683667187
0.33190578158458245,0.9989258861439313,0.0024757390500890204
0.3320242770439129,0.9989258861439313,0.002477000417727094
0.33214285714285713,0.9989258861439313,0.0024872697123298655
0.3322615219721329,0.9989258861439313,0.002496340022387526
0.33238027162258754,0.9989258861439313,0.002499212002552179
0.3324991061851984,0.9989258861439313,0.002504262144147484
0.33261802575107297,0.9989258861439313,0.0025179162538021107
0.33273703041144903,0.9989258861439313,0.0025188203833076835
0.33285612025769507,0.9989258861439313,0.0025206259568815934
0.33297529538131043,0.9989258861439313,0.0025222455825990534
0.3330945558739255,0.9989258861439313,0.0025240743462804148
0.33321390182730204,0.9989258861439313,0.002525661282860451
0.3333333333333333,0.9989258861439313,0.0025405794271057764
0.33345285048404444,0.9989258861439313,0.002540969664880421
0.3335724533715925,0.9989258861439313,0.002553398094282872
0.333692142088267,0.9989258861439313,0.0025544095260303457
0.3338119167264896,0.9989258861439313,0.002563570070210844
0.3339317773788151,0.9989258861439313,0.0025650031471204024
0.33405172413793105,0.9989258861439313,0.002582545150291221
0.3341717570966583,0.9989258861439313,0.002589246099651691
0.3342918763479511,0.9989258861439313,0.0025901894649138415
0.3344120819848975,0.9989258861439313,0.0025930360272666004
0.3345323741007194,0.9989258861439313,0.0026113981917329607
0.33465275278877293,0.9989258861439313,0.002623503546599903
0.3347732181425486,0.9989258861439313,0.0026443117668198952
0.3348937702556716,0.9989258861439313,0.002646780521673691
0.335014409221902,0.9989258861439313,0.002647831878318462
0.33513513513513515,0.9989258861439313,0.002648009130031563
0.33525594808940157,0.9989258861439313,0.002654051464409173
0.33537684817886765,0.9989258861439313,0.0026546242210710494
0.3354978354978355,0.9989258861439313,0.002673722070052251
0.3356189101407434,0.9989258861439313,0.002675631841833865
0.33574007220216606,0.9989258861439313,0.0026947770875382945
0.3358613217768147,0.9989258861439313,0.002695904270815503
0.33598265895953755,0.9989258861439313,0.0026970601986799066
0.33610408384531987,0.9989258861439313,0.002711045913836385
0.3362255965292842,0.9989258861439313,0.0027124576798107877
0.33634719710669075,0.9989258861439313,0.0027129939983578104
0.33646888567293776,0.9989258861439313,0.0027157561474742643
0.33659066232356133,0.9989258861439313,0.00271870791272619
0.33671252715423605,0.9989258861439313,0.0027194715980350184
0.33683448026077506,0.9989258861439313,0.0027215665308750092
0.33695652173913043,0.9989258861439313,0.0027253357697130227
0.33707865168539325,0.9989258861439313,0.0027319558655564944
0.33720087019579403,0.9989258861439313,0.0027374080722313847
0.3373231773667029,0.9989258861439313,0.00273917502311405
0.3374455732946299,0.9989258861439313,0.002741278812878821
0.33756805807622503,0.9989258861439313,0.0027533046863450245
0.33781329458772247,0.9989258861439313,0.0027549923425684735
0.3379360465116279,0.9989258861439313,0.002758171302613515
0.33805888767720826,0.9989258861439313,0.002775040265459855
0.3381818181818182,0.9989258861439313,0.0027816112269799195
0.3383048381229538,0.9989258861439313,0.0027929490742930963
0.3384279475982533,0.9989258861439313,0.002796569252498503
0.3385511467054969,0.9989258861439313,0.002802241018786144
0.33867443554260745,0.9989258861439313,0.0028084350241433537
0.33879781420765026,0.9989258861439313,0.00281334776859649
0.3389212827988338,0.9989258861439313,0.002814028766122355
0.33904484141450963,0.9989258861439313,0.0028167733550860203
0.33916849015317285,0.9989258861439313,0.0028199317971307402
0.33929222911346224,0.9989258861439313,0.0028270256005479472
0.33941605839416056,0.9989258861439313,0.00283313670735079
0.33953997809419495,0.9989258861439313,0.002833718576420863
0.33966398831263694,0.9989258861439313,0.0028443702428150685
0.33978808914870295,0.9989258861439313,0.002859872554891328
0.3399122807017544,0.9989258861439313,0.002874417801096249
0.340036563071298,0.9989258861439313,0.002888595262322613
0.3401609363569861,0.9989258861439313,0.0029132096696572935
0.3402854006586169,0.9989258861439313,0.002924662891430288
0.3404099560761347,0.9989258861439313,0.002926191318721931
0.34053460270963015,0.9989258861439313,0.00293976603316254
0.34065934065934067,0.9989258861439313,0.002941201232171676
0.3407841700256504,0.9989258861439313,0.002942902093691173
0.3409090909090909,0.9989258861439313,0.0029477362003547027
0.341034103410341,0.9989258861439313,0.002954969029634134
0.34115920763022745,0.9989258861439313,0.002956024488562351
0.3412844036697248,0.9989258861439313,0.002958318735632402
0.34140969162995594,0.9989258861439313,0.0029584310867888097
0.34153507161219243,0.9989258861439313,0.002964669255326988
0.34166054371785454,0.9989258861439313,0.002966693037266618
0.34178610804851156,0.9989258861439313,0.0029684788045930763
0.34191176470588236,0.9989258861439313,0.0029707757777755295
0.3420375137918352,0.9989258861439313,0.0029711314093997226
0.34216335540838855,0.9989258861439313,0.00297524496044218
0.3422892896577107,0.9989258861439313,0.002977736424303814
0.34241531664212077,0.9989258861439313,0.0029797376376405785
0.3425414364640884,0.9989258861439313,0.0029932909082891995
0.3426676492262343,0.9989258861439313,0.00299537868139268
0.34279395503133064,0.9989258861439313,0.0030116185722934715
0.34292035398230086,0.9989258861439313,0.003015822886352277
0.3430468461822206,0.9989258861439313,0.00302268851798814
0.34317343173431736,0.9989258861439313,0.003031627775103568
0.3433001107419712,0.9989258861439313,0.003033989517603707
0.3434268833087149,0.9989258861439313,0.003037841814192081
0.3435537495382342,0.9989258861439313,0.003046983476275724
0.3438077634011091,0.9989258861439313,0.0030508961141642935
0.34393491124260356,0.9989258861439313,0.0030566845407967837
0.34406215316315203,0.9989258861439313,0.0030682389516827175
0.3441894892672095,0.9989258861439313,0.003069468724635557
0.34431691965938543,0.9989258861439313,0.003070534186714839
0.34444444444444444,0.9989258861439313,0.0030780355790292315
0.3445720637273064,0.9989258861439313,0.0030852664361963812
0.3446997776130467,0.9989258861439313,0.0030925178339932173
0.3449554896142433,0.9989258861439313,0.003099235580668061
0.3450834879406308,0.9989258861439313,0.003108780605596039
0.34521158129175944,0.9989258861439313,0.0031149428956996046
0.3453397697734868,0.9989258861439313,0.0031293167250324512
0.34546805349182763,0.9989258861439313,0.0031338610702123433
0.3455964325529543,0.9989258861439313,0.00313578077917294
0.34572490706319703,0.9989258861439313,0.003147227501055573
0.34585347712904424,0.9989258861439313,0.0031521284448833833
0.34598214285714285,0.9989258861439313,0.0031646683183834965
0.3461109043542985,0.9989258861439313,0.0031793505381871446
0.3462397617274758,0.9989258861439313,0.0031855031718304025
0.3463687150837989,0.9989258861439313,0.0031856189694354354
0.3464977645305514,0.9989258861439313,0.003188443940800953
0.34662691017517705,0.9989258861439313,0.0031974571613033486
0.34675615212527966,0.9989258861439313,0.0031983730783503293
0.34688549048862366,0.9989258861439313,0.003224126615178848
0.34701492537313433,0.9989258861439313,0.0032244088100701995
0.3471444568868981,0.9989258861439313,0.0032396036429675553
0.3472740851381628,0.9989258861439313,0.0032410920422204052
0.34740381023533806,0.9989258861439313,0.0032446328372769317
0.3475336322869955,0.9989258861439313,0.0032491122565874845
0.34766355140186916,0.9989258861439313,0.003255465305888604
0.34779356768885566,0.9989258861439313,0.0032589563579470807
0.3479236812570146,0.9989258861439313,0.0032643195504893892
0.34805389221556887,0.9989258861439313,0.0032754377815313995
0.34818420067390493,0.9989258861439313,0.0032759484965331296
0.34831460674157305,0.9989258861439313,0.0032794319355422086
0.34844511052828775,0.9989258861439313,0.003281050274917955
0.348575712143928,0.9989258861439313,0.0032982210038401344
0.34870641169853767,0.9989258861439313,0.0033027074746134716
0.3488372093023256,0.9989258861439313,0.003311115717804796
0.34896810506566606,0.9989258861439313,0.0033181786298230017
0.3490990990990991,0.9989258861439313,0.0033232204094822064
0.34923019151333085,0.9989258861439313,0.0033282779730245816
0.34936138241923365,0.9989258861439313,0.0033289234117151816
0.34949267192784667,0.9989258861439313,0.003331914179941179
0.34962406015037595,0.9989258861439313,0.003335968919809513
0.3497555471981948,0.9989258861439313,0.003346311230460147
0.34988713318284426,0.9989258861439313,0.003349365037441026
0.35001881821603315,0.9989258861439313,0.003367436211455848
0.3501506024096386,0.9989258861439313,0.0033838292833930556
0.3502824858757062,0.9989258861439313,0.00339033703483741
0.35041446872645066,0.9989258861439313,0.0033971087271125917
0.3505465510742556,0.9989258861439313,0.0033978562523622833
0.3506787330316742,0.9989258861439313,0.003403360605742547
0.35081101471142967,0.9989258861439313,0.003404791393027197
0.35094339622641507,0.9989258861439313,0.0034077707454034513
0.3510758776896942,0.9989258861439313,0.0034134013386615367
0.3512084592145015,0.9989258861439313,0.0034149753313346947
0.3513411409142425,0.9989258861439313,0.003439922441309359
0.35147392290249435,0.9989258861439313,0.003441902426653109
0.3516068052930057,0.9989258861439313,0.0034443779318439395
0.3517397881996974,0.9989258861439313,0.003448287170633695
0.3518728717366629,0.9989258861439313,0.0034489880470897185
0.35200605601816803,0.9989258861439313,0.0034709147649835586
0.35213934115865203,0.9989258861439313,0.0034761181577801508
0.3522727272727273,0.9989258861439313,0.003501888494790333
0.35240621447518,0.9989258861439313,0.0035138653140980966
0.3525398028809704,0.9989258861439313,0.003516848959829237
0.35267349260523323,0.9989258861439313,0.003517242799389192
0.3528072837632777,0.9989258861439313,0.0035270615105796395
0.35294117647058826,0.9989258861439313,0.00352986982847298
0.3530751708428246,0.9989258861439313,0.003532030251681846
0.3532092669958223,0.9989258861439313,0.0035493837466510875
0.35296352583586627,0.9978517722878625,0.003550002308520256
0.35309768148992776,0.9978517722878625,0.0035593754002124912
0.3532319391634981,0.9978517722878625,0.0035612771879674036
0.35336629897299354,0.9978517722878625,0.003563017217196374
0.3536353254663114,0.9978517722878625,0.0035708867334809345
0.35376999238385376,0.9978517722878625,0.003571561687484992
0.3539047619047619,0.9978517722878625,0.003577420000298791
0.3540396341463415,0.9978517722878625,0.0035837004767784657
0.354174609226077,0.9978517722878625,0.003590191674108748
0.35430968726163237,0.9978517722878625,0.003590612245257463
0.3544448683708508,0.9978517722878625,0.003606132670129581
0.35458015267175574,0.9978517722878625,0.003607147159775922
0.3547155402825506,0.9978517722878625,0.0036110139591925402
0.35485103132161955,0.9978517722878625,0.003613585931004016
0.3549866259075277,0.9978517722878625,0.003618682776810165
0.3551223241590214,0.9978517722878625,0.00362015639493424
0.35525812619502867,0.9978517722878625,0.0036384941930524377
0.35539403213465953,0.9978517722878625,0.0036489757997322228
0.3555300420972063,0.9978517722878625,0.0036491089371968864
0.3556661562021439,0.9978517722878625,0.003654732352147647
0.3558023745691306,0.9978517722878625,0.0036625249345128364
0.35593869731800765,0.9978517722878625,0.0036750676099915327
0.3560751245688003,0.9978517722878625,0.0036785027485231265
0.3562116564417178,0.9978517722878625,0.0036855088402992847
0.3563482930571538,0.9978517722878625,0.0036918272839138932
0.35648503453568686,0.9978517722878625,0.003707757328777055
0.3566218809980806,0.9978517722878625,0.0037108847003057424
0.3567588325652842,0.9978517722878625,0.0037193730513691444
0.3568958893584326,0.9978517722878625,0.0037255358166721508
0.35703305149884706,0.9978517722878625,0.0037384039749869145
0.3571703191080354,0.9978517722878625,0.0037399816609065056
0.3573076923076923,0.9978517722878625,0.0037433796765012697
0.3574451712196999,0.9978517722878625,0.0037453607961012124
0.35758275596612776,0.9978517722878625,0.0037566373811984887
0.35772044666923375,0.9978517722878625,0.0037583228149523046
0.3578582434514638,0.9978517722878625,0.003780185536726693
0.3579961464354528,0.9978517722878625,0.003801819991458667
0.3581341557440247,0.9978517722878625,0.003805978301382016
0.3582722715001928,0.9978517722878625,0.0038111304851820263
0.3584104938271605,0.9978517722878625,0.0038192042603354803
0.3585488228483211,0.9978517722878625,0.0038290249290340974
0.3586872586872587,0.9978517722878625,0.0038430837989550408
0.3588258014677482,0.9978517722878625,0.003853145633921515
0.3589644513137558,0.9978517722878625,0.0038536560252487996
0.3591032083494395,0.9978517722878625,0.0038663939753724205
0.35924207269914926,0.9978517722878625,0.003874282589936129
0.35938104448742747,0.9978517722878625,0.0038749006230526543
0.3595201238390093,0.9978517722878625,0.003875059770070806
0.3596593108788231,0.9978517722878625,0.00387605454461666
0.3597986057319907,0.9978517722878625,0.003877264020930037
0.35993800852382796,0.9978517722878625,0.0038828466214675585
0.36007751937984495,0.9978517722878625,0.0038853400456747575
0.36021713842574643,0.9978517722878625,0.003887146828324091
0.3603568657874321,0.9978517722878625,0.0038950369943743495
0.3606366459627329,0.9978517722878625,0.003906863069900851
0.36077669902912624,0.9978517722878625,0.0039143164859126185
0.3609168609168609,0.9978517722878625,0.003925986593771588
0.36105713175281773,0.9978517722878625,0.003927447590727514
0.36119751166407466,0.9978517722878625,0.00393154460490505
0.36133800077790745,0.9978517722878625,0.00394278304173947
0.3614785992217899,0.9978517722878625,0.003947957206723285
0.3616193071233943,0.9978517722878625,0.003951240437315061
0.3617601246105919,0.9978517722878625,0.003952285082774794
0.36190105181145305,0.9978517722878625,0.003965972295866891
0.3620420888542479,0.9978517722878625,0.003969099135914974
0.3621832358674464,0.9978517722878625,0.003978701768761864
0.3623244929797192,0.9978517722878625,0.003983351456565583
0.36246586031993755,0.9978517722878625,0.0039995793016221835
0.3626073380171741,0.9978517722878625,0.004003845110346251
0.36274892620070287,0.9978517722878625,0.0040250098453874505
0.362890625,0.9978517722878625,0.004036511089616758
0.36303243454474404,0.9978517722878625,0.004039031978633193
0.36317435496481626,0.9978517722878625,0.004042584798385524
0.3633163863903011,0.9978517722878625,0.004049834765107845
0.3634585289514867,0.9978517722878625,0.0040587150375095155
0.363600782778865,0.9978517722878625,0.004058931624470572
0.36374314800313234,0.9978517722878625,0.0040609186702015325
0.36388562475519,0.9978517722878625,0.0040637148380202855
0.3640282131661442,0.9978517722878625,0.004069870842626778
0.36417091336730695,0.9978517722878625,0.0040912510256095125
0.3643137254901961,0.9978517722878625,0.004100240309235684
0.3644566496665359,0.9978517722878625,0.004112486997699376
0.36459968602825743,0.9978517722878625,0.00411478518398512
0.364742834707499,0.9978517722878625,0.004131232453544961
0.3648860958366064,0.9978517722878625,0.004133005043325137
0.3650294695481336,0.9978517722878625,0.004144931478062796
0.3651729559748428,0.9978517722878625,0.004148452281960967
0.3654602675059009,0.9978517722878625,0.004149662041568992
0.36560409287682016,0.9978517722878625,0.004152510567556255
0.365748031496063,0.9978517722878625,0.004162722175236292
0.36589208349743996,0.9978517722878625,0.004164470477948305
0.3660362490149724,0.9978517722878625,0.004164634704973163
0.3661805281828932,0.9978517722878625,0.004173437510181248
0.3663249211356467,0.9978517722878625,0.004189198352965927
0.36646942800788956,0.9978517722878625,0.004205192386958077
0.3666140489344909,0.9978517722878625,0.004205964774277885
0.36675878405053297,0.9978517722878625,0.004211452364218691
0.3669036334913112,0.9978517722878625,0.004216288658427038
0.36704859739233503,0.9978517722878625,0.0042244490371053265
0.36719367588932805,0.9978517722878625,0.00422775759012574
0.36733886911822855,0.9978517722878625,0.004237632632158674
0.3674841772151899,0.9978517722878625,0.004239656502835709
0.36762960031658093,0.9978517722878625,0.004260088017574036
0.3677751385589865,0.9978517722878625,0.004273505163369272
0.3679207920792079,0.9978517722878625,0.004284236080256966
0.36806656101426305,0.9978517722878625,0.004289197384105582
0.36821244550138726,0.9978517722878625,0.004298000305878127
0.36835844567803333,0.9978517722878625,0.004307231707491486
0.3686507936507937,0.9978517722878625,0.0043256515977546425
0.3687971417229059,0.9978517722878625,0.004333539881025094
0.3689436060365369,0.9978517722878625,0.004350172544498546
0.3690901867302344,0.9978517722878625,0.0043558816271190475
0.36923688394276627,0.9978517722878625,0.004363397136453276
0.36938369781312125,0.9978517722878625,0.004367017053380095
0.36953062848050916,0.9978517722878625,0.0043678502997583964
0.3696776760843613,0.9978517722878625,0.004382726875957124
0.3698248407643312,0.9978517722878625,0.004397473175111034
0.3699721226602947,0.9978517722878625,0.004406910333548079
0.3701195219123506,0.9978517722878625,0.004424470956226397
0.37026703866082106,0.9978517722878625,0.004425259955453404
0.370414673046252,0.9978517722878625,0.00442912593967301
0.3705624252094136,0.9978517722878625,0.00444474130135638
0.3707102952913009,0.9978517722878625,0.00445141469121809
0.3708582834331337,0.9978517722878625,0.00445708524915792
0.3710063897763578,0.9978517722878625,0.004457128169990215
0.3711546144626448,0.9978517722878625,0.004472405129045957
0.37130295763389287,0.9978517722878625,0.004474671110646816
0.3714514194322271,0.9978517722878625,0.004487773554591654
0.3716,0.9978517722878625,0.004513509026459121
0.37174869947979194,0.9978517722878625,0.004518984975559335
0.3718975180144115,0.9978517722878625,0.004522790084250398
0.37204645574689627,0.9978517722878625,0.004525374552192242
0.37219551282051283,0.9978517722878625,0.004535485298401566
0.37234468937875753,0.9978517722878625,0.004537845929687263
0.37249398556535684,0.9978517722878625,0.004542094727323168
0.37264340152426795,0.9978517722878625,0.004546587063686602
0.37294259333600965,0.9978517722878625,0.0045520667247417315
0.37309236947791163,0.9978517722878625,0.004573216874260118
0.37324226597026916,0.9978517722878625,0.004591980551735664
0.3733922829581994,0.9978517722878625,0.004595471279408914
0.37354242058705267,0.9978517722878625,0.004613710785417214
0.37369267900241354,0.9978517722878625,0.0046169556125344345
0.3738430583501006,0.9978517722878625,0.004620639567716723
0.37399355877616747,0.9978517722878625,0.0046290019236326
0.37414418042690295,0.9978517722878625,0.004629015045389938
0.3742949234488316,0.9978517722878625,0.004629814940432969
0.37444578798871425,0.9978517722878625,0.004643256216018117
0.37459677419354837,0.9978517722878625,0.004646613941466447
0.37474788221056876,0.9978517722878625,0.004647447475149558
0.3748991121872478,0.9978517722878625,0.004656007926307636
0.3750504642712959,0.9978517722878625,0.004660939960871024
0.37520193861066237,0.9978517722878625,0.004666593876091616
0.37535353535353533,0.9978517722878625,0.004670330197419941
0.3755052546483428,0.9978517722878625,0.004686768828952949
0.3756570966437525,0.9978517722878625,0.004703033384209381
0.37580906148867316,0.9978517722878625,0.004706460662344624
0.37596114933225416,0.9978517722878625,0.0047166686692354815
0.37611336032388665,0.9978517722878625,0.004718099608736906
0.37626569461320375,0.9978517722878625,0.004723149037510687
0.376418152350081,0.9978517722878625,0.004724189201197955
0.3765707336846372,0.9978517722878625,0.004734453349100151
0.3767234387672344,0.9978517722878625,0.004745746416760204
0.3768762677484787,0.9978517722878625,0.004752242712399468
0.3770292207792208,0.9978517722878625,0.0047692707134505885
0.37718229801055625,0.9978517722878625,0.004769842481769692
0.3773354995938262,0.9978517722878625,0.004791875627401503
0.3776422764227642,0.9978517722878625,0.0047928955577455565
0.3777958519723465,0.9978517722878625,0.004818860350477736
0.37794955248169243,0.9978517722878625,0.004824782140047798
0.37810337810337813,0.9978517722878625,0.004828283028635737
0.378257328990228,0.9978517722878625,0.004830339354869647
0.3784114052953157,0.9978517722878625,0.004844228805562018
0.37856560717196414,0.9978517722878625,0.004886104692401939
0.37871993477374644,0.9978517722878625,0.004890536539825076
0.37887438825448616,0.9978517722878625,0.004894143459563642
0.37902896776825784,0.9978517722878625,0.004900065529922399
0.37918367346938775,0.9978517722878625,0.0049149951417502774
0.37933850551245407,0.9978517722878625,0.0049172108395434296
0.37949346405228757,0.9978517722878625,0.004926221804874616
0.37964854924397223,0.9978517722878625,0.0049391758424754415
0.3798037612428455,0.9978517722878625,0.0049496364517224575
0.37995910020449897,0.9978517722878625,0.004952944399324477
0.38027015963978716,0.9978517722878625,0.0049554972320858485
0.38042588042588044,0.9978517722878625,0.004958675365295095
0.3805817287996723,0.9978517722878625,0.004965868198442323
0.38073770491803277,0.9978517722878625,0.004984078588897569
0.3808938089380894,0.9978517722878625,0.004991125121869817
0.3810500410172272,0.9978517722878625,0.004995219145248623
0.38120640131308986,0.9978517722878625,0.004998511932701823
0.38136288998357964,0.9978517722878625,0.0050183964340281976
0.38151950718685834,0.9978517722878625,0.005022255114752946
0.38167625308134756,0.9978517722878625,0.005023720380925347
0.38183312782572953,0.9978517722878625,0.005050104484562966
0.38199013157894735,0.9978517722878625,0.005061981745461735
0.3821472645002057,0.9978517722878625,0.005065040607324208
0.38189300411522636,0.9967776584317938,0.005079515656206787
0.3820502264306299,0.9967776584317938,0.005081977857337123
0.3823650597445406,0.9967776584317938,0.005082807508096611
0.382522671063479,0.9967776584317938,0.005098767845248259
0.38268041237113404,0.9967776584317938,0.005102718394546906
0.38283828382838286,0.9967776584317938,0.005127865544723154
0.3829962855963681,0.9967776584317938,0.005134690441514684
0.3831544178364988,0.9967776584317938,0.0051464769348384745
0.3833126807104502,0.9967776584317938,0.005160831818802103
0.3834710743801653,0.9967776584317938,0.00516103683596645
0.3836295990078545,0.9967776584317938,0.005171678589831537
0.3837882547559967,0.9967776584317938,0.005175556913842945
0.3839470417873397,0.9967776584317938,0.0051798428994999975
0.3841059602649007,0.9967776584317938,0.0051952171523725055
0.38426501035196686,0.9967776584317938,0.005197807914965304
0.3844241922120961,0.9967776584317938,0.005211917106339005
0.3845835060091173,0.9967776584317938,0.005216053944551035
0.38474295190713104,0.9967776584317938,0.005225399188262505
0.3849025300705102,0.9967776584317938,0.00523757161034756
0.38506224066390043,0.9967776584317938,0.00524699184453956
0.38522208385222084,0.9967776584317938,0.00526687518960294
0.3853820598006645,0.9967776584317938,0.005276994136432377
0.38512671375155794,0.9957035445757251,0.005293781025638125
0.385286783042394,0.9957035445757251,0.005331555345840093
0.38544698544698547,0.9957035445757251,0.005347915087956627
0.3856073211314476,0.9957035445757251,0.0053519814721147575
0.3857677902621723,0.9957035445757251,0.005361865757462514
0.3859283930058285,0.9957035445757251,0.005365525749932151
0.38608912952936275,0.9957035445757251,0.005395861396814798
0.38625,0.9957035445757251,0.0054006315197932505
0.38641100458524386,0.9957035445757251,0.005421675200717166
0.3865721434528774,0.9957035445757251,0.0054429099074503225
0.3867334167709637,0.9957035445757251,0.00545418633954751
0.3868948247078464,0.9957035445757251,0.00545929559078154
0.38705636743215033,0.9957035445757251,0.005504671234889396
0.38721804511278196,0.9957035445757251,0.005512379614317783
0.3873798579189302,0.9957035445757251,0.005518683995424213
0.3875418060200669,0.9957035445757251,0.005520089074919059
0.3877038895859473,0.9957035445757251,0.00552748302891804
0.3878661087866109,0.9957035445757251,0.005574072138956672
0.38802846379238176,0.9957035445757251,0.005576126745478954
0.38819095477386933,0.9957035445757251,0.005583294485082686
0.388353581901969,0.9957035445757251,0.005585781791546564
0.38851634534786256,0.9957035445757251,0.005597303960170761
0.3886792452830189,0.9957035445757251,0.005598402551854864
0.3888422818791946,0.9957035445757251,0.005603511087908136
0.3890054553084347,0.9957035445757251,0.005615031925471381
0.3891687657430731,0.9957035445757251,0.005657180325316087
0.38933221335573287,0.9957035445757251,0.005674424737923193
0.38949579831932774,0.9957035445757251,0.005679013358999198
0.3896595208070618,0.9957035445757251,0.0057212573817941904
0.38982338099243063,0.9957035445757251,0.005727055416496596
0.3899873790492217,0.9957035445757251,0.005732512420867151
0.39015151515151514,0.9957035445757251,0.005734107245443055
0.390480202190396,0.9957035445757251,0.005734107604721572
0.3908094435075885,0.9957035445757251,0.0057374019557633
0.3909742724588781,0.9957035445757251,0.005763624188890573
0.3911392405063291,0.9957035445757251,0.005784833939029457
0.391304347826087,0.9957035445757251,0.0057946995283488815
0.39146959459459457,0.9957035445757251,0.0058312729486005
0.3916349809885932,0.9957035445757251,0.005838413952004494
0.39180050718512255,0.9957035445757251,0.005861112005449695
0.3919661733615222,0.9957035445757251,0.005874384081208653
0.39213197969543145,0.9957035445757251,0.005908113996193326
0.3922979263647905,0.9957035445757251,0.005909948170018526
0.39246401354784083,0.9957035445757251,0.005917968089720864
0.3926302414231258,0.9957035445757251,0.005929125398690436
0.3927966101694915,0.9957035445757251,0.005950379786718155
0.39296311996608735,0.9957035445757251,0.005952279277708819
0.3931297709923664,0.9957035445757251,0.005983726019243906
0.39329656342808655,0.9957035445757251,0.00599755951020447
0.3934634974533107,0.9957035445757251,0.006008973584253331
0.39363057324840767,0.9957035445757251,0.006018206401557095
0.39379779099405265,0.9957035445757251,0.006023561989312693
0.39396515087122824,0.9957035445757251,0.0060295374285211974
0.39413265306122447,0.9957035445757251,0.006029873120186026
0.3943002977456401,0.9957035445757251,0.0060302558276806115
0.394468085106383,0.9957035445757251,0.00603371734828894
0.3946360153256705,0.9957035445757251,0.006045312921969582
0.39480408858603067,0.9957035445757251,0.00605956607674311
0.3949723050703025,0.9957035445757251,0.006083484222286125
0.39514066496163686,0.9957035445757251,0.006087055850139863
0.3953091684434968,0.9957035445757251,0.006089858286034856
0.39547781569965873,0.9957035445757251,0.006126959333597403
0.39564660691421255,0.9957035445757251,0.0061451943744091075
0.3958155422715628,0.9957035445757251,0.006148128956809075
0.39598462195642886,0.9957035445757251,0.006163338860734091
0.39615384615384613,0.9957035445757251,0.006178811668417156
0.3963232150491663,0.9957035445757251,0.006203448391017736
0.3964927288280582,0.9957035445757251,0.00620539509069312
0.39666238767650835,0.9957035445757251,0.006209174163348132
0.3968321917808219,0.9957035445757251,0.006232781761161497
0.3970021413276231,0.9957035445757251,0.006236226552318429
0.397172236503856,0.9957035445757251,0.0062414444294889215
0.39734247749678525,0.9957035445757251,0.006247299472919465
0.3975128644939966,0.9957035445757251,0.006255703361552916
0.39768339768339767,0.9957035445757251,0.00627104893288455
0.39785407725321886,0.9957035445757251,0.006273066494249254
0.39802490339201374,0.9957035445757251,0.0062841565268429095
0.39819587628865977,0.9957035445757251,0.006295268186518209
0.39836699613235926,0.9957035445757251,0.0063008406209537305
0.39853826311263973,0.9957035445757251,0.006313348934899232
0.3987096774193548,0.9957035445757251,0.006315170890985903
0.39888123924268504,0.9957035445757251,0.006329208949905073
0.3990529487731382,0.9957035445757251,0.006357810600998105
0.3992248062015504,0.9957035445757251,0.006359470903752918
0.3993968117190866,0.9957035445757251,0.006360062490103865
0.39956896551724136,0.9957035445757251,0.00636963156485949
0.3997412677878396,0.9957035445757251,0.006380688918390884
0.3999137187230371,0.9957035445757251,0.0064025712556567286
0.40008631851532156,0.9957035445757251,0.006436883633129218
0.40025906735751293,0.9957035445757251,0.0064568578079444725
0.4004319654427646,0.9957035445757251,0.006467290688572841
0.4006050129645635,0.9957035445757251,0.006472607171033989
0.40077821011673154,0.9957035445757251,0.006500093256532423
0.4009515570934256,0.9957035445757251,0.006501497034641049
0.4011250540891389,0.9957035445757251,0.006526302387540018
0.4012987012987013,0.9957035445757251,0.0065302049421581
0.4014724989172802,0.9957035445757251,0.00653569479106165
0.4016464471403813,0.9957035445757251,0.006550608174661309
0.40182054616384916,0.9957035445757251,0.00661371616485897
0.4019947961838682,0.9957035445757251,0.006614380412753465
0.4021691973969631,0.9957035445757251,0.00664512268672167
0.40234375,0.9957035445757251,0.0067047372629885065
0.4025184541901867,0.9957035445757251,0.006730797951340714
0.40269331016507387,0.9957035445757251,0.006732887166986623
0.4028683181225554,0.9957035445757251,0.006752402689959492
0.40304347826086956,0.9957035445757251,0.00675450279891861
0.4032187907785994,0.9957035445757251,0.0067674339905894705
0.40339425587467365,0.9957035445757251,0.006779790441232679
0.40356987374836745,0.9957035445757251,0.00679177527752996
0.4037456445993031,0.9957035445757251,0.00681145185533542
0.403921568627451,0.9957035445757251,0.00681534871077061
0.4040976460331299,0.9957035445757251,0.00682793806673027
0.4042738770170083,0.9957035445757251,0.006830653318661408
0.40445026178010474,0.9957035445757251,0.006868069723995252
0.40462680052378874,0.9957035445757251,0.00688765923139815
0.40480349344978167,0.9957035445757251,0.006909987198365404
0.40498034076015726,0.9957035445757251,0.006925284892038364
0.40515734265734266,0.9957035445757251,0.006927213895134594
0.4053344993441189,0.9957035445757251,0.0069507574131987765
0.40551181102362205,0.9957035445757251,0.006964614284629645
0.40568927789934356,0.9957035445757251,0.007042011169426275
0.40586690017513133,0.9957035445757251,0.007044893466739827
0.4060446780551905,0.9957035445757251,0.00707490482699175
0.40622261174408414,0.9957035445757251,0.007083765740617779
0.4064007014467339,0.9957035445757251,0.007131478353689323
0.40657894736842104,0.9957035445757251,0.007156393026625713
0.40675734971478716,0.9957035445757251,0.0071689499965448275
0.40693590869183494,0.9957035445757251,0.007183190708878049
0.40711462450592883,0.9957035445757251,0.007192856967690727
0.4072934973637961,0.9957035445757251,0.007196154377481821
0.4074725274725275,0.9957035445757251,0.007218276988288926
0.4076517150395778,0.9957035445757251,0.007220059284578433
0.4078310602727673,0.9957035445757251,0.007240412050768626
0.4080105633802817,0.9957035445757251,0.007267185228883819
0.4081902245706737,0.9957035445757251,0.007276086326678393
0.4083700440528634,0.9957035445757251,0.007325736513784163
0.40855002203613927,0.9957035445757251,0.007334180680593201
0.4087301587301587,0.9957035445757251,0.007343488570915171
0.40891045434494927,0.9957035445757251,0.007353797475379679
0.4090909090909091,0.9957035445757251,0.007372705832004792
0.40927152317880794,0.9957035445757251,0.0073858455744264554
0.409452296819788,0.9957035445757251,0.00739134877233481
0.4096332302253646,0.9957035445757251,0.007403214972338505
0.40981432360742703,0.9957035445757251,0.007408345076093184
0.4099955771782397,0.9957035445757251,0.007424658227733816
0.4101769911504425,0.9957035445757251,0.007449465131330668
0.4103585657370518,0.9957035445757251,0.007461191921388063
0.41054030115146145,0.9957035445757251,0.007467225376601838
0.4107221976074435,0.9957035445757251,0.007486839812639585
0.4109042553191489,0.9957035445757251,0.007517925922074608
0.41108647450110863,0.9957035445757251,0.0075234508393524045
0.41126885536823427,0.9957035445757251,0.007540894761831195
0.41145139813581894,0.9957035445757251,0.0075557809588756315
0.4116341030195382,0.9957035445757251,0.007577090143717961
0.4118169702354509,0.9957035445757251,0.007578318982473321
0.412,0.9957035445757251,0.0075788223144259564
0.41218319253001334,0.9957035445757251,0.007615401777023866
0.4123665480427046,0.9957035445757251,0.007628663623751739
0.41255006675567424,0.9957035445757251,0.007632844606614184
0.41273374888691006,0.9957035445757251,0.0076374814538101585
0.41291759465478844,0.9957035445757251,0.007645243054939344
0.41310160427807485,0.9957035445757251,0.0076869352704837315
0.4132857779759251,0.9957035445757251,0.007694070629144049
0.4134701159678858,0.9957035445757251,0.007699485188355718
0.41365461847389556,0.9957035445757251,0.007705215810468064
0.4138392857142857,0.9957035445757251,0.007729779600236693
0.41402411790978116,0.9957035445757251,0.007741098937694503
0.41420911528150134,0.9957035445757251,0.007743752596011486
0.41439427805096113,0.9957035445757251,0.007761270267045917
0.4145796064400716,0.9957035445757251,0.007770651160017453
0.4147651006711409,0.9957035445757251,0.00777664512347551
0.41495076096687555,0.9957035445757251,0.007791085211944131
0.41513658755038063,0.9957035445757251,0.007817086262146977
0.4153225806451613,0.9957035445757251,0.007841762373057556
0.41550874047512326,0.9957035445757251,0.007858988073835312
0.415695067264574,0.9957035445757251,0.007892100590157183
0.4158815612382234,0.9957035445757251,0.007899261483865404
0.4160682226211849,0.9957035445757251,0.007920713595241824
0.4162550516389762,0.9957035445757251,0.007932178312442306
0.4164420485175202,0.9957035445757251,0.007952543596767447
0.4166292134831461,0.9957035445757251,0.007973809193695345
0.41681654676258995,0.9957035445757251,0.008009564031291312
0.41700404858299595,0.9957035445757251,0.008010990102545862
0.4171917191719172,0.9957035445757251,0.008021431312717233
0.4173795587573165,0.9957035445757251,0.008046271476131522
0.4175675675675676,0.9957035445757251,0.008061716212274568
0.41775574583145564,0.9957035445757251,0.0080747578986251
0.41794409377817854,0.9957035445757251,0.008077796260191764
0.4181326116373478,0.9957035445757251,0.008116073624862186
0.4183212996389892,0.9957035445757251,0.008123529093417308
0.418510158013544,0.9957035445757251,0.008147613244721647
0.4186991869918699,0.9957035445757251,0.008186548720855101
0.41888838680524176,0.9957035445757251,0.00820849977101584
0.4190777576853526,0.9957035445757251,0.008209567108605724
0.41926729986431477,0.9957035445757251,0.008211761308829548
0.41945701357466064,0.9957035445757251,0.008212834208331752
0.4196468990493436,0.9957035445757251,0.008217293008886585
0.41983695652173914,0.9957035445757251,0.008293809219699886
0.42002718622564567,0.9957035445757251,0.00832317837917146
0.42021758839528556,0.9957035445757251,0.008377142548901949
0.4204081632653061,0.9957035445757251,0.008445391747830327
0.4205989110707804,0.9957035445757251,0.008447315137241632
0.4207898320472084,0.9957035445757251,0.008468512069495282
0.4209809264305177,0.9957035445757251,0.008477188789405486
0.421172194457065,0.9957035445757251,0.00848900164874372
0.4213636363636364,0.9957035445757251,0.008499830906728957
0.42155525238744884,0.9957035445757251,0.008567425495230385
0.42174704276615105,0.9957035445757251,0.008567721973323929
0.4219390077378243,0.9957035445757251,0.008571358675825706
0.42213114754098363,0.9957035445757251,0.008576779823627475
0.4223234624145786,0.9957035445757251,0.00858939782346103
0.4225159525979945,0.9957035445757251,0.008641141988158794
0.42270861833105333,0.9957035445757251,0.00867933327701581
0.4229014598540146,0.9957035445757251,0.008693154898850242
0.42309447740757644,0.9957035445757251,0.008718451242092862
0.4232876712328767,0.9957035445757251,0.008749468388089906
0.42348104157149385,0.9957035445757251,0.008761367313646393
0.4236745886654479,0.9957035445757251,0.008785524115215677
0.42386831275720166,0.9957035445757251,0.00879984741290316
0.4240622140896615,0.9957035445757251,0.00880215433331955
0.4242562929061785,0.9957035445757251,0.008803011780657854
0.42445054945054944,0.9957035445757251,0.008810590538599106
0.4246449839670179,0.9957035445757251,0.008848844994449677
0.424839596700275,0.9957035445757251,0.008908337111929497
0.4250343878954608,0.9957035445757251,0.008948714669588577
0.4252293577981651,0.9957035445757251,0.008974160845871965
0.42542450665442866,0.9957035445757251,0.00907423000471741
0.42581534221405604,0.9957035445757251,0.009145294553208064
0.4260110294117647,0.9957035445757251,0.009148325671936235
0.4262068965517241,0.9957035445757251,0.009190950787416365
0.4264029438822447,0.9957035445757251,0.009219777540860752
0.4265991716520939,0.9957035445757251,0.009229239416379502
0.42679558011049723,0.9957035445757251,0.009248001633634376
0.4269921695071396,0.9957035445757251,0.009256473785860168
0.4271889400921659,0.9957035445757251,0.009265082733562411
0.42738589211618255,0.9957035445757251,0.009277643301164767
0.4275830258302583,0.9957035445757251,0.009309094050742926
0.42778034148592525,0.9957035445757251,0.009313589802137421
0.4279778393351801,0.9957035445757251,0.009515481196614859
0.428175519630485,0.9957035445757251,0.009518355768525246
0.42837338262476893,0.9957035445757251,0.009550417761592643
0.42857142857142855,0.9957035445757251,0.009565876081168465
0.42876965772432934,0.9957035445757251,0.009573404360301083
0.4289680703378066,0.9957035445757251,0.009605529685515472
0.42916666666666664,0.9957035445757251,0.009638971378722418
0.42936544696618806,0.9957035445757251,0.009651149628814809
0.4295644114921223,0.9957035445757251,0.009669626780185703
0.4297635605006954,0.9957035445757251,0.009688080318371685
0.4299628942486085,0.9957035445757251,0.009696437561173533
0.4301624129930394,0.9957035445757251,0.009701595447925065
0.43036211699164345,0.9957035445757251,0.009709580613757193
0.43056200650255455,0.9957035445757251,0.00971793002440556
0.43076208178438663,0.9957035445757251,0.009752009155687148
0.4309623430962343,0.9957035445757251,0.009780599436161106
0.43116279069767444,0.9957035445757251,0.009806849684794573
0.4313634248487669,0.9957035445757251,0.00996397736668966
0.43156424581005587,0.9957035445757251,0.009995027434023064
0.4312994876571961,0.9946294307196563,0.01006279387016599
0.4315004659832246,0.9946294307196563,0.01007128172996952
0.43123543123543123,0.9935553168635876,0.010082081835867887
0.4314365671641791,0.9935553168635876,0.010121280712801193
0.4316378908072795,0.9935553168635876,0.010137440155053022
0.43183940242763774,0.9935553168635876,0.010179601996310303
0.43204110228865017,0.9935553168635876,0.0101968477110511
0.4322429906542056,0.9935553168635876,0.010209609598164556
0.4324450677886863,0.9935553168635876,0.010229829130357289
0.43264733395696914,0.9935553168635876,0.010272170453616888
0.4323818437061301,0.9924812030075187,0.010302292033192247
0.43258426966292135,0.9924812030075187,0.010305766505930812
0.43278688524590164,0.9924812030075187,0.010310880128567164
0.4329896907216495,0.9924812030075187,0.010368140813088952
0.43319268635724334,0.9924812030075187,0.010380108242603988
0.4333958724202627,0.9924812030075187,0.010382546232545703
0.4335992491787893,0.9924812030075187,0.010411321567066709
0.43380281690140843,0.9924812030075187,0.010419133887004436
0.43400657585721,0.9924812030075187,0.010423084953532419
0.43374060150375937,0.99140708915145,0.010448018288314619
0.43394452280206863,0.99140708915145,0.010452514824683994
0.4341486359360301,0.99140708915145,0.01047861181191759
0.4343529411764706,0.99140708915145,0.010537873568646328
0.4345574387947269,0.99140708915145,0.010575877607704866
0.4347621290626472,0.99140708915145,0.010607891623927213
0.4349670122525919,0.99140708915145,0.010613670097931035
0.4351720886374352,0.99140708915145,0.010627977182642943
0.4349056603773585,0.9903329752953813,0.010643494376575285
0.43511090136857006,0.9903329752953813,0.010651805886962752
0.43531633616619453,0.9903329752953813,0.010694068072614422
0.43552196504487484,0.9903329752953813,0.010701853889404546
0.43572778827977315,0.9903329752953813,0.01074606082032542
0.4359338061465721,0.9903329752953813,0.010761878273559079
0.43614001892147586,0.9903329752953813,0.0107681574600271
0.43634642688121156,0.9903329752953813,0.010785535330156385
0.4365530303030303,0.9903329752953813,0.010826676427094842
0.43675982946470865,0.9903329752953813,0.01085192056976045
0.4369668246445498,0.9903329752953813,0.011055529075184426
0.43717401612138457,0.9903329752953813,0.011072613123632008
0.43738140417457305,0.9903329752953813,0.011076860322221839
0.4375889890840057,0.9903329752953813,0.011078482025022414
0.43779677113010446,0.9903329752953813,0.011085879486341883
0.4380047505938242,0.9903329752953813,0.011119546451306504
0.438212927756654,0.9903329752953813,0.011139421699739457
0.43842130290061815,0.9903329752953813,0.011147623685394948
0.4386298763082778,0.9903329752953813,0.01115187845304344
0.43883864826273206,0.9903329752953813,0.011197408256202648
0.439047619047619,0.9903329752953813,0.011215478836999132
0.43925678894711767,0.9903329752953813,0.011242794862669906
0.43946615824594853,0.9903329752953813,0.011244886756024877
0.4396757272293753,0.9903329752953813,0.011269787409894559
0.4398854961832061,0.9903329752953813,0.011285912528319723
0.44009546539379474,0.9903329752953813,0.011298106666817638
0.44030563514804205,0.9903329752953813,0.01133763333286471
0.44051600573339705,0.9903329752953813,0.011366608191865312
0.44093735054997607,0.9903329752953813,0.011449329940444921
0.4411483253588517,0.9903329752953813,0.011466891293961877
0.4413595021541407,0.9903329752953813,0.011537560140095517
0.44157088122605365,0.9903329752953813,0.01158023708812614
0.441782462865357,0.9903329752953813,0.011615265695743273
0.4419942473633749,0.9903329752953813,0.011660344779533002
0.4422062350119904,0.9903329752953813,0.011674834389170326
0.44241842610364684,0.9903329752953813,0.011675452323563963
0.44263082093134903,0.9903329752953813,0.011757462711480086
0.44284341978866476,0.9903329752953813,0.01175821081128169
0.4430562229697261,0.9903329752953813,0.011835811515380221
0.44326923076923075,0.9903329752953813,0.011850681555016977
0.4434824434824435,0.9903329752953813,0.011892853236236619
0.4436958614051973,0.9903329752953813,0.01189899244089768
0.44390948483389503,0.9903329752953813,0.01192823276518851
0.4441233140655106,0.9903329752953813,0.011928902906268853
0.44433734939759034,0.9903329752953813,0.01196361830866011
0.4445515911282546,0.9903329752953813,0.01196402898111188
0.44476603955619876,0.9903329752953813,0.011968933713762562
0.444980694980695,0.9903329752953813,0.011992458567488153
0.4451955577015934,0.9903329752953813,0.012031787971362024
0.4449275362318841,0.9892588614393125,0.012076684424579171
0.44514258095698406,0.9892588614393125,0.012101332132581657
0.4455732946298984,0.9892588614393125,0.012101342173877063
0.4457889641819942,0.9892588614393125,0.012120006086190491
0.4460048426150121,0.9892588614393125,0.01212946260759795
0.44622093023255816,0.9892588614393125,0.012233139568812555
0.44643722733882696,0.9892588614393125,0.01226962964904806
0.4466537342386033,0.9892588614393125,0.012284163365280867
0.4468704512372635,0.9892588614393125,0.012284305821837191
0.4470873786407767,0.9892588614393125,0.01228943656045925
0.44730451675570665,0.9892588614393125,0.012292575837931747
0.44752186588921283,0.9892588614393125,0.012309923554574394
0.447739426349052,0.9892588614393125,0.012339398669664194
0.4479571984435798,0.9892588614393125,0.012361021230031122
0.4481751824817518,0.9892588614393125,0.012391372251889127
0.44839337877312563,0.9892588614393125,0.012417394538124432
0.4486117876278617,0.9892588614393125,0.012423875088911096
0.44883040935672514,0.9892588614393125,0.012427039440124419
0.4490492442710873,0.9892588614393125,0.012439883152820085
0.44926829268292684,0.9892588614393125,0.012488373163837465
0.4494875549048316,0.9892588614393125,0.012527838591622695
0.44970703125,0.9892588614393125,0.012542443552864031
0.4499267220322423,0.9892588614393125,0.012592129797935838
0.4501466275659824,0.9892588614393125,0.012592558849207834
0.45036674816625916,0.9892588614393125,0.012603402759860794
0.450587084148728,0.9892588614393125,0.012645605175338942
0.45080763582966227,0.9892588614393125,0.012742564072322321
0.45102840352595497,0.9892588614393125,0.012821855776621186
0.45124938755512006,0.9892588614393125,0.012908794012055747
0.4514705882352941,0.9892588614393125,0.013001731439800879
0.45169200588523784,0.9892588614393125,0.013028343489715639
0.4519136408243376,0.9892588614393125,0.01304730024846985
0.4521354933726068,0.9892588614393125,0.013055814600858152
0.45235756385068765,0.9892588614393125,0.01308194060644288
0.45257985257985256,0.9892588614393125,0.013100798395184283
0.4528023598820059,0.9892588614393125,0.013137422989779804
0.45302508607968517,0.9892588614393125,0.013139210399115185
0.453248031496063,0.9892588614393125,0.013158424573242516
0.4534711964549483,0.9892588614393125,0.013178552502396051
0.45369458128078816,0.9892588614393125,0.013204595122298522
0.4539181862986693,0.9892588614393125,0.013207365580657856
0.4541420118343195,0.9892588614393125,0.013245351179027698
0.4545903257650543,0.9892588614393125,0.013313217909279725
0.45481481481481484,0.9892588614393125,0.01348903070357569
0.4550395256916996,0.9892588614393125,0.013506475201083498
0.4552644587246663,0.9892588614393125,0.013547714444123919
0.45548961424332346,0.9892588614393125,0.013593653278210464
0.45571499257793174,0.9892588614393125,0.013618233585399521
0.45594059405940596,0.9892588614393125,0.013623431742858036
0.4561664190193165,0.9892588614393125,0.013633194530602001
0.45639246778989095,0.9892588614393125,0.013647080760823164
0.45661874070401587,0.9892588614393125,0.013681249394917966
0.4568452380952381,0.9892588614393125,0.013686374800003679
0.45707196029776676,0.9892588614393125,0.013695084868130918
0.4572989076464747,0.9892588614393125,0.013724705131026374
0.45752608047690013,0.9892588614393125,0.01373913267630754
0.4577534791252485,0.9892588614393125,0.013820914758519511
0.4579811039283938,0.9892588614393125,0.0138971736719602
0.4582089552238806,0.9892588614393125,0.013913573136941816
0.45843703334992536,0.9892588614393125,0.013923400313052357
0.4586653386454183,0.9892588614393125,0.013929872281448163
0.4588938714499253,0.9892588614393125,0.014119347137540275
0.4591226321036889,0.9892588614393125,0.014202075302023626
0.45935162094763093,0.9892588614393125,0.014231277018566043
0.4595808383233533,0.9892588614393125,0.014265951410582858
0.45981028457314027,0.9892588614393125,0.014278060492571014
0.46003996003996006,0.9892588614393125,0.01430731396808905
0.46026986506746626,0.9892588614393125,0.014310681127205595
0.4607303651825913,0.9892588614393125,0.014360267281057501
0.46096096096096095,0.9892588614393125,0.014555295615992616
0.4611917876815223,0.9892588614393125,0.014565312672683668
0.46142284569138275,0.9892588614393125,0.01457527994477655
0.4616541353383459,0.9892588614393125,0.014619675600311915
0.4618856569709127,0.9892588614393125,0.014653568152752424
0.462117410938284,0.9892588614393125,0.014676734187128164
0.4623493975903614,0.9892588614393125,0.014760434414222296
0.4628140703517588,0.9892588614393125,0.014793877997546416
0.46304675716440424,0.9892588614393125,0.014835288351017422
0.46327967806841047,0.9892588614393125,0.015039488638637764
0.4635128334172119,0.9892588614393125,0.015068084733353016
0.4637462235649547,0.9892588614393125,0.015068838757495382
0.46397984886649873,0.9892588614393125,0.015108859060632949
0.4642137096774194,0.9892588614393125,0.015184738471643542
0.46444780635400906,0.9892588614393125,0.015236942320006643
0.4646821392532795,0.9892588614393125,0.015270323566670699
0.46491670873296315,0.9892588614393125,0.015306891661725526
0.46515151515151515,0.9892588614393125,0.01530964177001349
0.4653865588681152,0.9892588614393125,0.015310827558939486
0.46562184024266934,0.9892588614393125,0.015323236523481457
0.4658573596358118,0.9892588614393125,0.015325376641212377
0.4660931174089069,0.9892588614393125,0.01533490690798371
0.46632911392405063,0.9892588614393125,0.015372255080968976
0.46656534954407297,0.9892588614393125,0.01554286067780862
0.46629498226051697,0.9881847475832438,0.015575107173854082
0.4665314401622718,0.9881847475832438,0.015599114689739228
0.4667681380010147,0.9881847475832438,0.015615024729752588
0.467005076142132,0.9881847475832438,0.015635776387414643
0.46724225495175215,0.9881847475832438,0.015657824799608682
0.46747967479674796,0.9881847475832438,0.01568052092681962
0.4677173360447382,0.9881847475832438,0.015820006280980736
0.46795523906408953,0.9881847475832438,0.015974242198208432
0.4681933842239186,0.9881847475832438,0.01599561554244985
0.4684317718940937,0.9881847475832438,0.016152899467837278
0.4686704024452369,0.9881847475832438,0.016215398318075107
0.4689092762487258,0.9881847475832438,0.01622349481898488
0.4691483936766956,0.9881847475832438,0.016268356529467183
0.46938775510204084,0.9881847475832438,0.01636483536522918
0.46962736089841756,0.9881847475832438,0.016379864082491653
0.4698672114402451,0.9881847475832438,0.016396105206458633
0.4701073071027082,0.9881847475832438,0.01639746521379625
0.4703476482617587,0.9881847475832438,0.016398461797160285
0.47058823529411764,0.9881847475832438,0.016399655875853184
0.47082906857727735,0.9881847475832438,0.01640995035688851
0.47107014848950335,0.9881847475832438,0.016416353190821666
0.4713114754098361,0.9881847475832438,0.016440446236581016
0.4715530497180933,0.9881847475832438,0.01648997767477481
0.4717948717948718,0.9881847475832438,0.016744734652385136
0.4720369420215495,0.9881847475832438,0.016755622570660846
0.4722792607802875,0.9881847475832438,0.01679808185382689
0.47252182845403184,0.9881847475832438,0.016832035550445518
0.4727646454265159,0.9881847475832438,0.016906283007299194
0.4730077120822622,0.9881847475832438,0.016922783897726033
0.4732510288065844,0.9881847475832438,0.016962560367431528
0.4737384140061792,0.9881847475832438,0.01697677258882074
0.4739824832560536,0.9881847475832438,0.017018427564709726
0.4742268041237113,0.9881847475832438,0.017075788478022314
0.4744713769984528,0.9881847475832438,0.01708001563029884
0.47471620227038186,0.9881847475832438,0.017222967589402137
0.47496128033040785,0.9881847475832438,0.01729354931591994
0.47520661157024796,0.9881847475832438,0.017295287859503926
0.4754521963824289,0.9881847475832438,0.017370008798096793
0.4756980351602896,0.9881847475832438,0.01738749946083061
0.47594412829798244,0.9881847475832438,0.017402844159100695
0.47619047619047616,0.9881847475832438,0.017420787126229527
0.47643707923355777,0.9881847475832438,0.01751531304064792
0.47668393782383417,0.9881847475832438,0.017537500792600587
0.4769310523587351,0.9881847475832438,0.017551227598791512
0.47717842323651455,0.9881847475832438,0.017620882433900656
0.4774260508562532,0.9881847475832438,0.01762605263348202
0.47767393561786087,0.9881847475832438,0.01784862272023287
0.4779220779220779,0.9881847475832438,0.01796200400672582
0.4781704781704782,0.9881847475832438,0.017997427253416336
0.4784191367654706,0.9881847475832438,0.0180391958641024
0.4786680541103018,0.9881847475832438,0.018049497376062016
0.4789172306090578,0.9881847475832438,0.01810645638204133
0.4791666666666667,0.9881847475832438,0.018234591697702977
0.4794163626889005,0.9881847475832438,0.018305181844964512
0.4796663190823775,0.9881847475832438,0.018312182833063385
0.47991653625456443,0.9881847475832438,0.01840037793747865
0.4801670146137787,0.9881847475832438,0.01843577256382994
0.4804177545691906,0.9881847475832438,0.018469983772493773
0.48066875653082547,0.9881847475832438,0.018486008229669195
0.48092002090956615,0.9881847475832438,0.018611362364817266
0.4811715481171548,0.9881847475832438,0.01861732911153129
0.48142333856619574,0.9881847475832438,0.018618020106407944
0.4816753926701571,0.9881847475832438,0.01862834510653435
0.4819277108433735,0.9881847475832438,0.018689618432712315
0.48218029350104824,0.9881847475832438,0.018724972050214662
0.4824331410592554,0.9881847475832438,0.01884285262521321
0.4826862539349423,0.9881847475832438,0.018922437112244304
0.48293963254593175,0.9881847475832438,0.019093385351007474
0.4831932773109244,0.9881847475832438,0.019094831502619425
0.4834471886495008,0.9881847475832438,0.019116517787102168
0.48370136698212407,0.9881847475832438,0.019201361514309914
0.48395581273014204,0.9881847475832438,0.019236805272047547
0.4842105263157895,0.9881847475832438,0.019282934871344415
0.48446550816219064,0.9881847475832438,0.01940465146221591
0.48472075869336145,0.9881847475832438,0.019495705675327116
0.4849762783342119,0.9881847475832438,0.019536615379185444
0.48523206751054854,0.9881847475832438,0.019557329614334994
0.48548812664907653,0.9881847475832438,0.01965971496484338
0.4857444561774023,0.9881847475832438,0.01970185051468564
0.4860010565240359,0.9881847475832438,0.01973286575565867
0.48625792811839325,0.9881847475832438,0.01992959063075498
0.4865150713907985,0.9881847475832438,0.020057606766312106
0.48677248677248675,0.9881847475832438,0.02008293120123601
0.48703017469560617,0.9881847475832438,0.02016154339134953
0.4872881355932203,0.9881847475832438,0.020175821762124613
0.48754636989931105,0.9881847475832438,0.020204316142544712
0.4878048780487805,0.9881847475832438,0.020318283297463623
0.4880636604774536,0.9881847475832438,0.020374365405519294
0.4883227176220807,0.9881847475832438,0.020382924862183387
0.4885820499203399,0.9881847475832438,0.020486053249004876
0.48884165781083955,0.9881847475832438,0.02056223708916366
0.4891015417331207,0.9881847475832438,0.020584496129452283
0.48936170212765956,0.9881847475832438,0.02071526385448379
0.48962213943587013,0.9881847475832438,0.02087115393803276
0.4898828541001065,0.9881847475832438,0.020900468884371845
0.49014384656366544,0.9881847475832438,0.02113526769426174
0.4904051172707889,0.9881847475832438,0.021184782938162023
0.49066666666666664,0.9881847475832438,0.02147038973519276
0.49092849519743864,0.9881847475832438,0.021481948106996787
0.49119060331019754,0.9881847475832438,0.021493561087337423
0.49145299145299143,0.9881847475832438,0.021572222673801076
0.4917156600748263,0.9881847475832438,0.02175068876111457
0.4919786096256685,0.9881847475832438,0.021982720497823682
0.4922418405564473,0.9881847475832438,0.022030122938635557
0.4925053533190578,0.9881847475832438,0.022106199085706872
0.49276914836636315,0.9881847475832438,0.02211738832095195
0.4930332261521972,0.9881847475832438,0.02217517991483783
0.4932975871313673,0.9881847475832438,0.02227529696866037
0.49356223175965663,0.9881847475832438,0.022323294827368265
0.49382716049382713,0.9881847475832438,0.022330270982242908
0.4940923737916219,0.9881847475832438,0.022492669970786867
0.49435787211176785,0.9881847475832438,0.02250151911698405
0.4946236559139785,0.9881847475832438,0.022586731883765872
0.49488972565895645,0.9881847475832438,0.02277566456162904
0.4951560818083961,0.9881847475832438,0.022834176550452442
0.49542272482498656,0.9881847475832438,0.022982203887540516
0.4956896551724138,0.9881847475832438,0.022994811030989066
0.49595687331536387,0.9881847475832438,0.023044172151967482
0.4962243797195254,0.9881847475832438,0.023145491373240505
0.496492174851592,0.9881847475832438,0.023145603640214174
0.49676025917926564,0.9881847475832438,0.023207391050540635
0.4970286331712588,0.9881847475832438,0.023487194603009628
0.4972972972972973,0.9881847475832438,0.023813062603585976
0.4975662520281233,0.9881847475832438,0.023816613145941506
0.49783549783549785,0.9881847475832438,0.02386562993998437
0.49810503519220356,0.9881847475832438,0.02390852170575436
0.49837486457204766,0.9881847475832438,0.023911434797443704
0.4986449864498645,0.9881847475832438,0.023918831393817928
0.49891540130151846,0.9881847475832438,0.023929732529822775
0.4991861096039067,0.9881847475832438,0.024005498718385466
0.499457111834962,0.9881847475832438,0.02403513161099821
0.4997284084736556,0.9881847475832438,0.024057308597152712
0.5,0.9881847475832438,0.024074049967788076
0.5002718868950516,0.9881847475832438,0.024370075698837604
0.500544069640914,0.9881847475832438,0.024435772662874822
0.5008165487207403,0.9881847475832438,0.024450506175889467
0.5010893246187363,0.9881847475832438,0.024576084398614282
0.5013623978201635,0.9881847475832438,0.02464188421548745
0.5016357688113413,0.9881847475832438,0.024647855670447662
0.5021834061135371,0.9881847475832438,0.024684493980496845
0.5024576734025122,0.9881847475832438,0.025079151651195793
0.5027322404371585,0.9881847475832438,0.025090436392622185
0.5030071077091307,0.9881847475832438,0.02522586978211091
0.5032822757111597,0.9881847475832438,0.025314956427124957
0.5035577449370553,0.9881847475832438,0.0253408802231704
0.5038335158817087,0.9881847475832438,0.025435945612851264
0.5041095890410959,0.9881847475832438,0.0254547830268881
0.5043859649122807,0.9881847475832438,0.025591747010630706
0.5046626439934174,0.9881847475832438,0.025593683303283123
0.5049396267837541,0.9881847475832438,0.02571083719358945
0.5052169137836353,0.9881847475832438,0.025891134959074497
0.5054945054945055,0.9881847475832438,0.02594929905400929
0.5057724024189115,0.9881847475832438,0.026352821383086502
0.506050605060506,0.9881847475832438,0.02643693817961513
0.5063291139240507,0.9881847475832438,0.02663552212244016
0.5066079295154186,0.9881847475832438,0.026668556986123446
0.5068870523415978,0.9881847475832438,0.026742496104321042
0.5071664829106945,0.9881847475832438,0.026744517521573443
0.507446221731936,0.9881847475832438,0.026746966162698494
0.5077262693156733,0.9881847475832438,0.026862859533552982
0.5080066261733849,0.9881847475832438,0.026974326882256643
0.5082872928176796,0.9881847475832438,0.02709353200273446
0.5085682697622996,0.9881847475832438,0.027248858014200936
0.5088495575221239,0.9881847475832438,0.027281304714547056
0.509131156613171,0.9881847475832438,0.027633564249987544
0.5094130675526024,0.9881847475832438,0.027722843032373407
0.5096952908587258,0.9881847475832438,0.027729374978900528
0.5099778270509978,0.9881847475832438,0.02778417312648303
0.5102606766500277,0.9881847475832438,0.02790212364701636
0.5105438401775805,0.9881847475832438,0.027924055618894685
0.5108273181565797,0.9881847475832438,0.02805461755319724
0.5111111111111111,0.9881847475832438,0.028259522078744513
0.5113952195664258,0.9881847475832438,0.028498838841069185
0.5116796440489433,0.9881847475832438,0.028512025180253125
0.5119643850862549,0.9881847475832438,0.028588785662126536
0.512249443207127,0.9881847475832438,0.02866525312705348
0.5125348189415042,0.9881847475832438,0.028725081002377237
0.5128205128205128,0.9881847475832438,0.02875540519814075
0.5131065253764641,0.9881847475832438,0.02876258718715632
0.5133928571428571,0.9881847475832438,0.028918084750951617
0.513679508654383,0.9881847475832438,0.028988006222746113
0.5139664804469274,0.9881847475832438,0.029000567139289588
0.514253773057574,0.9881847475832438,0.029042804696558986
0.5145413870246085,0.9881847475832438,0.02906941439819909
0.514829322887521,0.9881847475832438,0.029108212273862552
0.5151175811870101,0.9881847475832438,0.02916776186521471
0.5154061624649859,0.9881847475832438,0.029191961932179877
0.515695067264574,0.9881847475832438,0.029325253059473935
0.5159842961301178,0.9881847475832438,0.029354620105571987
0.5162738496071829,0.9881847475832438,0.029427922064513688
0.5165637282425604,0.9881847475832438,0.02947018147392738
0.5168539325842697,0.9881847475832438,0.029715325222775184
0.5171444631815627,0.9881847475832438,0.029787788322964893
0.5174353205849269,0.9881847475832438,0.029903078266741157
0.5177265053460889,0.9881847475832438,0.029928521705549202
0.5180180180180181,0.9881847475832438,0.029961279262825432
0.5183098591549296,0.9881847475832438,0.02997239507858952
0.5186020293122886,0.9881847475832438,0.03003799336367697
0.5188945290468133,0.9881847475832438,0.03004801238315626
0.5191873589164786,0.9881847475832438,0.030069654052383755
0.5194805194805194,0.9881847475832438,0.030282443935360587
0.519774011299435,0.9881847475832438,0.030413802686934537
0.5200678349349915,0.9881847475832438,0.030520658289792082
0.5203619909502263,0.9881847475832438,0.030741733756175765
0.5206564799094511,0.9881847475832438,0.030785509433920877
0.5209513023782559,0.9881847475832438,0.030803981350364756
0.5212464589235127,0.9881847475832438,0.031001162363292797
0.5215419501133787,0.9881847475832438,0.031070354562299413
0.5218377765173,0.9881847475832438,0.03109555170730929
0.5221339387060159,0.9881847475832438,0.031106745162778067
0.5224304372515616,0.9881847475832438,0.031175894475537657
0.5227272727272727,0.9881847475832438,0.031192433071364573
0.5230244457077885,0.9881847475832438,0.031216607695360707
0.5233219567690558,0.9881847475832438,0.031457099938938034
0.5236198064883324,0.9881847475832438,0.031506508686998044
0.5239179954441914,0.9881847475832438,0.031702604699226374
0.5242165242165242,0.9881847475832438,0.031703267087585356
0.5245153933865451,0.9881847475832438,0.031719069607143505
0.5248146035367941,0.9881847475832438,0.0317276660176095
0.5251141552511416,0.9881847475832438,0.03207271929364081
0.5254140491147915,0.9881847475832438,0.03239903717815767
0.5257142857142857,0.9881847475832438,0.032529861644040294
0.5260148656375071,0.9881847475832438,0.03254088657929478
0.5257437070938215,0.9871106337271751,0.0325585006771722
0.526044647967945,0.9871106337271751,0.03265016337990887
0.5263459335624284,0.9871106337271751,0.032821437471631035
0.526647564469914,0.9871106337271751,0.033006724234050114
0.5269495412844036,0.9871106337271751,0.03319456897936512
0.5272518646012622,0.9871106337271751,0.03354014783651523
0.5275545350172216,0.9871106337271751,0.033737684412663164
0.5278575531303848,0.9871106337271751,0.033923879300398745
0.5281609195402299,0.9871106337271751,0.0340355781087107
0.5284646348476135,0.9871106337271751,0.034315668264128435
0.5287686996547756,0.9871106337271751,0.034387072474849546
0.5290731145653426,0.9871106337271751,0.034471355348577135
0.5293778801843319,0.9871106337271751,0.0345718589619655
0.5296829971181556,0.9871106337271751,0.03472345831071232
0.5299884659746251,0.9871106337271751,0.03477973877783298
0.5302942873629544,0.9871106337271751,0.0348021776967562
0.5306004618937644,0.9871106337271751,0.03487281323021674
0.5309069901790873,0.9871106337271751,0.03513212833783033
0.53121387283237,0.9871106337271751,0.035257411329130836
0.5315211104684789,0.9871106337271751,0.0352837191870289
0.5318287037037037,0.9871106337271751,0.035284438254361956
0.5321366531557614,0.9871106337271751,0.0353250849921632
0.5324449594438007,0.9871106337271751,0.035553438482372156
0.5327536231884058,0.9871106337271751,0.03568491734815326
0.5330626450116009,0.9871106337271751,0.03578915575390469
0.5333720255368544,0.9871106337271751,0.03582176246998908
0.5331010452961672,0.9860365198711063,0.03583222387342222
0.5328297501452643,0.9849624060150376,0.03584395993174366
0.5331395348837209,0.9849624060150376,0.035972869649652864
0.5334496800465387,0.9849624060150376,0.03623918800941114
0.5337601862630966,0.9849624060150376,0.036240129423209096
0.5340710541642399,0.9849624060150376,0.036335436175414515
0.5343822843822844,0.9849624060150376,0.03650754953251749
0.5346938775510204,0.9849624060150376,0.03656825451892667
0.5350058343057176,0.9849624060150376,0.036594826520774545
0.535318155283129,0.9849624060150376,0.036651570007030676
0.5356308411214953,0.9849624060150376,0.03665838014875272
0.5359438924605494,0.9849624060150376,0.036682622832750804
0.5362573099415204,0.9849624060150376,0.03693774791649467
0.5365710942071387,0.9849624060150376,0.03718774142334426
0.5368852459016393,0.9849624060150376,0.03750735338958523
0.5371997656707674,0.9849624060150376,0.03760321136619533
0.5375146541617819,0.9849624060150376,0.03763271715570803
0.5378299120234604,0.9849624060150376,0.037637976234910525
0.5381455399061033,0.9849624060150376,0.03826892868551208
0.5384615384615384,0.9849624060150376,0.03840061689112506
0.5387779083431258,0.9849624060150376,0.03914676789195879
0.5390946502057613,0.9849624060150376,0.03931315909943783
0.5394117647058824,0.9849624060150376,0.03932451427444786
0.5397292525014714,0.9849624060150376,0.03974924551647886
0.5400471142520612,0.9849624060150376,0.040021740662660815
0.5403653506187389,0.9849624060150376,0.04040702475637828
0.5406839622641509,0.9849624060150376,0.04066469153473503
0.5410029498525074,0.9849624060150376,0.040939685134476204
0.5413223140495868,0.9849624060150376,0.040966881684126585
0.5416420555227407,0.9849624060150376,0.041526134721507846
0.5419621749408984,0.9849624060150376,0.04156363695483205
0.5422826729745712,0.9849624060150376,0.04158228865322206
0.5426035502958579,0.9849624060150376,0.041595735471119465
0.5429248075784487,0.9849624060150376,0.04166651989104904
0.5432464454976303,0.9849624060150376,0.04169286852284088
0.5435684647302904,0.9849624060150376,0.041813770789377806
0.5438908659549229,0.9849624060150376,0.04192346499772631
0.544213649851632,0.9849624060150376,0.041971841679716154
0.5445368171021377,0.9849624060150376,0.042368423404656456
0.5448603683897801,0.9849624060150376,0.042535579209481277
0.5451843043995244,0.9849624060150376,0.04284170644932547
0.5455086258179654,0.9849624060150376,0.04290568214292863
0.5458333333333333,0.9849624060150376,0.04298092098810014
0.5455628350208458,0.9838882921589689,0.04307771304815894
0.5458879618593564,0.9838882921589689,0.04313107091765771
0.5462134764460346,0.9838882921589689,0.04313117104045886
0.5465393794749404,0.9838882921589689,0.04329438070534347
0.5462686567164179,0.9828141783029001,0.043755752017173515
0.546594982078853,0.9828141783029001,0.04385549222616152
0.5469216975493126,0.9828141783029001,0.04403230846346908
0.5472488038277512,0.9828141783029001,0.04411060960864704
0.547576301615799,0.9828141783029001,0.04443469905869053
0.5479041916167665,0.9828141783029001,0.04453011600747151
0.54823247453565,0.9828141783029001,0.04455602963657527
0.5485611510791367,0.9828141783029001,0.0452406746806253
0.5488902219556089,0.9828141783029001,0.04528853308887789
0.5492196878751501,0.9828141783029001,0.04530019552898284
0.5495495495495496,0.9828141783029001,0.04553722575998995
0.5498798076923077,0.9828141783029001,0.04592027116256167
0.550210463018641,0.9828141783029001,0.04610435522021182
0.5505415162454874,0.9828141783029001,0.0462456473075425
0.5508729680915111,0.9828141783029001,0.04659617341406253
0.5512048192771084,0.9828141783029001,0.0468537818235712
0.5515370705244123,0.9828141783029001,0.04694528878033491
0.5518697225572979,0.9828141783029001,0.047011760577486565
0.552202776101388,0.9828141783029001,0.047023574944170386
0.552536231884058,0.9828141783029001,0.047208793253393964
0.552870090634441,0.9828141783029001,0.04727706082254925
0.5532043530834341,0.9828141783029001,0.047445250171610644
0.5535390199637024,0.9828141783029001,0.04775276322447882
0.5538740920096852,0.9828141783029001,0.04790149978320681
0.5542095699576014,0.9828141783029001,0.04843641243782688
0.5545454545454546,0.9828141783029001,0.04846395777935247
0.5548817465130382,0.9828141783029001,0.04861463424172037
0.5552184466019418,0.9828141783029001,0.04871878582273025
0.5555555555555556,0.9828141783029001,0.048786670861569785
0.5558930741190765,0.9828141783029001,0.04883220451333364
0.5562310030395137,0.9828141783029001,0.04886795185753006
0.5565693430656934,0.9828141783029001,0.04892150788006574
0.5569080949482653,0.9828141783029001,0.04916115986578973
0.5572472594397077,0.9828141783029001,0.04924251823974819
0.5575868372943327,0.9828141783029001,0.04943221088731055
0.5579268292682927,0.9828141783029001,0.04945162263300641
0.5582672361195851,0.9828141783029001,0.0494687124827257
0.5586080586080586,0.9828141783029001,0.0496027351864953
0.5589492974954184,0.9828141783029001,0.049748050939580506
0.5592909535452323,0.9828141783029001,0.04991532941966522
0.5590214067278287,0.9817400644468314,0.050011498396229266
0.5593635250917993,0.9817400644468314,0.05005061162221773
0.5597060624617268,0.9817400644468314,0.050195785248477884
0.5600490196078431,0.9817400644468314,0.05022241131232032
0.5603923973022685,0.9817400644468314,0.050319514308684615
0.5607361963190184,0.9817400644468314,0.05040549140449883
0.5610804174340086,0.9817400644468314,0.05076592893814705
0.5614250614250614,0.9817400644468314,0.050881830792115425
0.5617701290719115,0.9817400644468314,0.050926554518528656
0.5621156211562116,0.9817400644468314,0.05125252983527669
0.5624615384615385,0.9817400644468314,0.051390543057441763
0.562807881773399,0.9817400644468314,0.05139070974567961
0.563154651879236,0.9817400644468314,0.051426691569472605
0.56288532675709,0.9806659505907627,0.05152871226218532
0.5632325724861197,0.9806659505907627,0.05292806907414874
0.5635802469135802,0.9806659505907627,0.05302107705708948
0.5639283508338481,0.9806659505907627,0.05329138067486437
0.5642768850432633,0.9806659505907627,0.053315903937043635
0.564625850340136,0.9806659505907627,0.05342591955859037
0.5649752475247525,0.9806659505907627,0.05370303407424298
0.5653250773993808,0.9806659505907627,0.05416680425646112
0.5656753407682775,0.9806659505907627,0.05487095175504429
0.5660260384376937,0.9806659505907627,0.05500810523402392
0.5663771712158809,0.9806659505907627,0.05563461774660611
0.5667287399130975,0.9806659505907627,0.055783462164545126
0.5670807453416149,0.9806659505907627,0.05579076275725665
0.5674331883157241,0.9806659505907627,0.05583072319504836
0.5677860696517413,0.9806659505907627,0.05603463905754467
0.568139390168015,0.9806659505907627,0.05605860573277282
0.5684931506849316,0.9806659505907627,0.056072010941547124
0.5688473520249221,0.9806659505907627,0.05618308475212529
0.5692019950124688,0.9806659505907627,0.056392847443111536
0.569557080474111,0.9806659505907627,0.05653070543934484
0.5699126092384519,0.9806659505907627,0.05664371004796085
0.5702685821361649,0.9806659505907627,0.056865454052011974
0.570625,0.9806659505907627,0.05696147647301748
0.5709818636647905,0.9806659505907627,0.0571377212503438
0.5713391739674594,0.9806659505907627,0.057375940320178995
0.5716969317470256,0.9806659505907627,0.05802092645304448
0.5720551378446115,0.9806659505907627,0.0580600730003366
0.5724137931034483,0.9806659505907627,0.058145016845281006
0.5727728983688833,0.9806659505907627,0.05903973321995317
0.5731324544883867,0.9806659505907627,0.05921051927986916
0.5734924623115578,0.9806659505907627,0.0593469958141484
0.573852922690132,0.9806659505907627,0.05964606125977674
0.5742138364779874,0.9806659505907627,0.05984275115683699
0.5745752045311516,0.9806659505907627,0.0600661276511863
0.5749370277078085,0.9806659505907627,0.06017044268369266
0.575299306868305,0.9806659505907627,0.06025040246879706
0.5756620428751577,0.9806659505907627,0.06043135496556837
0.5753943217665615,0.9795918367346939,0.060721458018873034
0.5761212886923562,0.9795918367346939,0.06078595104141353
0.5764854614412137,0.9795918367346939,0.0610094251464933
0.5768500948766604,0.9795918367346939,0.061159538459671633
0.5772151898734177,0.9795918367346939,0.061263343410723564
0.577580747308423,0.9795918367346939,0.06157416280213
0.5779467680608364,0.9795918367346939,0.06160433085500804
0.5783132530120482,0.9795918367346939,0.06168101257768632
0.5786802030456852,0.9795918367346939,0.0617699790092099
0.579047619047619,0.9795918367346939,0.06185122340446178
0.579415501905972,0.9795918367346939,0.06193622213938985
0.5797838525111252,0.9795918367346939,0.06213577333483823
0.5801526717557252,0.9795918367346939,0.062243359089018784
0.5805219605346913,0.9795918367346939,0.06261647415646755
0.5808917197452229,0.9795918367346939,0.06298371833908588
0.5812619502868069,0.9795918367346939,0.06333789725261674
0.5816326530612245,0.9795918367346939,0.06335085787625341
0.5813656668793874,0.9785177228786252,0.06357539416446467
0.5817369093231162,0.9785177228786252,0.06391966643103117
0.582108626198083,0.9785177228786252,0.06400252236131
0.5818414322250639,0.9774436090225563,0.06403376114267754
0.582213691618682,0.9774436090225563,0.0641524206002935
0.5825864276568502,0.9774436090225563,0.06428648683715196
0.5823190262652146,0.9763694951664876,0.06440215673188628
0.5820512820512821,0.9752953813104189,0.06457420945644254
0.5824246311738294,0.9752953813104189,0.06465801741468405
0.582798459563543,0.9752953813104189,0.06489165005319417
0.5831727681438664,0.9752953813104189,0.06533763206613008
0.583547557840617,0.9752953813104189,0.0659000751440073
0.5832797427652733,0.9742212674543501,0.06680645023193882
0.583011583011583,0.9731471535982814,0.06683683761028596
0.583386992916935,0.9731471535982814,0.06683864956043772
0.5837628865979382,0.9731471535982814,0.0668460519401121
0.5841392649903289,0.9731471535982814,0.06701891203394894
0.584516129032258,0.9731471535982814,0.06725720544501769
0.5848934796642995,0.9731471535982814,0.06736793677654039
0.5852713178294574,0.9731471535982814,0.06761432917431241
0.5850032320620556,0.9720730397422127,0.06761815627165252
0.5853816300129366,0.9720730397422127,0.06771097526127999
0.5857605177993528,0.9720730397422127,0.06793464260729032
0.586139896373057,0.9720730397422127,0.06857648943530041
0.5865197666882696,0.9720730397422127,0.06865330312961446
0.5869001297016861,0.9720730397422127,0.06876837229966792
0.5872809863724854,0.9720730397422127,0.06881296443617245
0.5876623376623377,0.9720730397422127,0.06891976641878177
0.5880441845354126,0.9720730397422127,0.0690184784232754
0.5884265279583876,0.9720730397422127,0.06911076857705847
0.5888093689004554,0.9720730397422127,0.06917573174118248
0.5891927083333334,0.9720730397422127,0.0697969620921215
0.5895765472312704,0.9720730397422127,0.06989017184391913
0.589960886571056,0.9720730397422127,0.06995647259514291
0.5903457273320287,0.9720730397422127,0.07024546963514033
0.5907310704960835,0.9720730397422127,0.07223434200981363
0.5911169170476812,0.9720730397422127,0.07233294036203397
0.5915032679738562,0.9720730397422127,0.07238069887715043
0.5918901242642249,0.9720730397422127,0.07239825025656034
0.5922774869109948,0.9720730397422127,0.07311718591296824
0.5926653569089718,0.9720730397422127,0.07339201808856434
0.5930537352555701,0.9720730397422127,0.07368022245724613
0.5934426229508196,0.9720730397422127,0.07383828381857735
0.5938320209973753,0.9720730397422127,0.07426097643640435
0.5942219304005253,0.9720730397422127,0.07443173912417222
0.5946123521681997,0.9720730397422127,0.07490573200352278
0.5950032873109796,0.9720730397422127,0.07498484661875837
0.5953947368421053,0.9720730397422127,0.07553763314932621
0.5957867017774852,0.9720730397422127,0.07574990505457213
0.5961791831357048,0.9720730397422127,0.07608475301879802
0.5965721819380356,0.9720730397422127,0.07630225156223824
0.5969656992084432,0.9720730397422127,0.07677198999237671
0.5973597359735974,0.9720730397422127,0.07699139393966466
0.5977542932628798,0.9720730397422127,0.07709071088454031
0.5981493721083939,0.9720730397422127,0.07748171413072093
0.5985449735449735,0.9720730397422127,0.07751142491283382
0.598941098610192,0.9720730397422127,0.07771115478766169
0.5993377483443708,0.9720730397422127,0.07809129657084131
0.5997349237905898,0.9720730397422127,0.07830194419507434
0.600132625994695,0.9720730397422127,0.0789849387529025
0.6005308560053085,0.9720730397422127,0.07904773525740744
0.600929614873838,0.9720730397422127,0.0790916186169561
0.6013289036544851,0.9720730397422127,0.07912408759664062
0.6017287234042553,0.9720730397422127,0.07920114376767563
0.6014637391882901,0.9709989258861439,0.07943859591011965
0.6011984021304927,0.9699248120300752,0.07947725661384135
0.6015989340439707,0.9699248120300752,0.07956344190830482
0.602,0.9699248120300752,0.08043143650061699
0.6024016010673783,0.9699248120300752,0.08049514123868788
0.6021361815754339,0.9688506981740065,0.08075147384754364
0.6025384101536406,0.9688506981740065,0.08093786648985116
0.6029411764705882,0.9688506981740065,0.08098021927733318
0.6033444816053511,0.9688506981740065,0.08124035786356894
0.6037483266398929,0.9688506981740065,0.08183699210468538
0.6041527126590757,0.9688506981740065,0.08187594354887928
0.6045576407506702,0.9688506981740065,0.08190995147076792
0.6049631120053656,0.9688506981740065,0.08221941449360894
0.6053691275167785,0.9688506981740065,0.08238156924595795
0.6057756883814641,0.9688506981740065,0.08238820172604669
0.6061827956989247,0.9688506981740065,0.08247833657519524
0.6065904505716208,0.9688506981740065,0.08262123449268141
0.6069986541049798,0.9688506981740065,0.08334662149007149
0.6074074074074074,0.9688506981740065,0.08375532841000864
0.6078167115902965,0.9688506981740065,0.08380015363142372
0.6075522589345921,0.9677765843179377,0.08445414516633411
0.6079622132253711,0.9677765843179377,0.08459461283876697
0.6083727211343687,0.9677765843179377,0.08488601431233801
0.6087837837837838,0.9677765843179377,0.08527142670370452
0.6091954022988506,0.9677765843179377,0.08572101934329278
0.6096075778078485,0.9677765843179377,0.08588864464606516
0.6100203114421124,0.9677765843179377,0.08624385154595963
0.6104336043360433,0.9677765843179377,0.0864516120509526
0.6108474576271187,0.9677765843179377,0.0865052781215416
0.6112618724559024,0.9677765843179377,0.08744824142243944
0.6116768499660556,0.9677765843179377,0.08776029352521299
0.6120923913043478,0.9677765843179377,0.08779775778738355
0.6125084976206662,0.9677765843179377,0.08784446859034609
0.6129251700680272,0.9677765843179377,0.08807117741743566
0.6133424098025868,0.9677765843179377,0.0881255743433823
0.6137602179836512,0.9677765843179377,0.08815344738855477
0.6141785957736878,0.9677765843179377,0.08833685776813618
0.6145975443383356,0.9677765843179377,0.08864209854412368
0.6150170648464164,0.9677765843179377,0.08902193237734563
0.6147540983606558,0.966702470461869,0.08934472213865574
0.6151742993848257,0.966702470461869,0.08952230735512898
0.615595075239398,0.966702470461869,0.08952806767324943
0.6160164271047228,0.966702470461869,0.09099982598033819
0.6164383561643836,0.966702470461869,0.09117209588374865
0.6168608636052091,0.966702470461869,0.09132602137846532
0.6172839506172839,0.966702470461869,0.09137370445923243
0.6177076183939602,0.966702470461869,0.09147639098535813
0.617445054945055,0.9656283566058003,0.09160303475507564
0.6178694158075602,0.9656283566058003,0.09169710785653576
0.6182943603851444,0.9656283566058003,0.09184273976347904
0.6187198898830006,0.9656283566058003,0.09187947463319175
0.6191460055096418,0.9656283566058003,0.09188800283976992
0.6195727084769125,0.9656283566058003,0.09193228290461691
0.62,0.9656283566058003,0.09215210670337866
0.6204278812974465,0.9656283566058003,0.09250254939686932
0.6208563535911602,0.9656283566058003,0.09292781730301024
0.6212854181064271,0.9656283566058003,0.09330305039942753
0.6214532871972318,0.9645542427497314,0.0933767390318813
0.6218836565096952,0.9645542427497314,0.09354419779855598
0.6223146223146223,0.9645542427497314,0.09368933838836115
0.6227461858529819,0.9645542427497314,0.09447533424586538
0.6231783483691881,0.9645542427497314,0.09557215698402276
0.6236111111111111,0.9645542427497314,0.09570391537850606
0.6240444753300903,0.9645542427497314,0.0957878238480797
0.6244784422809457,0.9645542427497314,0.09608743009391249
0.6246518105849582,0.9634801288936627,0.09640877657835051
0.6250871080139373,0.9634801288936627,0.09695939277028806
0.6255230125523012,0.9634801288936627,0.09708507349428555
0.6259595254710397,0.9634801288936627,0.09794875695290495
0.6263966480446927,0.9634801288936627,0.09814864353598514
0.6268343815513627,0.9634801288936627,0.09850098076073471
0.6272727272727273,0.9634801288936627,0.09856569395383025
0.6277116864940517,0.9634801288936627,0.09888354641585702
0.6281512605042017,0.9634801288936627,0.09898371655604012
0.6285914505956552,0.9634801288936627,0.09919491049792438
0.6290322580645161,0.9634801288936627,0.09920118341049132
0.6294736842105263,0.9634801288936627,0.09941982679633402
0.6299157303370787,0.9634801288936627,0.09956224674672909
0.6303583977512298,0.9634801288936627,0.09994290396229065
0.630801687763713,0.9634801288936627,0.10037777289041322
0.6312456016889515,0.9634801288936627,0.10051622913699032
0.6316901408450705,0.9634801288936627,0.1005693183123823
0.6321353065539113,0.9634801288936627,0.10081499187066073
0.6325811001410437,0.9634801288936627,0.10131537965127825
0.6330275229357798,0.9634801288936627,0.10132302854727222
0.6334745762711864,0.9634801288936627,0.10141969112509923
0.6332155477031802,0.9624060150375939,0.10173122101224241
0.6336633663366337,0.9624060150375939,0.10218158845729118
0.6341118188251946,0.9624060150375939,0.1022528755618405
0.6345609065155807,0.9624060150375939,0.10268093962091257
0.6350106307583274,0.9624060150375939,0.10299177379310069
0.6354609929078014,0.9624060150375939,0.1033549116179087
0.6359119943222143,0.9624060150375939,0.10444096974502484
0.6363636363636364,0.9624060150375939,0.10458944616951447
0.6368159203980099,0.9624060150375939,0.10552644143853727
0.6372688477951636,0.9624060150375939,0.10564494102983091
0.6377224199288256,0.9624060150375939,0.10577235566486273
0.6381766381766382,0.9624060150375939,0.10596168782219557
0.6386315039201711,0.9624060150375939,0.10689186927942766
0.6390870185449358,0.9624060150375939,0.10717423131289978
0.6388294075660242,0.9613319011815252,0.10745298112998004
0.6392857142857142,0.9613319011815252,0.1079084525127977
0.6397426733380986,0.9613319011815252,0.10796761801894701
0.6402002861230329,0.9613319011815252,0.10859238812677395
0.6399427344309234,0.9602577873254565,0.10861185474748863
0.6404011461318052,0.9602577873254565,0.10881285540060832
0.6401433691756272,0.9591836734693877,0.10886629839801769
0.6398852223816356,0.958109559613319,0.10921319137794919
0.6403445800430725,0.958109559613319,0.11077193881186478
0.6408045977011494,0.958109559613319,0.11093487129249434
0.6412652767792955,0.958109559613319,0.11171032546414339
0.6410071942446043,0.9570354457572503,0.11211661886575891
0.6414686825053996,0.9570354457572503,0.11244684126559915
0.6419308357348703,0.9570354457572503,0.11260397954789599
0.6428571428571429,0.9570354457572503,0.11317555421083886
0.6437861271676301,0.9570354457572503,0.11335412896331068
0.64352856109906,0.9559613319011815,0.11343704763845973
0.6439942112879884,0.9559613319011815,0.11422329049734944
0.6444605358435916,0.9559613319011815,0.11434544275520821
0.644927536231884,0.9559613319011815,0.1147318466935866
0.6458635703918723,0.9559613319011815,0.11587742222801088
0.6463326071169209,0.9559613319011815,0.11613275785113417
0.6468023255813954,0.9559613319011815,0.11619843159529636
0.6472727272727272,0.9559613319011815,0.11630856746108546
0.6477438136826783,0.9559613319011815,0.11634497116727262
0.6474872541879096,0.9548872180451128,0.11646379593229278
0.6479591836734694,0.9548872180451128,0.11888004097539676
0.6484318016046682,0.9548872180451128,0.11894596103211567
0.6481751824817519,0.9538131041890441,0.11998831643135473
0.6486486486486487,0.9538131041890441,0.1201239100685223
0.6491228070175439,0.9538131041890441,0.12074375335055261
0.6495976591075348,0.9538131041890441,0.12112865622967645
0.6500732064421669,0.9538131041890441,0.1213397630150854
0.6505494505494506,0.9538131041890441,0.12136879237499822
0.6510263929618768,0.9538131041890441,0.12137093285929389
0.6515040352164343,0.9538131041890441,0.12211990032294127
0.6519823788546255,0.9538131041890441,0.1222807678666194
0.6517266715650257,0.9527389903329753,0.12236087299077571
0.6522058823529412,0.9527389903329753,0.1223716774686774
0.6526857983811626,0.9527389903329753,0.12254614277833244
0.6524300441826215,0.9516648764769066,0.12292190527612804
0.6529108327192336,0.9516648764769066,0.12364839052010133
0.6533923303834809,0.9516648764769066,0.1237540222352939
0.654357459379616,0.9516648764769066,0.12434688982874202
0.6548410938654841,0.9516648764769066,0.1248608846857922
0.6545857988165681,0.9505907626208379,0.12570453072349497
0.6543301258327165,0.949516648764769,0.12619076410888933
0.6548148148148148,0.949516648764769,0.1266356194283706
0.6553002223869533,0.949516648764769,0.12738374844270875
0.655786350148368,0.949516648764769,0.12784716440380167
0.6562731997030438,0.949516648764769,0.12804571867244666
0.6567607726597325,0.949516648764769,0.12833917990188826
0.6565055762081784,0.9484425349087003,0.1284875705792147
0.65625,0.9473684210526315,0.12943578049422338
0.655994043186895,0.9462943071965628,0.1296552426253176
0.6564828614008942,0.9462943071965628,0.13017498656971443
0.656972408650261,0.9462943071965628,0.13047506520275787
0.6567164179104478,0.9452201933404941,0.13065287951428894
0.6572068707991038,0.9452201933404941,0.1307519949016977
0.6576980568011959,0.9452201933404941,0.13107060008508425
0.6581899775617053,0.9452201933404941,0.13125107628818333
0.6586826347305389,0.9452201933404941,0.13259742113448972
0.658920539730135,0.9441460794844253,0.13278347380307148
0.6594148537134283,0.9441460794844253,0.1331438149339799
0.6599099099099099,0.9441460794844253,0.1343219588408956
0.6604057099924868,0.9441460794844253,0.1348025624508213
0.6609022556390978,0.9441460794844253,0.13545575320184225
0.6613995485327314,0.9441460794844253,0.13571745366529642
0.6618975903614458,0.9441460794844253,0.13595639099528328
0.6623963828183873,0.9441460794844253,0.13821104712767868
0.6628959276018099,0.9441460794844253,0.13871412975087882
0.6633962264150943,0.9441460794844253,0.13959495210216233
0.6631419939577039,0.9430719656283566,0.14059590384141607
0.6636432350718064,0.9430719656283566,0.1411893487711088
0.6641452344931922,0.9430719656283566,0.1421569996100591
0.6646479939439819,0.9430719656283566,0.14340364213238466
0.6651515151515152,0.9430719656283566,0.14388814015720955
0.6648976497346475,0.9419978517722879,0.14405559080694144
0.665402124430956,0.9419978517722879,0.1445202531660115
0.665907365223994,0.9419978517722879,0.14483849361165035
0.6664133738601824,0.9419978517722879,0.14539097592882927
0.6669201520912548,0.9419978517722879,0.14548024571511303
0.667427701674277,0.9419978517722879,0.14552903344863238
0.667936024371668,0.9419978517722879,0.14556447697328542
0.6684451219512195,0.9419978517722879,0.14561915787484953
0.6689549961861174,0.9419978517722879,0.14607549191425376
0.6694656488549618,0.9419978517722879,0.14635173555549588
0.6697247706422018,0.9409237379162191,0.14644968968337885
0.6694720734506503,0.9398496240601504,0.14732212865187175
0.6699846860643185,0.9398496240601504,0.14751493561041273
0.6704980842911877,0.9398496240601504,0.14799124372943037
0.6702453987730062,0.9387755102040817,0.14815471884196005
0.6707597851112816,0.9387755102040817,0.1483261581598686
0.6712749615975423,0.9387755102040817,0.14853583003516965
0.6717909300538047,0.9387755102040817,0.1494840060051466
0.6723076923076923,0.9387755102040817,0.15050069579283226
0.6728252501924558,0.9387755102040817,0.15073238523588026
0.6733436055469953,0.9387755102040817,0.15095133296978672
0.6738627602158828,0.9387755102040817,0.15154117386725133
0.6743827160493827,0.9387755102040817,0.15169402908086818
0.6741312741312742,0.9377013963480129,0.15247833892261536
0.6746522411128284,0.9377013963480129,0.15259666871511704
0.6751740139211136,0.9377013963480129,0.1529010493327493
0.6756965944272446,0.9377013963480129,0.153767975809633
0.6762199845081333,0.9377013963480129,0.15436128750811184
0.6767441860465117,0.9377013963480129,0.15443300952360264
0.6772692009309542,0.9377013963480129,0.15666645689774855
0.6777950310559007,0.9377013963480129,0.15713407145106464
0.6775446775446775,0.9366272824919442,0.15806029892858348
0.6780715396578538,0.9366272824919442,0.15845426659533682
0.6785992217898833,0.9366272824919442,0.1585015557012572
0.6791277258566978,0.9366272824919442,0.15880826819304167
0.6788776305533905,0.9355531686358755,0.15907971800236115
0.6786271450858035,0.9344790547798066,0.16033346391220513
0.6791569086651054,0.9344790547798066,0.1603974876015554
0.6796875,0.9344790547798066,0.16090424251629765
0.6802189210320563,0.9344790547798066,0.16092144629731714
0.6807511737089202,0.9344790547798066,0.16102254814788047
0.6812842599843383,0.9344790547798066,0.1615677315382502
0.6818181818181818,0.9344790547798066,0.16166365167990523
0.6823529411764706,0.9344790547798066,0.1623127267968504
0.6828885400313972,0.9344790547798066,0.1626752277634181
0.6834249803613511,0.9344790547798066,0.1628388789259094
0.6831761006289309,0.9334049409237379,0.1629958424744806
0.6837136113296617,0.9334049409237379,0.16346943260181002
0.684251968503937,0.9334049409237379,0.16390776014045277
0.6847911741528763,0.9334049409237379,0.16413247174898854
0.6845425867507886,0.9323308270676691,0.16437250838406753
0.6850828729281768,0.9323308270676691,0.16453776462638753
0.6856240126382307,0.9323308270676691,0.16453899401105154
0.6861660079051384,0.9323308270676691,0.16479655541918198
0.6867088607594937,0.9323308270676691,0.16489394483754286
0.6872525732383215,0.9323308270676691,0.16576978082668684
0.687797147385103,0.9323308270676691,0.1684603543851685
0.6883425852498017,0.9323308270676691,0.17024477496548618
0.6894360603653693,0.9323308270676691,0.17066827875641538
0.6899841017488076,0.9323308270676691,0.17119629666605543
0.6897374701670644,0.9312567132116004,0.1721958789578055
0.6894904458598726,0.9301825993555317,0.1740073341294508
0.6900398406374502,0.9301825993555317,0.1741256665783807
0.6905901116427432,0.9301825993555317,0.17412658967564734
0.6911412609736632,0.9301825993555317,0.17420977246287178
0.6916932907348243,0.9301825993555317,0.17511507718800823
0.6922462030375699,0.9301825993555317,0.17583476953591143
0.6928,0.9301825993555317,0.1761941610670008
0.6933546837469976,0.9301825993555317,0.1762480664402515
0.6939102564102564,0.9301825993555317,0.17706527719542675
0.6936647955092221,0.9291084854994629,0.17842173788535867
0.6942215088282504,0.9291084854994629,0.1791839309706877
0.6947791164658634,0.9291084854994629,0.17928613306483382
0.6945337620578779,0.9280343716433942,0.17944260967401754
0.6950925181013676,0.9280343716433942,0.1808761337111672
0.6956521739130435,0.9280343716433942,0.1817206042021446
0.6962127316680097,0.9280343716433942,0.1826773837625781
0.6967741935483871,0.9280343716433942,0.18350476776533214
0.6973365617433414,0.9280343716433942,0.18379814056672109
0.6978998384491115,0.9280343716433942,0.18391986415950737
0.698464025869038,0.9280343716433942,0.18532707828027234
0.698220064724919,0.9269602577873255,0.18633264693065815
0.6987854251012146,0.9269602577873255,0.18634741578071573
0.6993517017828201,0.9269602577873255,0.18672636217500566
0.699918896999189,0.9269602577873255,0.18806801967010806
0.700487012987013,0.9269602577873255,0.18822480578396736
0.7002437043054427,0.9258861439312567,0.18825493996983517
0.7008130081300813,0.9258861439312567,0.18834629575524064
0.7013832384052074,0.9258861439312567,0.1889552059377558
0.7019543973941368,0.9258861439312567,0.189261971774058
0.7017114914425427,0.924812030075188,0.18989253667882186
0.702283849918434,0.924812030075188,0.19153773989084918
0.7020408163265306,0.9237379162191193,0.19194973967952128
0.7026143790849673,0.9237379162191193,0.19196383286315227
0.7031888798037612,0.9237379162191193,0.1922426498045702
0.7037643207855974,0.9237379162191193,0.19385779050613622
0.7043407043407044,0.9237379162191193,0.19411552261294696
0.7049180327868853,0.9237379162191193,0.195324286457359
0.7054963084495488,0.9237379162191193,0.1965100018690103
0.7052545155993432,0.9226638023630505,0.1965423827203897
0.7058340180772391,0.9226638023630505,0.19878496180846156
0.7055921052631579,0.9215896885069818,0.20009889291744257
0.7061728395061728,0.9215896885069818,0.20069837272491253
0.7067545304777595,0.9215896885069818,0.20158844743071888
0.7073371805441055,0.9215896885069818,0.2022685270021758
0.7079207920792079,0.9215896885069818,0.20359815334450182
0.708505367464905,0.9215896885069818,0.20446829733336835
0.7090909090909091,0.9215896885069818,0.20509863785041688
0.7088502894954508,0.920515574650913,0.20549173542645588
0.7086092715231788,0.9194414607948442,0.20557999063393576
0.7091963545981773,0.9194414607948442,0.2058738357323726
0.7097844112769486,0.9194414607948442,0.20594894427366006
0.7095435684647303,0.9183673469387755,0.20724085234588763
0.7101328903654485,0.9183673469387755,0.20730651284542936
0.7107231920199502,0.9183673469387755,0.20764252246693438
0.7113144758735441,0.9183673469387755,0.20829679037182489
0.7119067443796836,0.9183673469387755,0.20932367824769893
0.7125,0.9183673469387755,0.21061665456576462
0.713094245204337,0.9183673469387755,0.21082914710669676
0.7136894824707847,0.9183673469387755,0.211701859663196
0.7142857142857143,0.9183673469387755,0.21398488360215562
0.7140468227424749,0.9172932330827067,0.2140609810276407
0.7146443514644352,0.9172932330827067,0.21468627302672844
0.7152428810720268,0.9172932330827067,0.21555972802052611
0.7158424140821459,0.9172932330827067,0.2163389484144846
0.7164429530201343,0.9172932330827067,0.21671720877130066
0.7170445004198153,0.9172932330827067,0.21779659238944504
0.7176470588235294,0.9172932330827067,0.21779937212405284
0.7182506307821699,0.9172932330827067,0.21867863974237278
0.7188552188552189,0.9172932330827067,0.21868638791998896
0.7194608256107835,0.9172932330827067,0.22232973914736054
0.7200674536256324,0.9172932330827067,0.22352209811243245
0.719831223628692,0.916219119226638,0.22375867118146514
0.7204391891891891,0.916219119226638,0.2240465843991763
0.7202028740490279,0.9151450053705693,0.22608646251199294
0.7199661590524534,0.9140708915145005,0.2266235166658292
0.720575783234547,0.9140708915145005,0.22677290797972954
0.7211864406779661,0.9140708915145005,0.2269837402774532
0.720949957591179,0.9129967776584318,0.22713471391960754
0.7215619694397284,0.9129967776584318,0.2271603629752606
0.7221750212404418,0.9129967776584318,0.22927680005518147
0.7227891156462585,0.9129967776584318,0.2299656256507847
0.723404255319149,0.9129967776584318,0.2301707278221215
0.7240204429301533,0.9129967776584318,0.23100502685604607
0.7246376811594203,0.9129967776584318,0.2311451548260729
0.7244027303754266,0.9119226638023631,0.23133954164342183
0.7250213492741246,0.9119226638023631,0.2318333870640257
0.7247863247863248,0.9108485499462943,0.23226049386362174
0.7245508982035929,0.9097744360902256,0.23238608050173049
0.7251712328767124,0.9097744360902256,0.23240753125662966
0.7257926306769494,0.9097744360902256,0.23252164611590553
0.725557461406518,0.9087003222341569,0.23575952494154256
0.7253218884120172,0.907626208378088,0.2360357444343044
0.7250859106529209,0.9065520945220193,0.2374112597541454
0.7257093723129837,0.9065520945220193,0.2384532179105051
0.725473321858864,0.9054779806659506,0.24006881447510287
0.7260981912144703,0.9054779806659506,0.2403110897451086
0.7258620689655172,0.9044038668098818,0.24035178200699853
0.72648835202761,0.9044038668098818,0.2407786469947906
0.7271157167530224,0.9044038668098818,0.24238516467103308
0.7268798617113224,0.9033297529538131,0.2424211752081326
0.726643598615917,0.9022556390977443,0.24315708349993811
0.7272727272727273,0.9022556390977443,0.24336802800928128
0.7279029462738301,0.9022556390977443,0.24455737068451616
0.7285342584562012,0.9022556390977443,0.24538791277779898
0.7291666666666666,0.9022556390977443,0.24583786389954324
0.7298001737619462,0.9022556390977443,0.2467870343618868
0.7304347826086957,0.9022556390977443,0.24818935655187985
0.7310704960835509,0.9022556390977443,0.2497070455870929
0.7317073170731707,0.9022556390977443,0.25208443053331797
0.7323452484742807,0.9022556390977443,0.2536747682205015
0.7321116928446771,0.9011815252416756,0.25401352776812725
0.7327510917030567,0.9011815252416756,0.2542998300025277
0.7333916083916084,0.9011815252416756,0.2549555753456072
0.7340332458442694,0.9011815252416756,0.2558232427710535
0.7346760070052539,0.9011815252416756,0.25632270218419767
0.7344434706397897,0.9001074113856069,0.25735737984439455
0.7342105263157894,0.8990332975295381,0.2589491944645347
0.7339771729587358,0.8979591836734694,0.2600626559355251
0.7346221441124781,0.8979591836734694,0.2626228074798102
0.7352682497801232,0.8979591836734694,0.2633153642155303
0.7359154929577465,0.8979591836734694,0.26442268669024815
0.7365638766519824,0.8979591836734694,0.26586423506929646
0.7372134038800705,0.8979591836734694,0.2659967680262091
0.7378640776699029,0.8979591836734694,0.2673371771678684
0.7385159010600707,0.8979591836734694,0.26804539273838385
0.7391688770999116,0.8979591836734694,0.27175895212240836
0.7389380530973452,0.8968850698174007,0.2722302315175006
0.7395925597874224,0.8968850698174007,0.2723442536813165
0.7402482269503546,0.8968850698174007,0.2734573140321587
0.7400177462289264,0.8958109559613319,0.2734670068001361
0.7406749555950266,0.8958109559613319,0.27411451454751423
0.7413333333333333,0.8958109559613319,0.27449959272116986
0.7419928825622776,0.8958109559613319,0.27695057634219616
0.742653606411398,0.8958109559613319,0.277362637397415
0.7433155080213903,0.8958109559613319,0.27800531606367057
0.743978590544157,0.8958109559613319,0.27848317626447294
0.7446428571428572,0.8958109559613319,0.2785388481107809
0.7453083109919572,0.8958109559613319,0.2785748545502998
0.7459749552772809,0.8958109559613319,0.279806886960923
0.7466427931960609,0.8958109559613319,0.2801351108384124
0.7473118279569892,0.8958109559613319,0.28102840673958307
0.747982062780269,0.8958109559613319,0.28116958714941825
0.748653500897666,0.8958109559613319,0.28228513552891477
0.7493261455525606,0.8958109559613319,0.2835013536961182
0.75,0.8958109559613319,0.285804758509915
0.7506750675067507,0.8958109559613319,0.2866832972146368
0.7513513513513513,0.8958109559613319,0.28706535205673267
0.7520288548241659,0.8958109559613319,0.2895364913709053
0.7527075812274369,0.8958109559613319,0.291484474820276
0.7533875338753387,0.8958109559613319,0.29151876422960366
0.7531645569620253,0.8947368421052632,0.2918363281251375
0.7538461538461538,0.8947368421052632,0.2922027501788919
0.7536231884057971,0.8936627282491945,0.29261783145467934
0.7543064369900272,0.8936627282491945,0.2942363892332596
0.7540834845735027,0.8925886143931256,0.29429211759700663
0.7547683923705722,0.8925886143931256,0.294733172210274
0.7545454545454545,0.8915145005370569,0.2952454710241652
0.7543221110100091,0.8904403866809882,0.2958480812957779
0.7550091074681239,0.8904403866809882,0.2960604234365412
0.7556973564266181,0.8904403866809882,0.296871431290047
0.7554744525547445,0.8893662728249194,0.2974667906677555
0.7561643835616438,0.8893662728249194,0.297501225248937
0.7568555758683729,0.8893662728249194,0.2975297779009076
0.757548032936871,0.8893662728249194,0.30014155686610855
0.7573260073260073,0.8882921589688507,0.3007812274928133
0.7580201649862511,0.8882921589688507,0.30177621447146485
0.7587155963302752,0.8882921589688507,0.3019856862361388
0.7594123048668503,0.8882921589688507,0.3031934495428753
0.7591911764705882,0.8872180451127819,0.30399881372041077
0.7589696412143514,0.8861439312567132,0.3040363699333293
0.7596685082872928,0.8861439312567132,0.3041623455923351
0.7603686635944701,0.8861439312567132,0.30454642799994797
0.761070110701107,0.8861439312567132,0.3047587691791586
0.7608494921514312,0.8850698174006445,0.3053833036416515
0.7615526802218114,0.8850698174006445,0.30607369025626363
0.7622571692876966,0.8850698174006445,0.30656753740451315
0.762962962962963,0.8850698174006445,0.3075635852913346
0.7636700648748842,0.8850698174006445,0.30826847882968067
0.7634508348794063,0.8839957035445757,0.30852277823638297
0.7632311977715878,0.882921589688507,0.3091238887120858
0.7639405204460966,0.882921589688507,0.30914276241161975
0.7646511627906977,0.882921589688507,0.3092313147683363
0.7653631284916201,0.882921589688507,0.3115796469880722
0.7651444547996272,0.8818474758324383,0.31217175183824514
0.7658582089552238,0.8818474758324383,0.31228818015191634
0.7665732959850607,0.8818474758324383,0.31254505298907737
0.7672897196261682,0.8818474758324383,0.31258027919778963
0.7680074836295603,0.8818474758324383,0.31337679066595403
0.7687265917602997,0.8818474758324383,0.31381903661757293
0.7694470477975632,0.8818474758324383,0.314663204667309
0.7701688555347092,0.8818474758324383,0.31495269317361224
0.7708920187793428,0.8818474758324383,0.31716393072482135
0.7716165413533834,0.8818474758324383,0.3182963216622471
0.7723424270931326,0.8818474758324383,0.3187595440750913
0.7721280602636534,0.8807733619763695,0.3187960022889079
0.7728557964184731,0.8807733619763695,0.3197447320077923
0.7735849056603774,0.8807733619763695,0.3198824442680532
0.774102079395085,0.8796992481203008,0.3203937531563854
0.7748344370860927,0.8796992481203008,0.32050283346399555
0.7755681818181818,0.8796992481203008,0.32086244602924957
0.776303317535545,0.8796992481203008,0.3209227775796561
0.7760910815939279,0.878625134264232,0.32211914585282486
0.7768281101614435,0.878625134264232,0.322563811133599
0.7775665399239544,0.878625134264232,0.3230949721347932
0.7783063748810657,0.878625134264232,0.3234713764279852
0.7790476190476191,0.878625134264232,0.3243548781803319
0.7786259541984732,0.8764769065520945,0.3251016163403754
0.778414517669532,0.8754027926960258,0.32518617128983807
0.7782026768642447,0.874328678839957,0.3254848428445468
0.7789473684210526,0.874328678839957,0.32638377643754196
0.7796934865900383,0.874328678839957,0.3264744024926386
0.7804410354745925,0.874328678839957,0.3266009685678474
0.781190019193858,0.874328678839957,0.3268605563378383
0.781940441882805,0.874328678839957,0.32688357772553595
0.7826923076923077,0.874328678839957,0.3274608443834659
0.782483156881617,0.8732545649838883,0.32831783686521354
0.7822736030828517,0.8721804511278195,0.3347992801383899
0.7830279652844745,0.8721804511278195,0.33555022279165525
0.7828185328185329,0.8711063372717508,0.3359160684801465
0.7835748792270532,0.8711063372717508,0.3374054548702267
0.7843326885880078,0.8711063372717508,0.3388278513350649
0.7850919651500484,0.8711063372717508,0.3397765220037884
0.7858527131782945,0.8711063372717508,0.342770412880514
0.7856450048496605,0.8700322234156821,0.34309816301747914
0.7854368932038835,0.8689581095596133,0.34397904093719894
0.7852283770651117,0.8678839957035446,0.34399514184790886
0.7859922178988327,0.8678839957035446,0.34452494493778324
0.7867575462512172,0.8678839957035446,0.34511568588466507
0.7875243664717348,0.8678839957035446,0.34742984784946257
0.7882926829268293,0.8678839957035446,0.34805606099386915
0.7890625,0.8678839957035446,0.34810422310890043
0.7888563049853372,0.8668098818474759,0.3481049785309635
0.7896281800391389,0.8668098818474759,0.34833705690212813
0.7904015670910872,0.8668098818474759,0.3494591840950598
0.7901960784313725,0.8657357679914071,0.3498572837015315
0.7899901864573111,0.8646616541353384,0.35074438061889357
0.7907662082514735,0.8646616541353384,0.35190843197943117
0.7915437561455261,0.8646616541353384,0.3528171812885035
0.7923228346456693,0.8646616541353384,0.3537531957274808
0.7921182266009852,0.8635875402792696,0.3537954675864109
0.7928994082840237,0.8635875402792696,0.3540124598335256
0.792694965449161,0.8625134264232008,0.3563189743192937
0.7924901185770751,0.8614393125671321,0.3569097852751255
0.7922848664688428,0.8603651987110634,0.3569840309567219
0.7930693069306931,0.8603651987110634,0.3577045235474098
0.7938553022794846,0.8603651987110634,0.35845182802464093
0.7936507936507936,0.8592910848549946,0.3590284113571778
0.7944389275074478,0.8592910848549946,0.3607382079871461
0.7952286282306164,0.8592910848549946,0.3610292238044105
0.7960199004975125,0.8592910848549946,0.3615465401157227
0.795816733067729,0.8582169709989259,0.36342345026588846
0.7966101694915254,0.8582169709989259,0.3634533392428973
0.7974051896207585,0.8582169709989259,0.36369327375942323
0.7982017982017982,0.8582169709989259,0.364669676782888
0.798,0.8571428571428571,0.3666798753570151
0.7987987987987988,0.8571428571428571,0.3673267306609028
0.7985971943887775,0.8560687432867884,0.36744951747655813
0.79839518555667,0.8549946294307197,0.3677763519590344
0.7991967871485943,0.8549946294307197,0.3683449498746707
0.7989949748743719,0.8539205155746509,0.3684444638634304
0.7997987927565392,0.8539205155746509,0.368505781541858
0.7995971802618328,0.8528464017185822,0.3688442792772171
0.7993951612903226,0.8517722878625135,0.36973498679612443
0.7991927346115035,0.8506981740064447,0.37009971279109866
0.8,0.8506981740064447,0.37111146345509766
0.7997977755308392,0.849624060150376,0.3711706197698904
0.7995951417004049,0.8485499462943072,0.37369822298407296
0.8004052684903749,0.8485499462943072,0.3738243299756713
0.8012170385395537,0.8485499462943072,0.3751130018508306
0.8010152284263959,0.8474758324382384,0.3762990792386313
0.801829268292683,0.8474758324382384,0.37647995458118355
0.8026449643947101,0.8474758324382384,0.37896023011864893
0.8024439918533605,0.8464017185821697,0.379788062128574
0.8032619775739042,0.8464017185821697,0.38125638548864377
0.8040816326530612,0.8464017185821697,0.38244217418863435
0.804902962206333,0.8464017185821697,0.38255250447441874
0.8047034764826176,0.8453276047261009,0.3843452688791188
0.8055271238485159,0.8453276047261009,0.38767935537848275
0.805327868852459,0.8442534908700322,0.389944714473324
0.8061538461538461,0.8442534908700322,0.3911320554941499
0.8069815195071869,0.8442534908700322,0.39144216562177003
0.8067831449126414,0.8431793770139635,0.3928131782885103
0.8065843621399177,0.8421052631578947,0.39409892140568986
0.8063851699279093,0.841031149301826,0.3950913137569178
0.8072164948453608,0.841031149301826,0.3954736080591029
0.8070175438596491,0.8399570354457573,0.3955407465531887
0.8078512396694215,0.8399570354457573,0.39781001452054116
0.8086866597724922,0.8399570354457573,0.3997556106211396
0.8095238095238095,0.8399570354457573,0.40028472087544864
0.8103626943005181,0.8399570354457573,0.4010602864312753
0.8112033195020747,0.8399570354457573,0.4020035912381147
0.8110072689511942,0.8388829215896885,0.40460922854732273
0.8118503118503119,0.8388829215896885,0.4046635376699251
0.8126951092611863,0.8388829215896885,0.4058376930014217
0.8125,0.8378088077336198,0.40598788570136896
0.8133472367049009,0.8378088077336198,0.40905328561571247
0.8131524008350731,0.8367346938775511,0.4106357282026271
0.8140020898641588,0.8367346938775511,0.41070974750366573
0.8148535564853556,0.8367346938775511,0.41077034196391743
0.8146596858638744,0.8356605800214822,0.41196987884383457
0.8144654088050315,0.8345864661654135,0.4136542291624542
0.8153200419727177,0.8345864661654135,0.41388435383837147
0.8161764705882353,0.8345864661654135,0.414580722175955
0.8170347003154574,0.8345864661654135,0.41540186095968945
0.8178947368421052,0.8345864661654135,0.41566207124461607
0.8177028451001054,0.8335123523093448,0.41594975097212694
0.8185654008438819,0.8335123523093448,0.4195512454311823
0.8183738120380147,0.832438238453276,0.4196603381206441
0.8192389006342494,0.832438238453276,0.4216402148282145
0.8201058201058201,0.832438238453276,0.42523540016857847
0.8209745762711864,0.832438238453276,0.42760816318457884
0.8218451749734889,0.832438238453276,0.4276669873947939
0.821656050955414,0.8313641245972073,0.4288675721386687
0.822529224229543,0.8313641245972073,0.4293761025142454
0.8223404255319149,0.8302900107411385,0.4299633752730466
0.8221512247071352,0.8292158968850698,0.43056446235961243
0.8230277185501066,0.8292158968850698,0.4317927153922488
0.823906083244397,0.8292158968850698,0.43214025223778296
0.8247863247863247,0.8292158968850698,0.43283376314613253
0.8245989304812834,0.8281417830290011,0.43485013009480783
0.8244111349036403,0.8270676691729323,0.435976279254885
0.8252947481243301,0.8270676691729323,0.43608034129878875
0.8261802575107297,0.8270676691729323,0.4361534339823119
0.8259935553168636,0.8259935553168636,0.4370960875827504
0.8268817204301075,0.8259935553168636,0.44047212200865615
0.8277717976318623,0.8259935553168636,0.4432806878566273
0.8286637931034483,0.8259935553168636,0.4440676600631241
0.8295577130528586,0.8259935553168636,0.44418508274275303
0.8304535637149028,0.8259935553168636,0.4442856780737411
0.8313513513513513,0.8259935553168636,0.4449317064368452
0.8322510822510822,0.8259935553168636,0.44638235215594435
0.8320693391115926,0.8249194414607949,0.44760496537094546
0.8318872017353579,0.8238453276047261,0.4493800320047948
0.8327904451682954,0.8238453276047261,0.4496251310647501
0.8336956521739131,0.8238453276047261,0.4500268205096394
0.8335146898803046,0.8227712137486574,0.45011332827394734
0.8344226579520697,0.8227712137486574,0.45054462039009396
0.8342420937840785,0.8216970998925887,0.4520786487475157
0.834061135371179,0.8206229860365198,0.45228600741813524
0.8349726775956284,0.8206229860365198,0.452642483359641
0.8358862144420132,0.8206229860365198,0.4530132980925044
0.836801752464403,0.8206229860365198,0.4557363251386764
0.8366228070175439,0.8195488721804511,0.4562156820675034
0.8364434687156971,0.8184747583243824,0.4575961783378361
0.8362637362637363,0.8174006444683136,0.4582633140540989
0.8371837183718371,0.8174006444683136,0.4592990403916654
0.8381057268722467,0.8174006444683136,0.459834336745045
0.8379272326350606,0.8163265306122449,0.46102167170485625
0.8388520971302428,0.8163265306122449,0.4614928359262264
0.8386740331491712,0.8152524167561761,0.46272316913294814
0.8396017699115044,0.8152524167561761,0.46337527349109786
0.8394241417497231,0.8141783029001074,0.4647404096646636
0.8392461197339246,0.8131041890440387,0.46484948910925056
0.8390677025527192,0.8120300751879699,0.465686677452597
0.84,0.8120300751879699,0.465932252528373
0.8398220244716351,0.8109559613319012,0.46827706396118085
0.8396436525612472,0.8098818474758325,0.46933193073081353
0.8394648829431438,0.8088077336197637,0.4725874500377667
0.8392857142857143,0.807733619763695,0.47278993759295423
0.8391061452513966,0.8066595059076263,0.4732950095834305
0.8400447427293065,0.8066595059076263,0.4737153490258097
0.8398656215005599,0.8055853920515574,0.47422880148078317
0.8396860986547086,0.8045112781954887,0.475872055902976
0.8406285072951739,0.8045112781954887,0.4788788354251424
0.8415730337078652,0.8045112781954887,0.4790408474736018
0.84251968503937,0.8045112781954887,0.4807306991004095
0.8423423423423423,0.80343716433942,0.48098678286013347
0.8432919954904171,0.80343716433942,0.48151977965377507
0.8442437923250564,0.80343716433942,0.48261893566296543
0.8451977401129943,0.80343716433942,0.48502153877268717
0.8461538461538461,0.80343716433942,0.48647467638670017
0.8459796149490374,0.8023630504833512,0.4891331021054516
0.8458049886621315,0.8012889366272825,0.49063191386862126
0.8456299659477866,0.8002148227712137,0.49101489852517033
0.8465909090909091,0.8002148227712137,0.492155220545335
0.8464163822525598,0.799140708915145,0.49303425163381986
0.8462414578587699,0.7980665950590763,0.4936883219047619
0.8472063854047891,0.7980665950590763,0.4943133459986752
0.8470319634703196,0.7969924812030075,0.49987680744139257
0.848,0.7969924812030075,0.5000141722203376
0.849942726231386,0.7969924812030075,0.5008537816708709
0.8497706422018348,0.7959183673469388,0.5010633802330428
0.8507462686567164,0.7959183673469388,0.5020245864935778
0.8517241379310345,0.7959183673469388,0.503014708660319
0.8527042577675489,0.7959183673469388,0.5036184064158331
0.8525345622119815,0.7948442534908701,0.5077036285954549
0.8535178777393311,0.7948442534908701,0.5086373619352399
0.8533487297921478,0.7937701396348013,0.5090429640513005
0.8543352601156069,0.7937701396348013,0.5113530646062843
0.8553240740740741,0.7937701396348013,0.5133318324589221
0.8563151796060255,0.7937701396348013,0.5147837788061164
0.857308584686775,0.7937701396348013,0.5159416886533909
0.8571428571428571,0.7926960257787325,0.5172071880011052
0.858139534883721,0.7926960257787325,0.5188948118575851
0.8591385331781141,0.7926960257787325,0.5205902227473413
0.8589743589743589,0.7916219119226638,0.5208258737811466
0.8588098016336057,0.790547798066595,0.5243235683125302
0.8598130841121495,0.790547798066595,0.5250607251684418
0.8596491228070176,0.7894736842105263,0.5254424426822549
0.8594847775175644,0.7883995703544576,0.5260883434490559
0.8604923798358733,0.7883995703544576,0.5263911414564203
0.8615023474178404,0.7883995703544576,0.527485630085996
0.8613396004700352,0.7873254564983888,0.5275400950618352
0.8623529411764705,0.7873254564983888,0.5276858398820413
0.8621908127208481,0.7862513426423201,0.5279774062749065
0.8620283018867925,0.7851772287862513,0.5324672590393307
0.8630460448642266,0.7851772287862513,0.5329295473691372
0.8640661938534279,0.7851772287862513,0.5342960767995159
0.8650887573964497,0.7851772287862513,0.5345356287621051
0.8649289099526066,0.7841031149301826,0.5345697609716775
0.8659549228944247,0.7841031149301826,0.5354527193289031
0.8657957244655582,0.7830290010741139,0.5374157742782887
0.8668252080856124,0.7830290010741139,0.5377861147955895
0.8678571428571429,0.7830290010741139,0.5386102178524989
0.867699642431466,0.7819548872180451,0.5395430267064759
0.8687350835322196,0.7819548872180451,0.5395947192716024
0.8685782556750299,0.7808807733619764,0.5397318085651577
0.8696172248803827,0.7808807733619764,0.5414762143211977
0.8694610778443114,0.7798066595059077,0.543282247166264
0.8693045563549161,0.7787325456498388,0.5438019443959278
0.8703481392557023,0.7787325456498388,0.5446075600486712
0.8701923076923077,0.7776584317937701,0.5452985936657532
0.8700361010830325,0.7765843179377014,0.5455040459988219
0.8698795180722891,0.7755102040816326,0.546210620313067
0.8709288299155609,0.7755102040816326,0.5462643567145049
0.8719806763285024,0.7755102040816326,0.5468886693105236
0.871825876662636,0.7744360902255639,0.5470365811041404
0.8728813559322034,0.7744360902255639,0.5476626398955512
0.8727272727272727,0.7733619763694952,0.5480960456999912
0.8737864077669902,0.7733619763694952,0.5517753317760424
0.8736330498177399,0.7722878625134264,0.5541520663297985
0.8734793187347932,0.7712137486573577,0.5542495374867303
0.8745432399512789,0.7712137486573577,0.5550749426665194
0.875609756097561,0.7712137486573577,0.5561493649237877
0.8754578754578755,0.7701396348012889,0.5612858324805059
0.8765281173594132,0.7701396348012889,0.5651179117008923
0.8776009791921665,0.7701396348012889,0.5667232053806646
0.8774509803921569,0.7690655209452202,0.5685549569785224
0.8785276073619632,0.7690655209452202,0.5700210187896515
0.8796068796068796,0.7690655209452202,0.5715936287074009
0.8794587945879458,0.7679914070891515,0.5724670367740782
0.8793103448275862,0.7669172932330827,0.5731150636465748
0.8803945745992602,0.7669172932330827,0.574195088001698
0.8802469135802469,0.765843179377014,0.5774158856644683
0.8813349814585909,0.765843179377014,0.5824530052340559
0.8824257425742574,0.765843179377014,0.5834801610074386
0.8822800495662949,0.7647690655209453,0.5836918939024452
0.8833746898263027,0.7647690655209453,0.5849094754582642
0.8832298136645963,0.7636949516648764,0.5858120167287102
0.8830845771144279,0.7626208378088077,0.5875057264644543
0.8829389788293898,0.761546723952739,0.5890725907082432
0.8827930174563591,0.7604726100966702,0.5891595369256618
0.8826466916354557,0.7593984962406015,0.5902193684743144
0.8825,0.7583243823845328,0.5906801420566973
0.8836045056320401,0.7583243823845328,0.5954420267215069
0.8847117794486216,0.7583243823845328,0.596521320342509
0.8858218318695107,0.7583243823845328,0.5977454887406412
0.8869346733668342,0.7583243823845328,0.5990265302684472
0.8867924528301887,0.757250268528464,0.5991803676332081
0.8866498740554156,0.7561761546723953,0.601751980672096
0.8876262626262627,0.7551020408163265,0.6047200080485114
0.8874841972187105,0.7540279269602578,0.6064763103331041
0.8873417721518987,0.7529538131041891,0.6068619361813573
0.8884664131812421,0.7529538131041891,0.6074545098499043
0.8883248730964467,0.7518796992481203,0.6081981764834364
0.8881829733163914,0.7508055853920516,0.6103988119875311
0.8893129770992366,0.7508055853920516,0.6114482597976224
0.8904458598726115,0.7508055853920516,0.6125872572373279
0.8903061224489796,0.7497314715359829,0.6159884201867813
0.8901660280970626,0.748657357679914,0.620279408969663
0.8900255754475703,0.7475832438238453,0.6227987589919131
0.8898847631241997,0.7465091299677766,0.6230703193951872
0.8910256410256411,0.7465091299677766,0.6248463644731426
0.8921694480102695,0.7465091299677766,0.6269802695751292
0.8920308483290489,0.7454350161117078,0.6272687252084345
0.8931788931788932,0.7454350161117078,0.627965331833613
0.8943298969072165,0.7454350161117078,0.628585205231332
0.8941935483870967,0.7443609022556391,0.630238692380854
0.8940568475452196,0.7432867883995704,0.6302590896297353
0.8939197930142303,0.7422126745435016,0.6312119366262585
0.8950777202072538,0.7422126745435016,0.6327554658402048
0.8949416342412452,0.7411385606874329,0.6374329260989267
0.8948051948051948,0.7400644468313641,0.6380590988003851
0.8946684005201561,0.7389903329752954,0.6398466437627676
0.89453125,0.7379162191192267,0.6412194664714568
0.8956975228161669,0.7379162191192267,0.6414097997160229
0.8955613577023499,0.7368421052631579,0.6430893084554197
0.8967320261437909,0.7368421052631579,0.643870859752371
0.8965968586387435,0.7357679914070892,0.6441248971857626
0.8977719528178244,0.7357679914070892,0.6455539122893863
0.8976377952755905,0.7346938775510204,0.6477619089347205
0.8988173455978975,0.7346938775510204,0.6479797680360008
0.8986842105263158,0.7336197636949516,0.6485491602410938
0.8998682476943346,0.7336197636949516,0.6489227284206184
0.9010554089709762,0.7336197636949516,0.6498820587399886
0.9009247027741083,0.7325456498388829,0.6535432145468064
0.9021164021164021,0.7325456498388829,0.6538535569604725
0.9033112582781457,0.7325456498388829,0.6549676429668315
0.9045092838196287,0.7325456498388829,0.6554164434808184
0.9043824701195219,0.7314715359828142,0.6555107942992431
0.9042553191489362,0.7303974221267454,0.6563465344262382
0.9054593874833555,0.7303974221267454,0.6564893868335225
0.9053333333333333,0.7293233082706767,0.6566668621816796
0.9065420560747663,0.7293233082706767,0.65702134764339
0.9077540106951871,0.7293233082706767,0.6575870003200451
0.9076305220883534,0.728249194414608,0.6581620698465631
0.9075067024128687,0.7271750805585392,0.6606833047885301
0.9073825503355705,0.7261009667024705,0.662541348229761
0.907258064516129,0.7250268528464017,0.6630396130465313
0.9071332436069987,0.723952738990333,0.6684621341081572
0.9070080862533693,0.7228786251342643,0.66901789597304
0.9082321187584346,0.7228786251342643,0.6695891909784175
0.9081081081081082,0.7218045112781954,0.6698548264070734
0.9079837618403248,0.7207303974221267,0.6705914727158615
0.9092140921409214,0.7207303974221267,0.6706310331684138
0.9104477611940298,0.7207303974221267,0.6718139593775553
0.9103260869565217,0.719656283566058,0.6737709878727551
0.9102040816326531,0.7185821697099892,0.6738161989187308
0.9100817438692098,0.7175080558539205,0.6747088647644296
0.9113233287858117,0.7175080558539205,0.6748791982106279
0.912568306010929,0.7175080558539205,0.6750388636216325
0.9138166894664843,0.7175080558539205,0.6751966511060736
0.9136986301369863,0.7164339419978518,0.6752414669720581
0.9135802469135802,0.715359828141783,0.677634438335016
0.9134615384615384,0.7142857142857143,0.6784486253912129
0.9147180192572214,0.7142857142857143,0.6796191225559598
0.9146005509641874,0.7132116004296455,0.6806122663347588
0.9158620689655173,0.7132116004296455,0.6815862821834516
0.9171270718232044,0.7132116004296455,0.6818747064339434
0.91701244813278,0.7121374865735768,0.6820494468815134
0.9168975069252078,0.7110633727175081,0.6837497516553976
0.9181692094313454,0.7110633727175081,0.6856224600042015
0.9180555555555555,0.7099892588614393,0.6859359246020044
0.9179415855354659,0.7089151450053706,0.6888255760249192
0.9192200557103064,0.7089151450053706,0.6895231316660144
0.9205020920502092,0.7089151450053706,0.6901621138019973
0.9203910614525139,0.7078410311493019,0.6914038468994641
0.9202797202797203,0.706766917293233,0.692184612061026
0.9201680672268907,0.7056928034371643,0.6932002209742385
0.9200561009817672,0.7046186895810956,0.6934049364896838
0.9199438202247191,0.7035445757250268,0.6938140540232761
0.9212376933895922,0.7035445757250268,0.6952073928370414
0.9225352112676056,0.7035445757250268,0.6965433807186201
0.922425952045134,0.7024704618689581,0.6979735097880547
0.923728813559322,0.7024704618689581,0.7000819916467832
0.9236209335219236,0.7013963480128894,0.7001221309195081
0.9249291784702549,0.7013963480128894,0.7008968357504495
0.926241134751773,0.7013963480128894,0.7016640102915515
0.9261363636363636,0.7003222341568206,0.7033269805506673
0.9274537695590327,0.7003222341568206,0.7039513225509957
0.9287749287749287,0.7003222341568206,0.7054892045525379
0.9286733238231099,0.6992481203007519,0.7082707494612149
0.9285714285714286,0.6981740064446831,0.7085015541789359
0.9298998569384835,0.6981740064446831,0.7101625529309635
0.9297994269340975,0.6970998925886144,0.7108918959464833
0.9296987087517934,0.6960257787325457,0.711912501737229
0.9295977011494253,0.6949516648764769,0.7124378407679027
0.9294964028776979,0.6938775510204082,0.712718912084855
0.9293948126801153,0.6928034371643395,0.7127580673172913
0.9292929292929293,0.6917293233082706,0.7143978426374029
0.9291907514450867,0.6906552094522019,0.7153552128463769
0.9290882778581766,0.6895810955961332,0.7163332704642451
0.9289855072463769,0.6885069817400644,0.7170703521058572
0.93033381712627,0.6885069817400644,0.7177948569522069
0.9302325581395349,0.6874328678839957,0.7195845947715802
0.9301310043668122,0.686358754027927,0.7202219851631392
0.9300291545189504,0.6852846401718582,0.7209260543604682
0.92992700729927,0.6842105263157895,0.7232071447165568
0.9298245614035088,0.6831364124597207,0.7233848889394145
0.9297218155197657,0.682062298603652,0.7238520049006133
0.9296187683284457,0.6809881847475833,0.7256769773490427
0.9295154185022027,0.6799140708915145,0.7279675460271994
0.9294117647058824,0.6788399570354458,0.7279929242602186
0.9293078055964654,0.677765843179377,0.7292281620863199
0.9292035398230089,0.6766917293233082,0.7313686844430171
0.9290989660265879,0.6756176154672395,0.7315828264571687
0.9289940828402367,0.6745435016111708,0.7342220504848905
0.93026706231454,0.673469387755102,0.7343644526110727
0.9301634472511144,0.6723952738990333,0.7354826056453877
0.9300595238095238,0.6713211600429646,0.7355857857352446
0.9299552906110283,0.6702470461868958,0.7362518490411522
0.9298507462686567,0.6691729323308271,0.73679217017212
0.929745889387145,0.6680988184747583,0.7372445857855637
0.9296407185628742,0.6670247046186896,0.7376190590592199
0.9295352323838081,0.6659505907626209,0.7386278218330705
0.9294294294294294,0.664876476906552,0.7430537745551867
0.9293233082706767,0.6638023630504833,0.7434903900502536
0.9292168674698795,0.6627282491944146,0.743604997825701
0.9306184012066365,0.6627282491944146,0.7445770929289877
0.93202416918429,0.6627282491944146,0.7448128385966463
0.9319213313161876,0.6616541353383458,0.7450901229737192
0.9318181818181818,0.6605800214822771,0.7455344719144821
0.9317147192716236,0.6595059076262084,0.7457951737428118
0.9316109422492401,0.6584317937701396,0.7463126363046898
0.9315068493150684,0.6573576799140709,0.7482982301673716
0.9314024390243902,0.6562835660580022,0.7485852157048689
0.9312977099236641,0.6552094522019334,0.7496335675518404
0.9311926605504587,0.6541353383458647,0.749838750267044
0.9310872894333844,0.6530612244897959,0.7521137633338025
0.9325153374233128,0.6530612244897959,0.752363146659248
0.9339477726574501,0.6530612244897959,0.7546565938669167
0.9338461538461539,0.6519871106337272,0.7549647640931928
0.9337442218798151,0.6509129967776585,0.7557909892423472
0.9351851851851852,0.6509129967776585,0.7558032611081025
0.9350850077279753,0.6498388829215896,0.7559692707537035
0.9365325077399381,0.6498388829215896,0.756130235073668
0.937984496124031,0.6498388829215896,0.7564212432370057
0.937888198757764,0.6487647690655209,0.7573796886532927
0.9393468118195957,0.6487647690655209,0.758681730620866
0.9391575663026521,0.6466165413533834,0.7591446980024049
0.9390625,0.6455424274973147,0.7605111224992841
0.9388714733542319,0.6433941997851772,0.7607247023365092
0.9387755102040817,0.6423200859291085,0.7617545352117127
0.940251572327044,0.6423200859291085,0.7646828350231107
0.9401574803149606,0.6412459720730398,0.7650835351878456
0.9400630914826499,0.640171858216971,0.7653653309076219
0.9415481832543444,0.640171858216971,0.766661883604788
0.9414556962025317,0.6390977443609023,0.7674552293364484
0.9413629160063391,0.6380236305048335,0.767764668089495
0.9412698412698413,0.6369495166487648,0.7678713602937766
0.9411764705882353,0.635875402792696,0.7694659619875734
0.9410828025477707,0.6348012889366272,0.7698095064164843
0.9409888357256778,0.6337271750805585,0.769842944950832
0.9424920127795527,0.6337271750805585,0.7706205908731474
0.944,0.6337271750805585,0.7724981881920729
0.9439102564102564,0.6326530612244898,0.7727613761800245
0.9438202247191011,0.631578947368421,0.7734437113111912
0.9453376205787781,0.631578947368421,0.7735146876831424
0.9452495974235104,0.6305048335123523,0.7747343143167273
0.9467741935483871,0.6305048335123523,0.7752418605065099
0.9466882067851373,0.6294307196562836,0.7754382411561507
0.9466019417475728,0.6283566058002148,0.7761515044719884
0.946515397082658,0.6272824919441461,0.776275382504944
0.9464285714285714,0.6262083780880774,0.7789212719108277
0.9463414634146341,0.6251342642320086,0.7806308642975381
0.9462540716612378,0.6240601503759399,0.781616403107742
0.9461663947797716,0.6229860365198711,0.782840066178199
0.946078431372549,0.6219119226638024,0.7848890662783062
0.9459901800327333,0.6208378088077336,0.7855120835171711
0.9459016393442623,0.6197636949516648,0.7867033337876819
0.9458128078817734,0.6186895810955961,0.787015026378357
0.9473684210526315,0.6186895810955961,0.7874005660443676
0.9472817133443163,0.6176154672395274,0.78873216037633
0.9471947194719472,0.6165413533834586,0.7894607575360877
0.9487603305785124,0.6165413533834586,0.7895374720635726
0.9486754966887417,0.6154672395273899,0.7900544021215187
0.9485903814262023,0.6143931256713212,0.7915742097312795
0.9485049833887044,0.6133190118152524,0.7951329887780075
0.9484193011647255,0.6122448979591837,0.7951693031437898
0.9483333333333334,0.611170784103115,0.7951735374749168
0.9482470784641068,0.6100966702470462,0.7954815503680696
0.9498327759197325,0.6100966702470462,0.7974000825280451
0.9514237855946399,0.6100966702470462,0.7975136886926326
0.9513422818791947,0.6090225563909775,0.798379286395142
0.9512605042016806,0.6079484425349087,0.7984435055989375
0.9511784511784511,0.60687432867884,0.7997956006461918
0.9527824620573356,0.60687432867884,0.800060441782601
0.9527027027027027,0.6058002148227712,0.8009845728419578
0.9526226734348562,0.6047261009667024,0.8012029908222675
0.9525423728813559,0.6036519871106337,0.8013533831683666
0.9524617996604414,0.602577873254565,0.801664551272733
0.9523809523809523,0.6015037593984962,0.8029229862613272
0.9522998296422487,0.6004296455424275,0.803018525095371
0.9539249146757679,0.6004296455424275,0.8037219668551246
0.9538461538461539,0.5993555316863588,0.8052914368392641
0.9537671232876712,0.59828141783029,0.8055964539487137
0.9536878216123499,0.5972073039742213,0.8056616617299937
0.9536082474226805,0.5961331901181526,0.8057572410756964
0.9535283993115319,0.5950590762620838,0.8072849107406721
0.9534482758620689,0.5939849624060151,0.8074087094492319
0.9533678756476683,0.5929108485499462,0.8091690552945859
0.9550173010380623,0.5929108485499462,0.8091857184788289
0.9549393414211439,0.5918367346938775,0.8109219841995926
0.9548611111111112,0.5907626208378088,0.8114524910248736
0.9547826086956521,0.58968850698174,0.8116748427657242
0.9547038327526133,0.5886143931256713,0.811723838878346
0.9546247818499127,0.5875402792696026,0.8118161305773032
0.9562937062937062,0.5875402792696026,0.811862727134095
0.9562171628721541,0.5864661654135338,0.8122022446528399
0.956140350877193,0.5853920515574651,0.8136450107823945
0.9560632688927944,0.5843179377013964,0.8144032390756211
0.9559859154929577,0.5832438238453276,0.8149666498281082
0.9559082892416225,0.5821697099892589,0.8151466745528362
0.9575971731448764,0.5821697099892589,0.816935218191763
0.9575221238938053,0.5810955961331902,0.8175913578559563
0.9574468085106383,0.5800214822771214,0.8178607167370214
0.9573712255772646,0.5789473684210527,0.8185417283656545
0.9572953736654805,0.5778732545649838,0.8185433506095441
0.9572192513368984,0.5767991407089151,0.8185688529164622
0.9571428571428572,0.5757250268528464,0.8208379223816882
0.9570661896243292,0.5746509129967776,0.8215108599936867
0.956989247311828,0.5735767991407089,0.821722690049222
0.9569120287253142,0.5725026852846402,0.8228160540672332
0.9568345323741008,0.5714285714285714,0.8229780225905318
0.9567567567567568,0.5703544575725027,0.8234115335696918
0.9566787003610109,0.569280343716434,0.8240254113551281
0.9566003616636528,0.5682062298603652,0.8264187748077462
0.9565217391304348,0.5671321160042965,0.8266643139774135
0.956442831215971,0.5660580021482277,0.8268634912093306
0.9563636363636364,0.564983888292159,0.8271467367211276
0.9562841530054644,0.5639097744360902,0.827507021092484
0.9562043795620438,0.5628356605800214,0.8281971652056324
0.9560439560439561,0.560687432867884,0.8282798027660835
0.9559633027522936,0.5596133190118152,0.8283619857220186
0.9558823529411765,0.5585392051557465,0.8284364916401105
0.9558011049723757,0.5574650912996778,0.8285967064925885
0.955719557195572,0.556390977443609,0.8328328859546401
0.955637707948244,0.5553168635875403,0.8329219467588191
0.9555555555555556,0.5542427497314716,0.8338179646271127
0.9554730983302412,0.5531686358754028,0.8352738773138336
0.9553903345724907,0.5520945220193341,0.8355002480924157
0.9553072625698324,0.5510204081632653,0.8355816677858474
0.9552238805970149,0.5499462943071965,0.8356338702410374
0.9551401869158879,0.5488721804511278,0.8356408600195703
0.9550561797752809,0.547798066595059,0.8359027353586773
0.9549718574108818,0.5467239527389903,0.8363520625168088
0.9548872180451128,0.5456498388829216,0.8365786350709665
0.9566854990583804,0.5456498388829216,0.8373321679995647
0.9566037735849057,0.5445757250268528,0.8375782896964793
0.9565217391304348,0.5435016111707841,0.8378688080686234
0.9583333333333334,0.5435016111707841,0.8381986868823211
0.9582542694497154,0.5424274973147154,0.8383641011232495
0.9581749049429658,0.5413533834586466,0.8394286037397732
0.96,0.5413533834586466,0.8395725391948193
0.9599236641221374,0.5402792696025779,0.8400756113130039
0.9598470363288719,0.5392051557465092,0.8404261674431046
0.9597701149425287,0.5381310418904404,0.8408058949367004
0.9596928982725528,0.5370569280343717,0.8414612996031872
0.9615384615384616,0.5370569280343717,0.8426323344688949
0.9614643545279383,0.5359828141783028,0.8426595673621754
0.9613899613899614,0.5349087003222341,0.8427221607751502
0.9613152804642167,0.5338345864661654,0.8442621994192089
0.9631782945736435,0.5338345864661654,0.8454426730039764
0.9650485436893204,0.5338345864661654,0.8458602007749724
0.9649805447470817,0.5327604726100966,0.84628096734337
0.9649122807017544,0.5316863587540279,0.8466518783953642
0.96484375,0.5306122448979592,0.8468810733378065
0.9647749510763209,0.5295381310418904,0.8474840450439841
0.9647058823529412,0.5284640171858217,0.8480279697232513
0.9666011787819253,0.5284640171858217,0.848099286839989
0.9665354330708661,0.527389903329753,0.8505478362904761
0.9664694280078896,0.5263157894736842,0.8527221866335211
0.9664031620553359,0.5252416756176155,0.8553074746161669
0.9663366336633663,0.5241675617615468,0.8556494040806416
0.9662698412698413,0.523093447905478,0.8562361986156782
0.9661354581673307,0.5209452201933404,0.8564421992700287
0.9660678642714571,0.5198711063372717,0.8566677380769077
0.966,0.518796992481203,0.8573206929705307
0.9659318637274549,0.5177228786251342,0.8581344093810787
0.9658634538152611,0.5166487647690655,0.8582618786421594
0.96579476861167,0.5155746509129968,0.8586979711710813
0.9657258064516129,0.514500537056928,0.8593373406295413
0.9656565656565657,0.5134264232008593,0.8603797639037198
0.9655870445344129,0.5123523093447906,0.8614284919611067
0.9655172413793104,0.5112781954887218,0.8638822473109292
0.9654471544715447,0.5102040816326531,0.8639712445046595
0.9653767820773931,0.5091299677765844,0.8646369441034847
0.9653061224489796,0.5080558539205156,0.8653258337481395
0.9652351738241309,0.5069817400644469,0.8655306400394454
0.9651639344262295,0.505907626208378,0.8657833363063963
0.9650924024640657,0.5048335123523093,0.8663373919574697
0.9650205761316872,0.5037593984962406,0.8663673259328736
0.9649484536082474,0.5026852846401718,0.8664427336804313
0.9648760330578512,0.5016111707841031,0.868104209431916
0.9648033126293996,0.5005370569280344,0.8682705686362696
0.9647302904564315,0.49946294307196565,0.8683529375279897
0.9645833333333333,0.49731471535982813,0.8704337396860802
0.964509394572025,0.49624060150375937,0.8704512699441223
0.9644351464435147,0.49516648764769067,0.8711780733580414
0.9643605870020965,0.4940923737916219,0.8717687646761748
0.9642857142857143,0.49301825993555315,0.8725053677825236
0.9642105263157895,0.49194414607948445,0.8726246950002723
0.9641350210970464,0.4908700322234157,0.8741357634344691
0.9640591966173362,0.4897959183673469,0.8743818663415655
0.9639830508474576,0.48872180451127817,0.8743875754569971
0.9639065817409767,0.48764769065520946,0.8747623655838195
0.9638297872340426,0.4865735767991407,0.8750141150845713
0.9658119658119658,0.48549946294307195,0.8752258911283674
0.9657387580299786,0.48442534908700324,0.8765570644952559
0.9656652360515021,0.4833512352309345,0.876721170109414
0.9655913978494624,0.4822771213748657,0.8767555828778679
0.9655172413793104,0.48120300751879697,0.8775862278068318
0.9654427645788337,0.48012889366272826,0.877948279679639
0.9653679653679653,0.4790547798066595,0.8793281188584473
0.96529284164859,0.47798066595059074,0.8798558678367709
0.9652173913043478,0.47690655209452204,0.8808983329037223
0.9651416122004357,0.4758324382384533,0.881303755462914
0.9650655021834061,0.4747583243823845,0.8820962926943513
0.9649890590809628,0.47368421052631576,0.8823816358158558
0.9649122807017544,0.47261009667024706,0.8830201920631903
0.9648351648351648,0.4715359828141783,0.8854497213293929
0.9647577092511013,0.47046186895810954,0.8870477006993268
0.9646799116997793,0.46938775510204084,0.8870950491610439
0.9646017699115044,0.4683136412459721,0.8871414107547416
0.9645232815964523,0.4672395273899033,0.8872766237338243
0.9666666666666667,0.4672395273899033,0.887611400290596
0.9665924276169265,0.46616541353383456,0.8876923749944683
0.9665178571428571,0.46509129967776586,0.8880673061033154
0.9664429530201343,0.4640171858216971,0.8896104330766776
0.9663677130044843,0.46294307196562834,0.8902804455559777
0.9685393258426966,0.46294307196562834,0.8908782992443325
0.9684684684684685,0.46186895810955964,0.8918364576468435
0.9706546275395034,0.46186895810955964,0.8920434472291436
0.9705882352941176,0.4607948442534909,0.8921429201005618
0.9705215419501134,0.4597207303974221,0.8922058390258797
0.9704545454545455,0.45864661654135336,0.8923013269785623
0.9726651480637813,0.45864661654135336,0.8929940710505204
0.9726027397260274,0.45757250268528465,0.893364425345867
0.9725400457665904,0.4564983888292159,0.893559558055173
0.9724770642201835,0.45542427497314714,0.8935922681770858
0.9724137931034482,0.45435016111707843,0.8940001256873279
0.9723502304147466,0.4532760472610097,0.8946543504381528
0.9722863741339491,0.4522019334049409,0.8948254365148497
0.9722222222222222,0.45112781954887216,0.8948850000984587
0.9721577726218097,0.45005370569280345,0.8953983189023479
0.9720930232558139,0.4489795918367347,0.8954398390049151
0.972027972027972,0.44790547798066593,0.8955213111725738
0.9719626168224299,0.44683136412459723,0.8955769906847887
0.9718969555035128,0.44575725026852847,0.8960997716058635
0.971830985915493,0.4446831364124597,0.8972232803543938
0.971764705882353,0.44360902255639095,0.8980996104163407
0.9716981132075472,0.44253490870032225,0.898765635522066
0.9716312056737588,0.4414607948442535,0.9003962598533235
0.9715639810426541,0.44038668098818473,0.9005271727684306
0.9714964370546318,0.439312567132116,0.9007064153121819
0.9714285714285714,0.43823845327604727,0.901214552736684
0.9713603818615751,0.4371643394199785,0.9016325876983565
0.9712918660287081,0.43609022556390975,0.9019245071048548
0.9712230215827338,0.43501611170784105,0.9033980035264847
0.9711538461538461,0.4339419978517723,0.904096796206382
0.9734939759036144,0.4339419978517723,0.9052403826095188
0.9734299516908212,0.43286788399570353,0.9053115761978143
0.9733656174334141,0.4317937701396348,0.9059497111040169
0.9733009708737864,0.43071965628356607,0.906082232472406
0.9732360097323601,0.4296455424274973,0.9065090444563176
0.973170731707317,0.42857142857142855,0.9076533134446808
0.9731051344743277,0.42749731471535984,0.9079162096838527
0.9730392156862745,0.4264232008592911,0.9082609325244815
0.9754299754299754,0.4264232008592911,0.9082920996984521
0.9753694581280788,0.4253490870032223,0.9083063329859359
0.9753086419753086,0.4242749731471536,0.9087794718862668
0.9752475247524752,0.42320085929108486,0.9087862323801718
0.9751861042183623,0.4221267454350161,0.9091101081043883
0.9751243781094527,0.42105263157894735,0.9092593036009382
0.9750623441396509,0.41997851772287864,0.9093870451633363
0.975,0.4189044038668099,0.9095327448626493
0.974937343358396,0.4178302900107411,0.9115760664072842
0.9748743718592965,0.4167561761546724,0.9116170320097046
0.9748110831234257,0.41568206229860366,0.9124668678446243
0.9747474747474747,0.4146079484425349,0.9131140401351129
0.9746835443037974,0.41353383458646614,0.9133709094655612
0.9746192893401016,0.41245972073039744,0.9138852458035628
0.9745547073791349,0.4113856068743287,0.9143119058828817
0.9744897959183674,0.4103114930182599,0.9143949721619804
0.9744245524296675,0.4092373791621912,0.9147476849147204
0.9743589743589743,0.40816326530612246,0.9156748408886004
0.974293059125964,0.4070891514500537,0.917324397999486
0.9742268041237113,0.40601503759398494,0.9175933271639682
0.9741602067183462,0.40494092373791624,0.919013670377052
0.9740932642487047,0.4038668098818475,0.9195800958792854
0.974025974025974,0.4027926960257787,0.9207977515132398
0.9739583333333334,0.40171858216971,0.9221994861612658
0.9738903394255874,0.40064446831364126,0.9226901759234493
0.9738219895287958,0.3995703544575725,0.9229943101514096
0.973753280839895,0.39849624060150374,0.9239372017408534
0.9736842105263158,0.39742212674543503,0.9245340789400672
0.9762532981530343,0.39742212674543503,0.9248883624618264
0.9761904761904762,0.3963480128893663,0.9250108554412011
0.9761273209549072,0.3952738990332975,0.9254308056732515
0.976063829787234,0.3941997851772288,0.9261289589959455
0.976,0.39312567132116005,0.9262817076317815
0.9759358288770054,0.3920515574650913,0.9265360835059188
0.9758713136729222,0.39097744360902253,0.9265540852972156
0.9758064516129032,0.38990332975295383,0.9272215610808728
0.9757412398921833,0.38882921589688507,0.9274593004439322
0.9756756756756757,0.3877551020408163,0.9277286290718503
0.975609756097561,0.3866809881847476,0.9300601203545469
0.9755434782608695,0.38560687432867885,0.9312780910791827
0.9754768392370572,0.3845327604726101,0.9317068268273097
0.9754098360655737,0.38345864661654133,0.9318616927420438
0.9753424657534246,0.38238453276047263,0.9318617111986308
0.9752747252747253,0.38131041890440387,0.9326262887910233
0.9752066115702479,0.3802363050483351,0.9326730465421949
0.9751381215469613,0.3791621911922664,0.9330218013221887
0.9778393351800554,0.3791621911922664,0.9334748911249198
0.9777777777777777,0.37808807733619765,0.9337355845041733
0.9805013927576601,0.37808807733619765,0.9340293898546136
0.9804469273743017,0.3770139634801289,0.9343947551504985
0.9803921568627451,0.37593984962406013,0.935132435963959
0.9803370786516854,0.3748657357679914,0.9352978082621441
0.9802816901408451,0.37379162191192267,0.9357964535973982
0.980225988700565,0.3727175080558539,0.9360512691977257
0.9801699716713881,0.3716433941997852,0.9363855207994636
0.9801136363636364,0.37056928034371645,0.9378882086888071
0.98005698005698,0.3694951664876477,0.9397182912235428
0.98,0.3684210526315789,0.9399653314390415
0.9799426934097422,0.3673469387755102,0.9404109126735728
0.9798850574712644,0.36627282491944146,0.9410430742025617
0.9798270893371758,0.3651987110633727,0.9411933905824782
0.9797687861271677,0.364124597207304,0.9421459487152121
0.9797101449275363,0.36305048335123524,0.9423091563847489
0.9796511627906976,0.3619763694951665,0.9426905154918782
0.9795918367346939,0.3609022556390977,0.9428021021520903
0.97953216374269,0.359828141783029,0.9428913141670762
0.9794721407624634,0.35875402792696026,0.9430900688204198
0.9794117647058823,0.3576799140708915,0.9433512301269719
0.9793510324483776,0.35660580021482274,0.9443027678495391
0.9792899408284024,0.35553168635875404,0.9445404878977828
0.9821958456973294,0.35553168635875404,0.9450831542317303
0.9821428571428571,0.3544575725026853,0.9454735291185251
0.982089552238806,0.3533834586466165,0.9465321843476906
0.9820359281437125,0.3523093447905478,0.9473250310106988
0.9819819819819819,0.35123523093447906,0.9474812557248047
0.9819277108433735,0.3501611170784103,0.9482058066372298
0.9848942598187311,0.3501611170784103,0.9482811040634095
0.9848484848484849,0.34908700322234154,0.9487534285309628
0.9848024316109423,0.34801288936627284,0.9491502913876331
0.9847560975609756,0.3469387755102041,0.9493987538775918
0.9847094801223242,0.3458646616541353,0.9497365887858954
0.9846625766871165,0.3447905477980666,0.9510385810589469
0.9846153846153847,0.34371643394199786,0.9513648944598428
0.9845679012345679,0.3426423200859291,0.9514072329207238
0.9845201238390093,0.34156820622986034,0.9517421645209835
0.984472049689441,0.34049409237379163,0.9518455664239233
0.9844236760124611,0.3394199785177229,0.9521284364303478
0.984375,0.3383458646616541,0.952239474930314
0.9843260188087775,0.3372717508055854,0.953240550696709
0.9842767295597484,0.33619763694951665,0.9532587304521575
0.9873817034700315,0.33619763694951665,0.953549708329434
0.9873417721518988,0.3351235230934479,0.9541045610133011
0.9873015873015873,0.33404940923737914,0.9546886869677684
0.9872611464968153,0.33297529538131043,0.9551896552348426
0.987220447284345,0.3319011815252417,0.9552700138273045
0.9871794871794872,0.3308270676691729,0.9559445132785639
0.9871382636655949,0.3297529538131042,0.9571864944911856
0.9870967741935484,0.32867883995703545,0.9572521754170172
0.9870550161812298,0.3276047261009667,0.9572893931089211
0.987012987012987,0.32653061224489793,0.9579106711298748
0.9869706840390879,0.32545649838882923,0.9583165790736404
0.9869281045751634,0.32438238453276047,0.9584042874243092
0.9868852459016394,0.3233082706766917,0.9585985850880064
0.9868421052631579,0.322234156820623,0.958906392561862
0.9867986798679867,0.32116004296455425,0.9598284210752813
0.9867549668874173,0.3200859291084855,0.9599662236727982
0.9867109634551495,0.31901181525241673,0.9608650525169624
0.9866666666666667,0.317937701396348,0.9612677633017264
0.9866220735785953,0.31686358754027927,0.9616976955862278
0.9865771812080537,0.3157894736842105,0.9618834045789034
0.9865319865319865,0.3147153598281418,0.9627984242098286
0.9864864864864865,0.31364124597207305,0.9629954577064458
0.9864406779661017,0.3125671321160043,0.9642808026374371
0.9863945578231292,0.31149301825993553,0.9654010134156096
0.9863481228668942,0.3104189044038668,0.9658326111510369
0.9863013698630136,0.30934479054779807,0.9660429522704373
0.9862542955326461,0.3082706766917293,0.9663658157647765
0.9862068965517241,0.3071965628356606,0.9666521495204176
0.986159169550173,0.30612244897959184,0.9681643438184548
0.9861111111111112,0.3050483351235231,0.9690162233850075
0.9860627177700348,0.3039742212674543,0.9690903427364285
0.986013986013986,0.3029001074113856,0.9691661973978682
0.9859649122807017,0.30182599355531686,0.969221642958624
0.9859154929577465,0.3007518796992481,0.9703424851239404
0.9858657243816255,0.2996777658431794,0.9704100443686904
0.9893617021276596,0.2996777658431794,0.9706398270043698
0.9893238434163701,0.29860365198711064,0.9722144606667369
0.9892857142857143,0.2975295381310419,0.9722684916527978
0.989247311827957,0.2964554242749731,0.9723928801231039
0.9892086330935251,0.2953813104189044,0.972536037103828
0.9891696750902527,0.29430719656283566,0.9725782213700731
0.9927536231884058,0.29430719656283566,0.9726302960054222
0.9927272727272727,0.2932330827067669,0.9728904739911531
0.9927007299270073,0.2921589688506982,0.9731971135061722
0.9926739926739927,0.29108485499462944,0.9734058836375563
0.9926470588235294,0.2900107411385607,0.9736251117537518
0.992619926199262,0.2889366272824919,0.9741256185868664
0.9925925925925926,0.2878625134264232,0.9744759247515712
0.9925650557620818,0.28678839957035446,0.9745170725772518
0.9925373134328358,0.2857142857142857,0.9747878712631889
0.9925093632958801,0.284640171858217,0.9748474897145711
0.9924812030075187,0.28356605800214824,0.975545057467125
0.9924528301886792,0.2824919441460795,0.9755564391963907
0.9924242424242424,0.2814178302900107,0.9761480582289642
0.9961977186311787,0.2814178302900107,0.9772376618191886
0.9961832061068703,0.280343716433942,0.9777533352600825
0.9961685823754789,0.27926960257787325,0.97777802582551
1.0,0.27926960257787325,0.9781718585417922
1.0,0.2781954887218045,0.9782729872122562
1.0,0.2771213748657358,0.9787202438598638
1.0,0.27604726100966703,0.9800580876694969
1.0,0.2749731471535983,0.9800779712910941
1.0,0.2738990332975295,0.9806389686607456
1.0,0.2728249194414608,0.9808180262178245
1.0,0.27175080558539205,0.9813991173839771
1.0,0.2706766917293233,0.9819524511454963
1.0,0.2696025778732546,0.9827050814400915
1.0,0.26852846401718583,0.9829837680411785
1.0,0.26745435016111707,0.9829947946437327
1.0,0.2663802363050483,0.9832589186759013
1.0,0.2653061224489796,0.9832960312076159
1.0,0.26423200859291085,0.9836086396508886
1.0,0.2631578947368421,0.9839974861230213
1.0,0.2620837808807734,0.9845447326527051
1.0,0.26100966702470463,0.9845866590281098
1.0,0.25993555316863587,0.9851403953778622
1.0,0.2588614393125671,0.9854072588416554
1.0,0.2577873254564984,0.986543154281252
1.0,0.25671321160042965,0.9867807568755426
1.0,0.2556390977443609,0.987119412525084
1.0,0.2545649838882922,0.9873355994548427
1.0,0.2534908700322234,0.9873825544541625
1.0,0.25241675617615467,0.9874630198436164
1.0,0.2513426423200859,0.9879902511744064
1.0,0.2502685284640172,0.9880369168075762
1.0,0.24919441460794844,0.9881500649994961
1.0,0.24812030075187969,0.9882422846749879
1.0,0.24704618689581095,0.9884683721806692
1.0,0.24597207303974222,0.9885985052172506
1.0,0.24489795918367346,0.9888917193616181
1.0,0.24382384532760473,0.9889965477957573
1.0,0.24274973147153597,0.989093805360087
1.0,0.24167561761546724,0.9893119049870424
1.0,0.24060150375939848,0.9895439098885088
1.0,0.23952738990332975,0.9896234650567763
1.0,0.23845327604726102,0.9899938898366349
1.0,0.23737916219119226,0.9904264804150991
1.0,0.23630504833512353,0.9905601703460037
1.0,0.23523093447905477,0.9905672583312592
1.0,0.23415682062298604,0.9906266039824245
1.0,0.23308270676691728,0.9906465731051918
1.0,0.23200859291084855,0.9911048925478357
1.0,0.23093447905477982,0.9911055480440587
1.0,0.22986036519871106,0.9912155068051535
1.0,0.22878625134264233,0.9915672272718161
1.0,0.22771213748657357,0.9917124099780966
1.0,0.22663802363050484,0.9917889814928557
1.0,0.22556390977443608,0.9919720627482314
1.0,0.22448979591836735,0.9920124541092479
1.0,0.22341568206229862,0.9920424509277262
1.0,0.22234156820622986,0.9920435402207898
1.0,0.22126745435016112,0.9921854167677199
1.0,0.22019334049409237,0.9923070221163723
1.0,0.21911922663802363,0.9923443182871959
1.0,0.21804511278195488,0.9924190800431213
1.0,0.21697099892588614,0.9924525697013383
1.0,0.2158968850698174,0.9926746570416438
1.0,0.21482277121374865,0.9928025870624311
1.0,0.21374865735767992,0.9928448113796984
1.0,0.21267454350161116,0.9929397506393041
1.0,0.21160042964554243,0.9932460529767634
1.0,0.21052631578947367,0.993476811780658
1.0,0.20945220193340494,0.9935238021330463
1.0,0.2083780880773362,0.9935691570556897
1.0,0.20730397422126745,0.9936770282955435
1.0,0.20622986036519872,0.9937265501190349
1.0,0.20515574650912996,0.9937864235290182
1.0,0.20408163265306123,0.9939243285363799
1.0,0.20300751879699247,0.9940103009326986
1.0,0.20193340494092374,0.9940389443968491
1.0,0.200859291084855,0.994073920018039
1.0,0.19978517722878625,0.9940950304359972
1.0,0.19871106337271752,0.9941825879386675
1.0,0.19763694951664876,0.9941958935783002
1.0,0.19656283566058003,0.9943153217122407
1.0,0.19548872180451127,0.9943564376055517
1.0,0.19441460794844254,0.9944154446024124
1.0,0.1933404940923738,0.9944425333553867
1.0,0.19226638023630505,0.9944625775029525
1.0,0.19119226638023631,0.9946425901825537
1.0,0.19011815252416756,0.9946904216467168
1.0,0.18904403866809882,0.9947487181764979
1.0,0.18796992481203006,0.9947902790610655
1.0,0.18689581095596133,0.9948073961500621
1.0,0.1858216970998926,0.994864630004623
1.0,0.18474758324382384,0.9948938311338625
1.0,0.1836734693877551,0.994936831289153
1.0,0.18259935553168635,0.9950276700998493
1.0,0.18152524167561762,0.9950612187804954
1.0,0.18045112781954886,0.9951276094515396
1.0,0.17937701396348013,0.9952465829358531
1.0,0.17830290010741137,0.9953718715176293
1.0,0.17722878625134264,0.99556154191621
1.0,0.1761546723952739,0.9955623924879945
1.0,0.17508055853920515,0.9956184741030546
1.0,0.17400644468313642,0.995628359221627
1.0,0.17293233082706766,0.9956656654814002
1.0,0.17185821697099893,0.9957091352791282
1.0,0.17078410311493017,0.9957163853107311
1.0,0.16970998925886144,0.995727570343144
1.0,0.1686358754027927,0.9958152029349364
1.0,0.16756176154672395,0.9958365066867375
1.0,0.16648764769065522,0.995857120586784
1.0,0.16541353383458646,0.9959174487057816
1.0,0.16433941997851773,0.9960032246636106
1.0,0.16326530612244897,0.9960032510828537
1.0,0.16219119226638024,0.996067131524901
1.0,0.1611170784103115,0.9960931436376873
1.0,0.16004296455424274,0.9961388201139496
1.0,0.158968850698174,0.9962003187780873
1.0,0.15789473684210525,0.996228838505352
1.0,0.15682062298603652,0.9962527054317077
1.0,0.15574650912996776,0.9962747647523741
1.0,0.15467239527389903,0.9963681938648767
1.0,0.1535982814178303,0.9964334924614748
1.0,0.15252416756176154,0.996624518329628
1.0,0.1514500537056928,0.9966425710036307
1.0,0.15037593984962405,0.9966590223593896
1.0,0.14930182599355532,0.9966873194672016
1.0,0.14822771213748656,0.9966972636540863
1.0,0.14715359828141783,0.996786920798253
1.0,0.1460794844253491,0.9968184973969879
1.0,0.14500537056928034,0.9968213385059738
1.0,0.1439312567132116,0.9968363786730209
1.0,0.14285714285714285,0.996885333747099
1.0,0.14178302900107412,0.9968882974235624
1.0,0.14070891514500536,0.9968945696384478
1.0,0.13963480128893663,0.9969684344188288
1.0,0.1385606874328679,0.9970640196509273
1.0,0.13748657357679914,0.9970837678758111
1.0,0.1364124597207304,0.9971547172615541
1.0,0.13533834586466165,0.9971629544627916
1.0,0.13426423200859292,0.9972128987059702
1.0,0.13319011815252416,0.9972807894805588
1.0,0.13211600429645542,0.9973649851694565
1.0,0.1310418904403867,0.9973759337750269
1.0,0.12996777658431793,0.9974016070695015
1.0,0.1288936627282492,0.9974454647325657
1.0,0.12781954887218044,0.9975038025252722
1.0,0.1267454350161117,0.997536588455344
1.0,0.12567132116004295,0.997599665024804
1.0,0.12459720730397422,0.9976314278943669
1.0,0.12352309344790548,0.9976341915631316
1.0,0.12244897959183673,0.9976767915622338
1.0,0.12137486573576799,0.9976860953784721
1.0,0.12030075187969924,0.9977087443582259
1.0,0.11922663802363051,0.997756111398434
1.0,0.11815252416756176,0.9977832793019152
1.0,0.11707841031149302,0.9977893990760606
1.0,0.11600429645542427,0.9977913169548257
1.0,0.11493018259935553,0.9978211754320313
1.0,0.11385606874328678,0.9978376969505294
1.0,0.11063372717508056,0.9978502274315918
1.0,0.10955961331901182,0.9978724812075424
1.0,0.10848549946294307,0.9979398744035539
1.0,0.10741138560687433,0.9980615976635455
1.0,0.10633727175080558,0.9981478736776732
1.0,0.10526315789473684,0.9982897403403459
1.0,0.1041890440386681,0.9983313134848455
1.0,0.10204081632653061,0.9983485714227394
1.0,0.10096670247046187,0.9983521299921808
1.0,0.09989258861439312,0.9983558767486822
1.0,0.09881847475832438,0.9983703844868047
1.0,0.0966702470461869,0.9984220016477929
1.0,0.09559613319011816,0.9984795668854736
1.0,0.09452201933404941,0.9984830649026287
1.0,0.09344790547798067,0.9985330663921992
1.0,0.09237379162191192,0.998554552376591
1.0,0.09129967776584318,0.9985774515884099
1.0,0.09022556390977443,0.9985811522280892
1.0,0.08915145005370569,0.9985862162819882
1.0,0.08807733619763695,0.9985879429038251
1.0,0.08700322234156821,0.9986106353175231
1.0,0.08592910848549946,0.9986393449170432
1.0,0.08485499462943072,0.9986472353290172
1.0,0.08378088077336197,0.9986542313513277
1.0,0.08270676691729323,0.9986870326229698
1.0,0.08163265306122448,0.9986897859347572
1.0,0.08055853920515575,0.998700999369317
1.0,0.07841031149301826,0.9987090563395097
1.0,0.07733619763694952,0.9987147297620463
1.0,0.07626208378088077,0.9987295975346269
1.0,0.07518796992481203,0.9987398641611691
1.0,0.07411385606874328,0.9987424245986224
1.0,0.07303974221267455,0.998752943182058
1.0,0.0719656283566058,0.9987853388191315
1.0,0.07089151450053706,0.998795273013889
1.0,0.06981740064446831,0.9988318264895467
1.0,0.06874328678839957,0.9988397209126034
1.0,0.06766917293233082,0.9988939968153389
1.0,0.06659505907626208,0.9989133944107981
1.0,0.06552094522019335,0.9989224918973465
1.0,0.0644468313641246,0.9989328241915525
1.0,0.06337271750805586,0.9989359760341964
1.0,0.06229860365198711,0.9989382103810349
1.0,0.061224489795918366,0.9989589159608462
1.0,0.06015037593984962,0.9989647710069874
1.0,0.05907626208378088,0.9990134439267263
1.0,0.05800214822771214,0.9990536626038432
1.0,0.05692803437164339,0.9990572109995387
1.0,0.055853920515574654,0.9991002656225925
1.0,0.05477980665950591,0.9991214203896247
1.0,0.05370569280343716,0.9991225989561434
1.0,0.05263157894736842,0.9991456378828768
1.0,0.05155746509129968,0.9991619524834354
1.0,0.050483351235230935,0.9991653945468916
1.0,0.04940923737916219,0.9991826790613754
1.0,0.04833512352309345,0.9991890976756695
1.0,0.047261009667024706,0.9992114786125617
1.0,0.04618689581095596,0.9992165221728214
1.0,0.045112781954887216,0.9992180933893615
1.0,0.04403866809881848,0.9992201483631185
1.0,0.04296455424274973,0.9992326426972009
1.0,0.04189044038668099,0.9992471910206301
1.0,0.04081632653061224,0.9992614377758874
1.0,0.0397422126745435,0.9992658487142206
1.0,0.03866809881847476,0.9992913746249411
1.0,0.03759398496240601,0.9993005358932174
1.0,0.036519871106337275,0.9993319243348451
1.0,0.03544575725026853,0.9993562950848508
1.0,0.034371643394199784,0.9994353439972888
1.0,0.03329752953813104,0.9994574463963558
1.0,0.0322234156820623,0.999466816284208
1.0,0.031149301825993556,0.999490287770181
1.0,0.03007518796992481,0.9994967102073634
1.0,0.02900107411385607,0.999503704527138
1.0,0.027926960257787327,0.9995121345894667
1.0,0.02685284640171858,0.9995316379914783
1.0,0.02577873254564984,0.9996025429203528
1.0,0.024704618689581095,0.999635366777556
1.0,0.023630504833512353,0.9996474798043539
1.0,0.022556390977443608,0.999649178403791
1.0,0.021482277121374866,0.9996522558459936
1.0,0.02040816326530612,0.9996542342827651
1.0,0.01933404940923738,0.9996550573042068
1.0,0.018259935553168637,0.9996755877357093
1.0,0.017185821697099892,0.9996794605249033
1.0,0.01611170784103115,0.9996799666169517
1.0,0.015037593984962405,0.9996816197011636
1.0,0.013963480128893663,0.999691863661878
1.0,0.01288936627282492,0.9997238216243554
1.0,0.011815252416756176,0.9997321918441862
1.0,0.010741138560687433,0.9997754512429867
1.0,0.00966702470461869,0.9997825480308986
1.0,0.008592910848549946,0.99978941651212
1.0,0.007518796992481203,0.9997899314731441
1.0,0.00644468313641246,0.9998066164927291
1.0,0.0053705692803437165,0.9998107349612249
1.0,0.004296455424274973,0.9998162379515948
1.0,0.00322234156820623,0.999819567628441
1.0,0.0021482277121374865,0.9998354515197198
1.0,0.0010741138560687433,0.999860050003546
1.0,0.0,
