precision,recall,threshold
0.23222748815165878,1.0,3.197733672185172e-06
0.23228542914171657,1.0,5.9372065642884615e-06
0.2323433990516596,1.0,7.083758993743177e-06
0.2324013979031453,1.0,7.189067894496231e-06
0.2324594257178527,1.0,1.0691448316944926e-05
0.23251748251748253,1.0,1.3433407793206257e-05
0.23257556832375717,1.0,1.629911323065969e-05
0.23263368315842078,1.0,2.2741346777747334e-05
0.23269182704323918,1.0,2.4575428354042782e-05
0.23275,1.0,2.4857909239302145e-05
0.23280820205051264,1.0,2.5603840653382926e-05
0.2328664332166083,1.0,2.6494928417561137e-05
0.2329246935201401,1.0,2.6527231735442e-05
0.23298298298298298,1.0,2.691927495407289e-05
0.2330413016270338,1.0,2.741205024875017e-05
0.23309964947421133,1.0,2.9613767464097813e-05
0.2331580265464563,1.0,2.9626971375506917e-05
0.23321643286573146,1.0,2.9877955033041994e-05
0.23327486845402154,1.0,3.0045380725938556e-05
0.23333333333333334,1.0,3.0338068207084e-05
0.23339182752569565,1.0,3.545757514315715e-05
0.23345035105315948,1.0,3.637991093372614e-05
0.23350890393779783,1.0,3.665326630285648e-05
0.23356748620170598,1.0,3.754173672701323e-05
0.23362609786700125,1.0,3.806118753654124e-05
0.23368473895582328,1.0,3.822875613164802e-05
0.23374340949033393,1.0,3.896731013269902e-05
0.23380210949271724,1.0,3.972674981833213e-05
0.2338608389851796,1.0,4.008756847498343e-05
0.23391959798994974,1.0,4.135021564909579e-05
0.23397838652927871,1.0,4.142823802916844e-05
0.23403720462543992,1.0,4.186517589570791e-05
0.2340960523007292,1.0,4.246269432523927e-05
0.23415492957746478,1.0,4.388881705075313e-05
0.2342138364779874,1.0,4.4648601295527384e-05
0.2342727730246603,1.0,4.6226691120710114e-05
0.2343317392398691,1.0,4.976904739076429e-05
0.23439073514602216,1.0,4.98218756181598e-05
0.23444976076555024,1.0,5.0262468764160275e-05
0.2345088161209068,1.0,5.0915744661137416e-05
0.2345679012345679,1.0,5.150967584206488e-05
0.23462701612903225,1.0,5.1681769079952665e-05
0.23468616082682128,1.0,5.186604703715565e-05
0.23474533535047906,1.0,5.307823899770395e-05
0.2348045397225725,1.0,5.416515692231046e-05
0.23492303810244763,1.0,5.598496568732373e-05
0.23498233215547704,1.0,5.6397777677900886e-05
0.23504165614743752,1.0,5.8493929903739335e-05
0.2351010101010101,1.0,5.852760936949774e-05
0.2351603940388987,1.0,5.925016237516416e-05
0.23521980798383021,1.0,5.996557212696539e-05
0.23527925195855445,1.0,6.075346741864229e-05
0.2353387259858443,1.0,6.243312651331225e-05
0.23539823008849559,1.0,6.266169813325596e-05
0.23545776428932727,1.0,6.292978975768748e-05
0.23551732861118138,1.0,6.47598301463924e-05
0.23557692307692307,1.0,6.542525121943954e-05
0.23563654770944065,1.0,6.566285378621723e-05
0.23569620253164558,1.0,6.588090796155105e-05
0.23575588756647253,1.0,6.617039336063702e-05
0.23581560283687944,1.0,6.783540907586435e-05
0.23587534836584748,1.0,6.935093373220358e-05
0.23593512417638116,1.0,6.988275619868424e-05
0.23599493029150823,1.0,7.01648346058838e-05
0.2360547667342799,1.0,7.142974400668826e-05
0.23611463352777073,1.0,7.204462949898183e-05
0.23617453069507863,1.0,7.21819155444908e-05
0.23623445825932504,1.0,7.233708032305944e-05
0.23629441624365483,1.0,7.265609469200535e-05
0.23641442356526154,1.0,7.304285198008497e-05
0.23647447294894589,1.0,7.389118488144039e-05
0.23653455284552846,1.0,7.4416603785309e-05
0.23659466327827192,1.0,7.563061165339397e-05
0.23665480427046262,1.0,7.575013572392162e-05
0.23671497584541062,1.0,7.579703567139949e-05
0.23677517802644965,1.0,7.649693440390506e-05
0.23683541083693715,1.0,7.668674318243381e-05
0.23695596843980657,1.0,7.733260173849951e-05
0.2370162932790224,1.0,7.759652923725628e-05
0.23707664884135474,1.0,7.769121401522423e-05
0.23713703515028017,1.0,7.83580545199021e-05
0.23719745222929936,1.0,7.935480001783183e-05
0.2372579001019368,1.0,7.965126005023394e-05
0.237318378791741,1.0,8.123596233372259e-05
0.23737888832228454,1.0,8.159850871152095e-05
0.23743942871716398,1.0,8.168367717457788e-05
0.2375,1.0,8.238422978021981e-05
0.23756060219443736,1.0,8.404121446962038e-05
0.23762123532414497,1.0,8.408723625802558e-05
0.23768189941281592,1.0,8.572840942804525e-05
0.2377425944841675,1.0,8.589252876135123e-05
0.23780332056194126,1.0,8.627259743165663e-05
0.23786407766990292,1.0,8.752625714290357e-05
0.23792486583184258,1.0,8.79348749098232e-05
0.23798568507157464,1.0,8.813975843387932e-05
0.23804653541293785,1.0,8.81845686363112e-05
0.2381074168797954,1.0,8.97075212615948e-05
0.23816832949603478,1.0,9.046275826159562e-05
0.23822927328556806,1.0,9.10117432950448e-05
0.23829024827233172,1.0,9.183690326936056e-05
0.23835125448028674,1.0,9.191031334207743e-05
0.2384122919334187,1.0,9.194470469902988e-05
0.2384733606557377,1.0,9.201240137545072e-05
0.2385344606712785,1.0,9.280528735818712e-05
0.23859559200410047,1.0,9.300107611756867e-05
0.23865675467828762,1.0,9.303282420772688e-05
0.2387179487179487,1.0,9.423956972352503e-05
0.23877917414721722,1.0,9.462091696333438e-05
0.2388404309902514,1.0,9.470629610102574e-05
0.23890171927123427,1.0,9.478991086993098e-05
0.2389630390143737,1.0,9.537971113902813e-05
0.23902439024390243,1.0,9.612497161933486e-05
0.23908577298407807,1.0,9.662371804157214e-05
0.23914718725918316,1.0,9.752428466854382e-05
0.2392086330935252,1.0,9.766267092799369e-05
0.23927011051143665,1.0,9.77820772320787e-05
0.23933161953727505,1.0,9.831304783725172e-05
0.23939316019542298,1.0,0.00010032780924976074
0.23945473251028807,1.0,0.00010047017329072693
0.23951633650630305,1.0,0.00010087392629893367
0.2395779722079259,1.0,0.00010113412891795213
0.23963963963963963,1.0,0.00010348474377542378
0.23970133882595263,1.0,0.00010515499748058655
0.23976306979139841,1.0,0.00010705385315348881
0.2398248325605358,1.0,0.00010725302135652759
0.23988662715794898,1.0,0.00010785060395916045
0.23994845360824743,1.0,0.00010822255936680495
0.240010311936066,1.0,0.00010935373835747973
0.24007220216606498,1.0,0.0001105475496265893
0.2401341243229301,1.0,0.00011172558856839115
0.24019607843137256,1.0,0.00011398141647488749
0.24025806451612902,1.0,0.00011412582727195368
0.2403200826019618,1.0,0.00011643011225113004
0.24038213271365866,1.0,0.00011743715528692768
0.24044421487603307,1.0,0.0001188374105756494
0.24050632911392406,1.0,0.00011911314217191942
0.2405684754521964,1.0,0.00011950803489624884
0.2406306539157405,1.0,0.00012010335209099762
0.24069286452947258,1.0,0.00012095733263761513
0.24075510731833463,1.0,0.00012106308241319408
0.24081738230729435,1.0,0.00012401238057998593
0.24087968952134542,1.0,0.00012535408197019148
0.24094202898550723,1.0,0.00012645379837155173
0.24100440072482526,1.0,0.00012666212545469323
0.24106680476437078,1.0,0.00012763770918662164
0.24112924112924114,1.0,0.00012924271984525467
0.2411917098445596,1.0,0.00012943635832747446
0.2412542109354755,1.0,0.00012953871618485253
0.24131674442716433,1.0,0.00013054603704658682
0.2413793103448276,1.0,0.00013212248008175281
0.24144190871369295,1.0,0.00013216274253974997
0.24150453955901427,1.0,0.00013474875724531728
0.24156720290607162,1.0,0.00013487311091687487
0.2416298987801713,1.0,0.0001359773617599054
0.2416926272066459,1.0,0.0001360177324035328
0.24175538821085432,1.0,0.00013632602521252592
0.24181818181818182,1.0,0.00013698485474874066
0.24188100805404,1.0,0.0001374360312385014
0.24194386694386694,1.0,0.0001394685441333783
0.2420067585131271,1.0,0.0001409225900240858
0.2420696827873115,1.0,0.00014188245869143463
0.24213263979193758,1.0,0.00014373463956783087
0.24219562955254942,1.0,0.00014375352654589124
0.24225865209471767,1.0,0.0001440654473077994
0.24232170744403955,1.0,0.00014497350212394164
0.24238479562613902,1.0,0.00014512720696431713
0.24244791666666668,1.0,0.00014684173125293587
0.2425110705912998,1.0,0.00014725599045105708
0.24257425742574257,1.0,0.00014788580373301382
0.24263747719572581,1.0,0.00014931169490369351
0.2427007299270073,1.0,0.00015138857808415134
0.2427640156453716,1.0,0.000151781196419752
0.24282733437663015,1.0,0.0001523627049296957
0.24289068614662143,1.0,0.00015600463394543145
0.24295407098121086,1.0,0.00015648950759804638
0.24308093994778068,1.0,0.00015692758751448843
0.24314442413162707,1.0,0.00015735218503525598
0.24320794148380356,1.0,0.000159371465050813
0.2433350757971772,1.0,0.00015995801279207407
0.2433986928104575,1.0,0.00016031891322363265
0.2434623430962343,1.0,0.0001621787968463225
0.24352602668061732,1.0,0.00016261121995926302
0.24358974358974358,1.0,0.0001640302974936318
0.24365349384977755,1.0,0.0001648895889586543
0.243717277486911,1.0,0.00017275117434502465
0.24378109452736318,1.0,0.00017324978525638045
0.24384494499738082,1.0,0.00017414825641369982
0.24390882892323815,1.0,0.00017605364211920803
0.2439727463312369,1.0,0.00017656341513683715
0.24403669724770644,1.0,0.00017983351221755546
0.24410068169900367,1.0,0.00018043887362217628
0.24416469971151325,1.0,0.00018083911935633793
0.24422875131164742,1.0,0.00018201044692446914
0.24429283652584624,1.0,0.0001822836538396744
0.24435695538057742,1.0,0.00018288059548414063
0.24442110790233657,1.0,0.0001833529336572685
0.24448529411764705,1.0,0.00018338780430119918
0.24454951405306016,1.0,0.00018382417424798992
0.24461376773515503,1.0,0.0001843708394373856
0.24467805519053876,1.0,0.00018485731061552657
0.24474237644584648,1.0,0.00018549037542467723
0.24480673152774127,1.0,0.0001861222013045171
0.24487112046291426,1.0,0.00019025375358408682
0.24493554327808473,1.0,0.0001908319084156343
0.245,1.0,0.00019308220693350646
0.24506449065543565,1.0,0.00019350781834902251
0.24512901527119538,1.0,0.0001935976514395974
0.24519357387411114,1.0,0.00019416260578305233
0.2452581664910432,1.0,0.00019475053734649582
0.24532279314888011,1.0,0.00019505143244500788
0.24538745387453875,1.0,0.00019653797075724498
0.2454521486949644,1.0,0.00019702817455136482
0.2455816407280401,1.0,0.0001973632097217467
0.24564643799472297,1.0,0.00019846166370068857
0.24571126946423857,1.0,0.00020067099154005453
0.24577613516367477,1.0,0.00020073099922211592
0.24584103512014788,1.0,0.00020077148255709387
0.24590596936080295,1.0,0.00020133506110178492
0.24597093791281374,1.0,0.00020146669966955103
0.24603594080338267,1.0,0.00020250142025600776
0.24610097805974096,1.0,0.0002027798431367739
0.2461660497091486,1.0,0.00020331250823229697
0.24623115577889448,1.0,0.00020551046805624283
0.2462962962962963,1.0,0.00020567353496031375
0.2463614712887007,1.0,0.00020979495190645922
0.24642668078348332,1.0,0.00021009166517378628
0.2464919248080487,1.0,0.0002112373867113704
0.2465572033898305,1.0,0.00021299689561676865
0.24668786433492315,1.0,0.00021308967530538205
0.2468186638388123,1.0,0.00021366163017976693
0.24688411561919915,1.0,0.00021426257920531067
0.24694960212201592,1.0,0.00021431002683187694
0.2470151233749005,1.0,0.00021451124291110973
0.24708067940552017,1.0,0.0002151046327772152
0.24714627024157154,1.0,0.00021618063681926107
0.24721189591078066,1.0,0.0002171737235342369
0.24727755644090305,1.0,0.00021767285883859155
0.2473432518597237,1.0,0.00021800570165002482
0.24740898219505714,1.0,0.00021934352904359375
0.2474747474747475,1.0,0.00021942186144848473
0.24754054772666845,1.0,0.0002204411130471142
0.2476063829787234,1.0,0.00022072249187548781
0.24767225325884543,1.0,0.0002210080015197089
0.24773815859499734,1.0,0.00022105228196385058
0.24780409901517167,1.0,0.00022169304945671798
0.24787007454739085,1.0,0.0002217736980878272
0.24793608521970706,1.0,0.00022224598094611623
0.24800213106020244,1.0,0.00022352600858197393
0.24806821209698907,1.0,0.00022619757746570205
0.24813432835820895,1.0,0.00022633087793011322
0.2482004798720341,1.0,0.00022711891429173236
0.24826666666666666,1.0,0.00022832754514945516
0.24833288877033877,1.0,0.00022915327139300454
0.2483991462113127,1.0,0.0002291643664004227
0.24846543901788098,1.0,0.0002305579101259678
0.24853176721836626,1.0,0.0002311984123896374
0.2485981308411215,1.0,0.00023193475975882987
0.24866452991452992,1.0,0.00023300787605664918
0.24873096446700507,1.0,0.00023346177683690437
0.2487974345269909,1.0,0.00023363165824578252
0.24886394012296179,1.0,0.00023387906381304566
0.24893048128342246,1.0,0.0002348803970293672
0.24899705803690828,1.0,0.0002352263659470129
0.24906367041198502,1.0,0.0002361088705614004
0.24913031843724914,1.0,0.0002383288508821459
0.24919700214132762,1.0,0.00023858296291512647
0.24926372155287818,1.0,0.00023889153305824257
0.2493304767005892,1.0,0.00024017214946709233
0.24939726761317974,1.0,0.00024017504998519784
0.24946409431939978,1.0,0.00024125731648579694
0.24953095684803,1.0,0.00024182532205272234
0.24959785522788203,1.0,0.00024200599567680725
0.24966478948779833,1.0,0.00024205566364083548
0.24973175965665237,1.0,0.00024206598542648715
0.24979876576334853,1.0,0.0002423119876942212
0.24986580783682233,1.0,0.00024280715998937173
0.24993288590604026,1.0,0.00024356917029095214
0.25,1.0,0.00024386993888699605
0.25006715014773034,1.0,0.0002443605170359353
0.25013433637829124,1.0,0.00024487269153089687
0.250201558720774,1.0,0.00024718545227545556
0.25026881720430105,1.0,0.0002478474227941435
0.25033611185802634,1.0,0.0002486947771000337
0.250403442711135,1.0,0.00024882272236501605
0.2504708097928437,1.0,0.0002491250362748559
0.25053821313240043,1.0,0.00024938014257378926
0.2506056527590848,1.0,0.0002501994113589219
0.2507406409911123,1.0,0.00025191096450084545
0.25080818965517243,1.0,0.0002519208339109673
0.25087577472379413,1.0,0.0002524950862876183
0.2509433962264151,1.0,0.00025311548471395137
0.25101105419250475,1.0,0.00025317127257457647
0.2510787486515642,1.0,0.0002538980168342007
0.25114647963312653,1.0,0.0002540195153904912
0.2512142471667566,1.0,0.00025470018041217057
0.2512820512820513,1.0,0.00025491499103093843
0.25134989200863933,1.0,0.00025696553919375416
0.2514177693761815,1.0,0.0002583345900146025
0.2514856834143706,1.0,0.00025949358950401496
0.25155363415293164,1.0,0.0002599954856884061
0.2516216216216216,1.0,0.0002601156300285959
0.2517577068685776,1.0,0.00026123428685856923
0.2518258047065188,1.0,0.00026288829279580206
0.2518939393939394,1.0,0.0002635040474072551
0.25196211096075777,1.0,0.0002635497892601479
0.2520303194369247,1.0,0.0002643608558026012
0.2520985648524235,1.0,0.0002655802108119352
0.2521668472372698,1.0,0.0002657303006755713
0.2522351666215118,1.0,0.0002672640490092884
0.25230352303523035,1.0,0.0002679338337569684
0.2523719165085389,1.0,0.00026937256876049284
0.2524403470715835,1.0,0.00027039943636663396
0.252508814754543,1.0,0.00027047638402730504
0.25257731958762886,1.0,0.00027128529631769994
0.2526458616010855,1.0,0.0002725594355535336
0.25271444082519,1.0,0.00027298789764205263
0.2527830572902525,1.0,0.0002732389456120624
0.25285171102661597,1.0,0.00027333975940228573
0.2529204020646563,1.0,0.00027370287039079076
0.2529891304347826,1.0,0.00027460599665553477
0.2530578961674368,1.0,0.00027558076574323275
0.25312669929309406,1.0,0.0002771148362268802
0.25319553984226273,1.0,0.0002772400701857016
0.2532644178454842,1.0,0.0002793055192928879
0.25333333333333335,1.0,0.0002808364987826713
0.2534022863364181,1.0,0.00028184229015368025
0.2534712768853798,1.0,0.00028282754827566096
0.25354030501089325,1.0,0.0002844219302922065
0.2536093707436666,1.0,0.00028454913437493445
0.25367847411444144,1.0,0.0002849595494891798
0.2537476151539929,1.0,0.0002850269548868495
0.2538167938931298,1.0,0.0002850793613766742
0.2538860103626943,1.0,0.00028526931959507956
0.2539552645935625,1.0,0.0002857485421658367
0.2540245566166439,1.0,0.000286062469891498
0.2540938864628821,1.0,0.00028624106620817524
0.25416325416325414,1.0,0.00028716795659939476
0.2542326597487712,1.0,0.000287966914444485
0.25430210325047803,1.0,0.00028889620666032906
0.25437158469945353,1.0,0.000289146522472149
0.2544411041268106,1.0,0.00028914713719758355
0.254510661563696,1.0,0.000289339805130945
0.25458025704129067,1.0,0.00029164252157080027
0.2546498905908096,1.0,0.000292206952395165
0.25471956224350206,1.0,0.00029340568478427247
0.2547892720306513,1.0,0.00029449920092728527
0.25485901998357513,1.0,0.0002948085186537112
0.2549288061336254,1.0,0.0002958006430762641
0.25499863051218846,1.0,0.00029739419663744535
0.2550684931506849,1.0,0.00029758975773754774
0.25513839408057004,1.0,0.0002976149397770981
0.2552083333333333,1.0,0.0002999143518053027
0.255278310940499,1.0,0.0003016464786017919
0.2553483269336259,1.0,0.00030297704798742876
0.2554183813443073,1.0,0.0003034374790372558
0.25548847420417126,1.0,0.00030529812153233494
0.2555586055448806,1.0,0.0003064973472838653
0.2556287753981329,1.0,0.0003067635547220091
0.25569898379566053,1.0,0.0003069855433516668
0.25576923076923075,1.0,0.0003083217394855139
0.2558395163506458,1.0,0.000308731307011161
0.2559098405717427,1.0,0.00031122723917435585
0.2559802034643937,1.0,0.0003127184543262415
0.25605060506050603,1.0,0.000313120629518309
0.256121045392022,1.0,0.0003147088701122218
0.2561915244909191,1.0,0.00031473460992363075
0.25626204238921,1.0,0.0003153318345540301
0.25633259911894274,1.0,0.0003167593778837407
0.2564031947122005,1.0,0.0003176553402473883
0.25647382920110195,1.0,0.00031836522909866103
0.25654450261780104,1.0,0.00031925223169898786
0.2566152149944873,1.0,0.00031980525717410855
0.2566859663633857,1.0,0.0003200830194603972
0.25675675675675674,1.0,0.0003218186190214999
0.25682758620689655,1.0,0.0003234361401409306
0.2568984547461369,1.0,0.0003238927339238629
0.25696936240684515,1.0,0.0003253993649971013
0.2570403092214246,1.0,0.000325735423206068
0.2571112952223143,1.0,0.0003275781005850585
0.25718232044198897,1.0,0.000327712599904127
0.2572533849129594,1.0,0.000328851795358997
0.25732448866777224,1.0,0.0003292823193143988
0.257466814159292,1.0,0.00033029405776668355
0.25753803596127245,1.0,0.00033095209617879727
0.2576092971776425,1.0,0.00033118287439088415
0.25768059784112923,1.0,0.00033156321785299747
0.25775193798449614,1.0,0.00033255727081017825
0.2578233176405428,1.0,0.0003339202564006871
0.2578947368421053,1.0,0.00033394284753419744
0.25796619562205597,1.0,0.0003347163197203578
0.2580376940133038,1.0,0.00033567420679931264
0.258109232048794,1.0,0.00033631268896333014
0.2581808097615086,1.0,0.0003372676362740152
0.258252427184466,1.0,0.0003379385944184543
0.2583240843507214,1.0,0.00033802995707870004
0.25839578129336666,1.0,0.0003395277091180466
0.25846751804553025,1.0,0.0003397000996378691
0.25853929464037767,1.0,0.000341613686913842
0.2586111111111111,1.0,0.0003425030830762218
0.2586829674909697,1.0,0.0003427776899130617
0.2587548638132296,1.0,0.0003429299876768592
0.2588268001112038,1.0,0.0003431771490343878
0.2588987764182425,1.0,0.0003440421483121011
0.25897079276773294,1.0,0.0003448103008642168
0.2590428491930996,1.0,0.0003452144231115901
0.2591149457278041,1.0,0.0003457213628591719
0.2591870824053452,1.0,0.00034857839568024513
0.25925925925925924,1.0,0.00035035888443843763
0.25933147632311976,1.0,0.00035054799685001555
0.25940373363053776,1.0,0.0003512155541181083
0.25947603121516166,1.0,0.00035157663083976485
0.25954836911067747,1.0,0.0003517096129537991
0.2596207473508087,1.0,0.0003531102300074007
0.2596931659693166,1.0,0.0003533537500266356
0.259765625,1.0,0.0003538057399691441
0.2598381244766955,1.0,0.00035458430994219487
0.2599106644332775,1.0,0.00035529549433874365
0.2599832449036582,1.0,0.0003565929127156759
0.2600558659217877,1.0,0.00035693215361509874
0.2601285275216541,1.0,0.00035725111179870923
0.2602012297372834,1.0,0.0003618175433736607
0.2602739726027397,1.0,0.00036308877092113337
0.26034675615212527,1.0,0.0003635458692815562
0.2604195804195804,1.0,0.0003645983272351403
0.26049244543928374,1.0,0.0003669798885557368
0.260565351245452,1.0,0.0003681418510578003
0.26063829787234044,1.0,0.0003688620160378626
0.2607112853542425,1.0,0.00037029361969740136
0.2607843137254902,1.0,0.00037039780342903387
0.2608573830204539,1.0,0.0003712155646513345
0.2609304932735426,1.0,0.00037343502814947676
0.2610036445192038,1.0,0.0003736655743630195
0.2610768367919237,1.0,0.0003748617860737782
0.2611500701262272,1.0,0.00037576546891132125
0.2612233445566779,1.0,0.0003760107374098151
0.26129666011787817,1.0,0.00037665239809363927
0.2613700168444694,1.0,0.00037821602827602124
0.2614434147711317,1.0,0.0003785499526737799
0.2615168539325843,1.0,0.00037929128965695985
0.26159033436358525,1.0,0.00038146708221296503
0.261663856098932,1.0,0.00038284715106403445
0.2617374191734608,1.0,0.00038488932136093533
0.2618110236220472,1.0,0.00038681679781323784
0.2618846694796062,1.0,0.00038689794219795717
0.26195835678109175,1.0,0.0003871255461297813
0.2620320855614973,1.0,0.000387210641657872
0.26210585585585583,1.0,0.0003898774157872668
0.26217966769923967,1.0,0.00038996311597823814
0.26225352112676054,1.0,0.00039033171208583886
0.26232741617357,1.0,0.00039083901829687
0.26240135287485905,1.0,0.00039171657349243655
0.2624753312658585,1.0,0.00039436896782313704
0.2625493513818387,1.0,0.0003959007309809331
0.26262341325811,1.0,0.0003967253252843939
0.2626975169300226,1.0,0.0004022253316963723
0.2627716624329664,1.0,0.0004034466283680587
0.2628458498023715,1.0,0.0004036289045699002
0.262920079073708,1.0,0.00040404208318624383
0.26299435028248586,1.0,0.0004049234683516626
0.26306866346425545,1.0,0.0004060106957622543
0.2631430186546071,1.0,0.0004063160807776358
0.26321741588917164,1.0,0.0004063862628825572
0.2632918552036199,1.0,0.00040663049746600226
0.2633663366336634,1.0,0.0004068041592953282
0.26344086021505375,1.0,0.0004073159673659945
0.26351542598358335,1.0,0.0004088967549931029
0.26359003397508496,1.0,0.00040898408359940874
0.2636646842254319,1.0,0.0004100996642609413
0.26373937677053827,1.0,0.0004105989977634372
0.26381411164635876,1.0,0.000411027545549127
0.2638888888888889,1.0,0.00041146978630773515
0.263963708534165,1.0,0.000411770245875208
0.2640385706182643,1.0,0.0004122789697643166
0.264113475177305,1.0,0.00041434153169750046
0.2641884222474461,1.0,0.00041656590993628434
0.2642634118648879,1.0,0.00041689171704448164
0.26433844406587165,1.0,0.0004176450091238468
0.2644135188866799,1.0,0.00041783212347450057
0.26448863636363634,1.0,0.0004186079671333367
0.264563796533106,1.0,0.00041994553234240894
0.26463899943149516,1.0,0.0004214440550602222
0.26471424509525165,1.0,0.0004226711822598704
0.2647895335608646,1.0,0.0004229306031223457
0.2648648648648649,1.0,0.00042424626344774716
0.2649402390438247,1.0,0.00042480751133099455
0.2650156561343581,1.0,0.0004258451510156105
0.26509111617312076,1.0,0.00042887213966825386
0.26516661919681,1.0,0.00043017557262547995
0.26524216524216526,1.0,0.0004319206354369307
0.2653177543459675,1.0,0.0004335552437213698
0.2653933865450399,1.0,0.0004340866963954448
0.2654690618762475,1.0,0.0004346508453451734
0.2655447803764974,1.0,0.00043595998749788027
0.26562054208273894,1.0,0.0004376371953300987
0.2656963470319635,1.0,0.0004379493481430655
0.26577219526120466,1.0,0.0004381589331484561
0.2658480868075386,1.0,0.00043817712752063114
0.2659240217080834,1.0,0.0004382198674894367
0.266,1.0,0.00044009383849560576
0.26607602172049155,1.0,0.0004404319416070616
0.26615208690680386,1.0,0.0004413347791526858
0.26622819559622535,1.0,0.0004425846781691658
0.266304347826087,1.0,0.00044294240015502916
0.2663805436337625,1.0,0.00044372955685061756
0.2664567830566686,1.0,0.00044805645855054417
0.2665330661322645,1.0,0.0004486710945852486
0.2666093928980527,1.0,0.0004495716735636512
0.26668576339157835,1.0,0.0004504924747212656
0.2667621776504298,1.0,0.00045240464704713836
0.2668386357122385,1.0,0.00045308854462309286
0.2669151376146789,1.0,0.0004546879843917842
0.26699168339546886,1.0,0.0004553802004083593
0.26706827309236947,1.0,0.00045564355113690276
0.2671449067431851,1.0,0.00045582667192578394
0.2672215843857635,1.0,0.0004566365088528881
0.267298306057996,1.0,0.00045755970623895253
0.26737507179781733,1.0,0.0004588723871788074
0.267451881643206,1.0,0.0004590666770789287
0.26752873563218393,1.0,0.0004601096650539474
0.2676056338028169,1.0,0.0004613761439865787
0.2676825761932145,1.0,0.0004617520698037462
0.2677595628415301,1.0,0.00046179867945408715
0.26783659378596086,1.0,0.0004623297014594629
0.2679136690647482,1.0,0.00046484217372750084
0.2679907887161773,1.0,0.000465659134755082
0.2680679527785776,1.0,0.00046574998049513555
0.26814516129032256,1.0,0.00046592449797602857
0.26822241428983,1.0,0.0004667321325798637
0.26829971181556195,1.0,0.0004684713296370552
0.2683770539060248,1.0,0.00046889476082579015
0.2684544405997693,1.0,0.00047129749626967853
0.26853187193539085,1.0,0.0004740984334143284
0.26860934795152913,1.0,0.00047443810253662485
0.2686868686868687,1.0,0.00047646025378407275
0.26876443418013857,1.0,0.0004765106687056724
0.2688420444701126,1.0,0.00047694924092524655
0.26891969959560946,1.0,0.0004779082479151423
0.2689973995954926,1.0,0.00047916676296754364
0.26907514450867054,1.0,0.0004825393857336572
0.2692307692307692,1.0,0.00048286318501198304
0.2693086491177321,1.0,0.00048325750901147155
0.26938657407407407,1.0,0.00048368145827985397
0.26946454413892906,1.0,0.00048600261089680637
0.26954255935147653,1.0,0.00048683562893090255
0.2696206197509412,1.0,0.0004894233243261246
0.2696987253765933,1.0,0.000489567774956604
0.2697768762677485,1.0,0.0004907563771853442
0.2698550724637681,1.0,0.0004910192008484169
0.2699333140040591,1.0,0.0004917573985860507
0.27001160092807425,1.0,0.0004931730439745162
0.2700899332753119,1.0,0.0004932816251169231
0.2701683110853163,1.0,0.0004956397944113726
0.27024673439767777,1.0,0.000498554644875209
0.2703252032520325,1.0,0.0004987590266146246
0.27040371768806276,1.0,0.000499967316915922
0.2704822777454968,1.0,0.0005001696916383068
0.2705608834641093,1.0,0.0005015522984091414
0.27063953488372094,1.0,0.0005019050840569777
0.27071823204419887,1.0,0.0005020848189674841
0.2707969749854567,1.0,0.000502130354883822
0.2708757637474542,1.0,0.0005028491555233028
0.2709545983701979,1.0,0.0005041896223367667
0.2710334788937409,1.0,0.000506920055213097
0.27119137780367025,1.0,0.000507100565760339
0.2712703962703963,1.0,0.0005090102392819106
0.271349460798601,1.0,0.0005092474519298211
0.2714285714285714,1.0,0.0005111227457837034
0.27150772820064156,1.0,0.000511429666450209
0.27158693115519256,1.0,0.0005120694107708773
0.27166618033265244,1.0,0.0005143347154559158
0.2717454757734968,1.0,0.0005150660853017275
0.27182481751824816,1.0,0.0005151153578855642
0.27190420560747663,1.0,0.0005159762766437369
0.2719836400817996,1.0,0.0005167519754239509
0.27206312098188196,1.0,0.0005201317973477907
0.27214264834843616,1.0,0.0005217900727576047
0.2722222222222222,1.0,0.0005251927839161332
0.27230184264404794,1.0,0.0005256379272609862
0.27238150965476887,1.0,0.0005291139232447263
0.27246122329528827,1.0,0.0005340989677814699
0.2725409836065574,1.0,0.0005353641629749963
0.2726207906295754,1.0,0.0005368486777219426
0.27270064440538955,1.0,0.0005380865657282104
0.27278054497509524,1.0,0.0005396055205413289
0.2728604923798359,1.0,0.0005417987063697668
0.2729404866608033,1.0,0.0005425339041761062
0.2730205278592375,1.0,0.0005441238232142105
0.2731006160164271,1.0,0.0005452638164358105
0.27318075117370894,1.0,0.0005454399978073622
0.27326093337246843,1.0,0.0005456257674522312
0.27334116265413977,1.0,0.0005461920114347793
0.2734214390602056,1.0,0.0005463453433517653
0.2735017626321974,1.0,0.0005470115661935984
0.27358213341169557,1.0,0.0005471129688509923
0.2736625514403292,1.0,0.0005517208737454964
0.2737430167597765,1.0,0.0005568202205412542
0.2738235294117647,1.0,0.0005585436226656281
0.27390408943807004,1.0,0.000559894547867736
0.27398469688051796,1.0,0.0005609596220231623
0.27406535178098324,1.0,0.0005622563531412057
0.2741460541813899,1.0,0.0005625894033774295
0.27422680412371137,1.0,0.0005660984848194388
0.27430760164997053,1.0,0.0005675737481911745
0.2743884468022399,1.0,0.0005687588846734179
0.27446933962264153,1.0,0.0005688857409949176
0.2745502801533471,1.0,0.0005694532369746476
0.27463126843657815,1.0,0.0005706588156441382
0.2747123045146061,1.0,0.0005750031912536189
0.27479338842975204,1.0,0.0005793414678821197
0.27487452022438735,1.0,0.0005805074616459882
0.2749556999409333,1.0,0.000583120557872863
0.27503692762186116,1.0,0.000584742474545334
0.27511820330969267,1.0,0.0005893098247410009
0.2751995270469997,1.0,0.0005903921276170462
0.2752808988764045,1.0,0.0005914167174609425
0.2753623188405797,1.0,0.0005914222945322714
0.27544378698224853,1.0,0.0005919677447464654
0.2755253033441847,1.0,0.0005932798848733768
0.2756068679692126,1.0,0.0005956419017226971
0.2756884809002073,1.0,0.0005968093486154751
0.27577014218009477,1.0,0.0005983460102972485
0.27585185185185185,1.0,0.0005989583935195763
0.27593360995850624,1.0,0.0006000835944291948
0.27601541654313666,1.0,0.0006024327611394133
0.2760972716488731,1.0,0.0006034295745372237
0.27617917531889646,1.0,0.0006052616971525427
0.2763431285247848,1.0,0.0006053224827462778
0.2764251781472684,1.0,0.0006054566600539522
0.2765072765072765,1.0,0.000605818734126173
0.2765894236482472,1.0,0.0006078745788221938
0.27667161961367015,1.0,0.0006098098774358856
0.27675386444708683,1.0,0.000610716002857418
0.2768361581920904,1.0,0.0006148370741101307
0.276918500892326,1.0,0.0006155646062887825
0.27700089259149063,1.0,0.0006155930065978568
0.27708333333333335,1.0,0.0006172820423805505
0.2771658231616553,1.0,0.0006179086086974704
0.27724836212030973,1.0,0.0006182392673668238
0.27733095025320226,1.0,0.000618827173972323
0.2774962742175857,1.0,0.0006218612917676698
0.2775790101371497,1.0,0.0006300029473941565
0.2776617954070981,1.0,0.0006303601737292883
0.27774463007159905,1.0,0.0006337966227647786
0.27782751417487317,1.0,0.0006340526465789509
0.27791044776119406,1.0,0.0006342394598877171
0.27799343087488804,1.0,0.0006432861688603943
0.27807646356033455,1.0,0.0006434654081166831
0.27815954586196595,1.0,0.0006455008489851975
0.27824267782426776,1.0,0.0006462929817367316
0.2783258594917788,1.0,0.0006509068237194769
0.2784090909090909,1.0,0.0006542151210742681
0.27849237212084954,1.0,0.0006559160559489427
0.27857570317175345,1.0,0.0006579046855519611
0.27865908410655493,1.0,0.0006580117348261707
0.27874251497005986,1.0,0.0006584874743286732
0.27882599580712786,1.0,0.0006610597505060339
0.27890952666267227,1.0,0.0006613840750729374
0.2789931075816602,1.0,0.0006648491617187153
0.2790767386091127,1.0,0.0006679660180313425
0.279160419790105,1.0,0.0006735567572070816
0.27924415116976603,1.0,0.0006743662795052913
0.27932793279327933,1.0,0.0006839849604651938
0.27941176470588236,1.0,0.0006860873399468636
0.279495646952867,1.0,0.0006879845759586064
0.2795795795795796,1.0,0.0006887707292333147
0.27966356263142084,1.0,0.000690687678104564
0.27974759615384615,1.0,0.0006923288462963106
0.2798316801923655,1.0,0.000693705670841603
0.27991581479254357,1.0,0.0006984737202743888
0.28,1.0,0.0006991525876300262
0.28008423586040915,1.0,0.0007016611302870105
0.28016852241950047,1.0,0.0007045641350104054
0.2802528597230584,1.0,0.0007089187798253647
0.2803372478169226,1.0,0.0007155798565472707
0.280421686746988,1.0,0.0007167199280111163
0.28050617655920457,1.0,0.0007204829102983041
0.2805907172995781,1.0,0.0007206605515162773
0.2806753090141694,1.0,0.0007220603304319846
0.2807599517490953,1.0,0.0007223056334982609
0.2808446455505279,1.0,0.0007243821285612106
0.28092939046469523,1.0,0.0007266942416195941
0.28101418653788107,1.0,0.0007286434764787005
0.28109903381642515,1.0,0.0007333919770762769
0.28118393234672306,1.0,0.000733967362062063
0.2812688821752266,1.0,0.0007370587409233121
0.28135388334844363,1.0,0.0007427619042242268
0.28143893591293834,1.0,0.0007446453967762791
0.2815240399153311,1.0,0.0007504540514405216
0.28160919540229884,1.0,0.000750591119177645
0.28169440242057486,1.0,0.000757094123784293
0.2817796610169492,1.0,0.000763620841630182
0.28186497123826826,1.0,0.0007704833710719282
0.28195033313143547,1.0,0.0007730393838836196
0.2820357467434111,1.0,0.0007756730131558444
0.2821212121212121,1.0,0.0007759487499559401
0.2822067293119127,1.0,0.0007774985163380546
0.282292298362644,1.0,0.0007777843024489713
0.2823779193205945,1.0,0.0007793505605288754
0.2824635922330097,1.0,0.000786508819317531
0.2825493171471927,1.0,0.0007900392151907286
0.28263509411050397,1.0,0.0007923257566706863
0.28272092317036135,1.0,0.0007939414162626296
0.2828068043742406,1.0,0.0007975767656815516
0.2828927377696749,1.0,0.0007985091299441252
0.28297872340425534,1.0,0.000805616015061258
0.2830647613256309,1.0,0.0008080054797811146
0.2831508515815085,1.0,0.0008090791285828515
0.2832369942196532,1.0,0.000815461558553891
0.283323189287888,1.0,0.0008154981117398342
0.28340943683409436,1.0,0.0008196488889127926
0.28349573690621194,1.0,0.0008211797386675982
0.2835820895522388,1.0,0.0008228097351030873
0.28366849482023154,1.0,0.0008258371121747134
0.28375495275830537,1.0,0.0008270910565887713
0.2838414634146341,1.0,0.0008302990790433714
0.28392802683745044,1.0,0.0008310845265946023
0.28401464307504576,1.0,0.0008393327513938631
0.2841013121757705,1.0,0.0008395093483712984
0.2841880341880342,1.0,0.0008448467487842668
0.28427480916030534,1.0,0.0008454742540368132
0.2843616371411118,1.0,0.0008482715020942082
0.28444851817904065,1.0,0.0008504581356178778
0.2845354523227384,1.0,0.0008628405326927502
0.28462243962091105,1.0,0.0008657657681736292
0.28470948012232417,1.0,0.0008678784391955686
0.284796573875803,1.0,0.0008681282567308072
0.28488372093023256,1.0,0.0008687150276902052
0.2849709213345577,1.0,0.0008691148328155007
0.2850581751377832,1.0,0.0008748872646748651
0.28514548238897397,1.0,0.0008752880262985012
0.2852328431372549,1.0,0.0008787763552066567
0.2853202574318112,1.0,0.0008838158109225313
0.2854077253218884,1.0,0.0008866778306862338
0.2854952468567924,1.0,0.0008870552960326133
0.2855828220858896,1.0,0.000896095315106957
0.28567045105860694,1.0,0.0008974513207183159
0.28575813382443216,1.0,0.0009015316376348854
0.2858458704329137,1.0,0.000904224349986487
0.28593366093366096,1.0,0.000908191433831804
0.2860215053763441,1.0,0.0009129135710710041
0.28610940381069455,1.0,0.0009179340627238399
0.2861973562865048,1.0,0.0009208147846147748
0.28628536285362854,1.0,0.0009237107617653173
0.2863734235619809,1.0,0.0009258688659970611
0.28646153846153843,1.0,0.000926341767118341
0.28654970760233917,1.0,0.0009320481716538401
0.28663793103448276,1.0,0.00093217814995675
0.2867262088081306,1.0,0.0009324075520313393
0.28681454097350584,1.0,0.0009324468031260545
0.2869029275808937,1.0,0.0009329950424458134
0.2869913686806412,1.0,0.0009362222103115221
0.2870798643231576,1.0,0.0009387452890436832
0.28716841455891423,1.0,0.0009390714300054888
0.28725701943844495,1.0,0.0009395035845194952
0.2874343933312751,1.0,0.0009418277128539006
0.2875231624459543,1.0,0.0009454302659064705
0.2876119864071671,1.0,0.0009480851840291915
0.2877008652657602,1.0,0.0009507462148599051
0.28778979907264296,1.0,0.0009557669208980319
0.2878787878787879,1.0,0.0009573768371640618
0.28796783173523044,1.0,0.0009582154369164907
0.2880569306930693,1.0,0.0009583050972964595
0.28814608480346643,1.0,0.0009589246954273389
0.28823529411764703,1.0,0.0009596701904565023
0.2883245586869,1.0,0.0009625570673943388
0.28841387856257744,1.0,0.000966611459266222
0.2885032537960954,1.0,0.000967939957702407
0.28859268443893366,1.0,0.0009733542798628064
0.2886821705426357,1.0,0.0009762822810099146
0.2887717121588089,1.0,0.0009765408820191332
0.288861309339125,1.0,0.0009780532659527553
0.2889509621353197,1.0,0.0009793958042440625
0.2890406705991928,1.0,0.0009892228432744486
0.2891304347826087,1.0,0.0009907529001863906
0.28922025473749613,1.0,0.0009937144410077565
0.28931013051584836,1.0,0.0009942467736840975
0.28940006216972336,1.0,0.0009952584354541375
0.28949004975124376,1.0,0.00100131002228872
0.2895800933125972,1.0,0.001002695451483334
0.2896701929060361,1.0,0.0010060136554005943
0.289760348583878,1.0,0.0010082019194628663
0.2898505603985056,1.0,0.0010091722766004724
0.28994082840236685,1.0,0.0010106729340778604
0.2900311526479751,1.0,0.0010145549207577341
0.290121533187909,1.0,0.0010147676150502876
0.290211970074813,1.0,0.0010236896706051417
0.2903024633613969,1.0,0.0010264265486370123
0.2903930131004367,1.0,0.001030067854708103
0.2904836193447738,1.0,0.0010354069587196158
0.29057428214731584,1.0,0.0010440599806908017
0.29066500156103653,1.0,0.001046308928771614
0.29075577763897564,1.0,0.0010519453126909663
0.2908466104342393,1.0,0.00105308957363617
0.2909375,1.0,0.001055704848174659
0.2910284463894967,1.0,0.0010597042916029918
0.29111944965603503,1.0,0.0010598091606799783
0.2912105098529872,1.0,0.0010636098443176317
0.29130162703379225,1.0,0.0010649591122361072
0.29139280125195616,1.0,0.0010663492112444426
0.291484032561052,1.0,0.0010680952447955526
0.2915753210147197,1.0,0.0010681751016813213
0.2916666666666667,1.0,0.001068186152779851
0.2917580695706675,1.0,0.0010695743723706116
0.2918495297805643,1.0,0.0010892026050989784
0.29194104735026655,1.0,0.0010900972380441629
0.29203262233375155,1.0,0.001090335729692119
0.2921242547850643,1.0,0.001096820424563872
0.29221594475831764,1.0,0.0010978256312624696
0.2923076923076923,1.0,0.0010978811079296665
0.2923994974874372,1.0,0.0011047316753185603
0.292583280955374,1.0,0.0011118938708422753
0.2926752593524049,1.0,0.0011156186760420278
0.29276729559748427,1.0,0.0011213868326315506
0.29285938974520287,1.0,0.0011216482769404305
0.29295154185022027,1.0,0.0011283182374641296
0.29304375196726473,1.0,0.0011438240580111518
0.29322834645669293,1.0,0.0011480239890117366
0.2933207309388784,1.0,0.0011500144379502735
0.2934131736526946,1.0,0.001151836495193313
0.29350567465321564,1.0,0.0011526431633754428
0.293598233995585,1.0,0.0011548827739391438
0.29369085173501575,1.0,0.0011555009755544496
0.2937835279267908,1.0,0.0011564936577385845
0.29387626262626265,1.0,0.0011716032952477807
0.2939690558888538,1.0,0.0011752744387227558
0.29406190777005686,1.0,0.0011770997720295967
0.29415481832543444,1.0,0.0011830380345546775
0.2942477876106195,1.0,0.0011912723046135394
0.2943408156813152,1.0,0.0011939297407080915
0.2945270484024043,1.0,0.001202409853713247
0.294620253164557,1.0,0.001213887897884027
0.29471351693573916,1.0,0.0012174118380103205
0.2948068397720076,1.0,0.0012197904504590495
0.29490022172949004,1.0,0.0012236327821997857
0.2949936628643853,1.0,0.0012364337058399823
0.2950871632329635,1.0,0.0012366354789342625
0.29518072289156627,1.0,0.001236936163936464
0.2952743418966064,1.0,0.0012384831420760181
0.29536802030456855,1.0,0.0012439788550720116
0.29546175817200887,1.0,0.001247279308913967
0.29555555555555557,1.0,0.0012493769566057002
0.2956494125119085,1.0,0.0012582365431478995
0.2957433290978399,1.0,0.0012610692844001558
0.2958373053701938,1.0,0.0012630334965415377
0.29593134138588684,1.0,0.001265478556961144
0.29602543720190777,1.0,0.0012686037406850596
0.2961195928753181,1.0,0.001272452608613643
0.2962138084632517,1.0,0.0012759472340557166
0.29630808402291536,1.0,0.001276690114724117
0.29640241961158864,1.0,0.001297314153128831
0.2964968152866242,1.0,0.0013000119225559036
0.2965912711054476,1.0,0.001305688341626423
0.29668578712555765,1.0,0.0013125968000649896
0.2967803634045266,1.0,0.0013132594576508218
0.296875,1.0,0.0013219186529053112
0.296969696969697,1.0,0.0013308664501970866
0.2970644543714103,1.0,0.001334523381776403
0.2971592722630067,1.0,0.0013501549163679593
0.29725415070242656,1.0,0.001357174702969761
0.2973490897476844,1.0,0.001359430796472487
0.297444089456869,1.0,0.001363012326904624
0.2975391498881432,1.0,0.0013722095539716805
0.2976342710997442,1.0,0.0013757323600691164
0.297729453149984,1.0,0.001377993439171508
0.2978246960972489,1.0,0.001379761465812712
0.29792,1.0,0.001392668200304096
0.2980153649167734,1.0,0.0013997353992136572
0.29811079090618,1.0,0.00140524952091358
0.2982062780269058,1.0,0.0014095584560572258
0.2983018263377123,1.0,0.0014118468333745257
0.2983974358974359,1.0,0.001419688593563043
0.2984931067649888,1.0,0.0014223637917302571
0.29858883899935856,1.0,0.0014267802220499948
0.2986846326596086,1.0,0.0014289270912810823
0.29878048780487804,1.0,0.001446752273062065
0.298876404494382,1.0,0.0014474591815778052
0.2989723827874117,1.0,0.0014476180483600674
0.2990684227433344,1.0,0.0014661945462274238
0.2991645244215938,1.0,0.0014679451948631933
0.29926068788171006,1.0,0.0014699481041006539
0.2993569131832797,1.0,0.0014718512031636733
0.29945320038597617,1.0,0.001475018286088996
0.29954954954954954,1.0,0.0014766056128922454
0.2996459607338268,1.0,0.0014785142083890699
0.29974243399871214,1.0,0.0014811330236339
0.2998389694041868,1.0,0.0014825770066924373
0.29993556701030927,1.0,0.001486254130239715
0.3000322268772156,1.0,0.0014870904957409452
0.3001289490651193,1.0,0.001490897468795009
0.3002257336343115,1.0,0.0014917735632347514
0.30032258064516126,1.0,0.0014945424252874385
0.30041949015811553,1.0,0.0015013616369137562
0.30051646223369916,1.0,0.0015051999900842757
0.3006134969325153,1.0,0.0015079375890319896
0.3007105943152455,1.0,0.0015082838008557858
0.30080775444264946,1.0,0.0015297786801183387
0.3009049773755656,1.0,0.0015415214030220481
0.3010022631749111,1.0,0.0015445843944800004
0.3010996119016818,1.0,0.001546570297906386
0.30119702361695244,1.0,0.0015515794115523378
0.301294498381877,1.0,0.0015644079014647944
0.30139203625768857,1.0,0.001565535570841701
0.3014896373056995,1.0,0.0015693692622101676
0.30158730158730157,1.0,0.0015704730039937348
0.3016850291639663,1.0,0.0015742326874640165
0.3017828200972447,1.0,0.001584863488315477
0.30197859228024654,1.0,0.0015867556035072182
0.3020765736534718,1.0,0.001596115845395076
0.3021746186303148,1.0,0.0015976238370530881
0.30227272727272725,1.0,0.0016002014776203468
0.30237089964274116,1.0,0.001601836237811833
0.30246913580246915,1.0,0.0016021846728755292
0.30256743581410467,1.0,0.0016074479643531034
0.3027642276422764,1.0,0.0016142334104665439
0.30286271958360445,1.0,0.0016188604087455493
0.30296127562642367,1.0,0.0016230041663637693
0.3030598958333333,1.0,0.0016263109348676837
0.303158580267014,1.0,0.0016303537460840836
0.303257328990228,1.0,0.0016304513118424813
0.3033561420658195,1.0,0.0016321770078958238
0.30345501955671444,1.0,0.0016345268747539048
0.3036529680365297,1.0,0.0016402921206294019
0.3037520391517129,1.0,0.001640916323584224
0.30385117493472585,1.0,0.0016417844633678466
0.3039503754489063,1.0,0.0016419285478634455
0.30424836601307187,1.0,0.0016426507422051735
0.30434782608695654,1.0,0.0016485674038851726
0.30444735120994115,1.0,0.0016504962189377837
0.304546941445862,1.0,0.0016534402838623051
0.30464659685863876,1.0,0.0016581804089238236
0.30474631751227493,1.0,0.0016653248508046018
0.30504587155963303,1.0,0.001669587343432646
0.3051458538184202,1.0,0.001672593714002494
0.3052459016393443,1.0,0.0016737190272758642
0.3053460150869137,1.0,0.0016754438359267477
0.3054461942257218,1.0,0.0016856011838701835
0.3055464391204463,1.0,0.0016864463884256912
0.3056467498358503,1.0,0.0016900195401496558
0.3057471264367816,1.0,0.0016912367020414704
0.30584756898817345,1.0,0.001691420903996583
0.3059480775550444,1.0,0.0016994882128908485
0.3060486522024984,1.0,0.0017016309783974657
0.3061492929957251,1.0,0.001702017220935957
0.30625,1.0,0.0017052599815244106
0.3060217176702863,0.9989258861439313,0.0017053985716814414
0.30612244897959184,0.9989258861439313,0.0017055936178603356
0.30622324662495887,0.9989258861439313,0.0017092312747244193
0.30632411067193677,0.9989258861439313,0.0017185179749022363
0.30642504118616143,0.9989258861439313,0.0017220591387292832
0.3065260382333553,0.9989258861439313,0.0017246122073246218
0.3066271018793274,0.9989258861439313,0.0017339778889947771
0.30672823218997364,0.9989258861439313,0.0017443006004427817
0.3068294292312768,0.9989258861439313,0.0017462870902558254
0.3069306930693069,0.9989258861439313,0.0017499293413214428
0.3070320237702212,0.9989258861439313,0.0017511845411906427
0.30713342140026423,0.9989258861439313,0.0017543424627892992
0.3072348860257681,0.9989258861439313,0.0017590554768334688
0.3073364177131527,0.9989258861439313,0.0017659605850059025
0.3074380165289256,0.9989258861439313,0.0017711677893802456
0.30753968253968256,0.9989258861439313,0.0017810615303705337
0.3076414158121072,0.9989258861439313,0.0017816997473732105
0.30774321641297153,0.9989258861439313,0.0017935058906342252
0.30784508440913605,0.9989258861439313,0.0017964023450873401
0.3079470198675497,0.9989258861439313,0.0018091538833808886
0.3080490228552501,0.9989258861439313,0.0018122414315697034
0.3081510934393638,0.9989258861439313,0.001813895511839899
0.3082532316871064,0.9989258861439313,0.0018142273234083703
0.3083554376657825,0.9989258861439313,0.0018142373683957714
0.30845771144278605,0.9989258861439313,0.0018245747872595024
0.3085600530856005,0.9989258861439313,0.0018265303273212864
0.30866246266179886,0.9989258861439313,0.0018267709959547823
0.30876494023904383,0.9989258861439313,0.0018282919385358446
0.308867485885088,0.9989258861439313,0.0018302510073393485
0.3089700996677741,0.9989258861439313,0.0018361194330389935
0.3090727816550349,0.9989258861439313,0.0018370044362447753
0.3091755319148936,0.9989258861439313,0.0018472855811775045
0.30927835051546393,0.9989258861439313,0.001854082250286717
0.3093812375249501,0.9989258861439313,0.0018549550517181297
0.30948419301164726,0.9989258861439313,0.00185625905753636
0.30958721704394143,0.9989258861439313,0.0018718691069744761
0.3096903096903097,0.9989258861439313,0.0018721354807123799
0.3097934710193205,0.9989258861439313,0.0018922804220806444
0.30989670109963346,0.9989258861439313,0.0018985356670315208
0.31,0.9989258861439313,0.001905962321446834
0.31010336778926306,0.9989258861439313,0.0019118211538554088
0.31020680453635757,0.9989258861439313,0.001912282872425549
0.3103103103103103,0.9989258861439313,0.0019144729327689486
0.3104138851802403,0.9989258861439313,0.0019164453679721787
0.3105175292153589,0.9989258861439313,0.0019177913139847322
0.3106212424849699,0.9989258861439313,0.0019206831788560281
0.3107250250584698,0.9989258861439313,0.0019258553872195704
0.3108288770053476,0.9989258861439313,0.0019380909049359024
0.31093279839518556,0.9989258861439313,0.0019402470612455828
0.3110367892976589,0.9989258861439313,0.0019437457227115605
0.311140849782536,0.9989258861439313,0.0019530185891055473
0.3112449799196787,0.9989258861439313,0.0019555264598402336
0.31134917977904253,0.9989258861439313,0.001957541108544559
0.3114534494306765,0.9989258861439313,0.001962011642685439
0.31155778894472363,0.9989258861439313,0.001964677884152016
0.3116621983914209,0.9989258861439313,0.001970600817460576
0.31176667784109957,0.9989258861439313,0.00198751820943254
0.3118712273641851,0.9989258861439313,0.0019879069360205694
0.3119758470311976,0.9989258861439313,0.0019955367137342896
0.31208053691275167,0.9989258861439313,0.0019987936952459025
0.3121852970795569,0.9989258861439313,0.002002428936480249
0.31229012760241776,0.9989258861439313,0.002003370215157565
0.3123950285522338,0.9989258861439313,0.0020041457959379984
0.3125,0.9989258861439313,0.0020060373284087347
0.3126050420168067,0.9989258861439313,0.0020158289738426384
0.31271015467383995,0.9989258861439313,0.0020162218817296883
0.31281533804238143,0.9989258861439313,0.002021266740319417
0.31292059219380886,0.9989258861439313,0.0020213531411860173
0.3130259171995961,0.9989258861439313,0.0020235933569271104
0.31313131313131315,0.9989258861439313,0.0020305319617283124
0.3132367800606265,0.9989258861439313,0.0020379542898229133
0.3133423180592992,0.9989258861439313,0.0020594541616978856
0.3135536075522589,0.9989258861439313,0.0020633610657212823
0.3136593591905565,0.9989258861439313,0.0020650535959426375
0.31376518218623484,0.9989258861439313,0.002065381712954888
0.31387107661154234,0.9989258861439313,0.0020707876003189705
0.31397704253882514,0.9989258861439313,0.002083308761816041
0.3140830800405269,0.9989258861439313,0.002084542301392879
0.3141891891891892,0.9989258861439313,0.0020906415038668153
0.31429537005745184,0.9989258861439313,0.002091010289181368
0.3144016227180527,0.9989258861439313,0.00210025887411421
0.3145079472438282,0.9989258861439313,0.0021130900823057987
0.31461434370771313,0.9989258861439313,0.002133570955343104
0.3148273527420447,0.9989258861439313,0.0021387757823361337
0.3149339654588554,0.9989258861439313,0.0021487106911498737
0.3150406504065041,0.9989258861439313,0.0021506178120553224
0.31514740765842086,0.9989258861439313,0.0021518714529635678
0.3152542372881356,0.9989258861439313,0.002160510488009857
0.31536113936927773,0.9989258861439313,0.002163957624954914
0.31546811397557667,0.9989258861439313,0.0021644048429788486
0.3155751611808619,0.9989258861439313,0.002175109434698537
0.31568228105906315,0.9989258861439313,0.0021793125124634945
0.3157894736842105,0.9989258861439313,0.002194907181165913
0.31589673913043476,0.9989258861439313,0.0021966293966722826
0.3160040774719674,0.9989258861439313,0.0021996997609592104
0.3161114887831407,0.9989258861439313,0.0022056179632682174
0.3162189731383883,0.9989258861439313,0.002229379349012301
0.3163265306122449,0.9989258861439313,0.0022375995029767382
0.3164341612793467,0.9989258861439313,0.0022433439504868425
0.31654186521443156,0.9989258861439313,0.0022451974077553716
0.3166496424923391,0.9989258861439313,0.0022489695536754774
0.3167574931880109,0.9989258861439313,0.0022541368951706315
0.31686541737649065,0.9989258861439313,0.0022696329021956257
0.3169734151329243,0.9989258861439313,0.002279075060152408
0.3170814865325605,0.9989258861439313,0.0023001540269244223
0.3171896316507503,0.9989258861439313,0.0023095973526107566
0.3172978505629478,0.9989258861439313,0.0023114604268629174
0.3174061433447099,0.9989258861439313,0.0023580687660278263
0.31751451007169684,0.9989258861439313,0.0023591038119598717
0.3176229508196721,0.9989258861439313,0.00236130952802922
0.3177314656645029,0.9989258861439313,0.0023623405076382263
0.3178400546821599,0.9989258861439313,0.002367419951995617
0.31794871794871793,0.9989258861439313,0.00237327860332793
0.3180574555403557,0.9989258861439313,0.0023753332192566166
0.31816626753335614,0.9989258861439313,0.0023772349839719566
0.3182751540041068,0.9989258861439313,0.002380820805133919
0.31838411502909963,0.9989258861439313,0.0023847760380443107
0.3184931506849315,0.9989258861439313,0.0023877858296737567
0.3186022610483042,0.9989258861439313,0.0023926948557805865
0.31871144619602465,0.9989258861439313,0.002394624801096654
0.31882070620500513,0.9989258861439313,0.0024015287884576932
0.31893004115226337,0.9989258861439313,0.0024304456414350004
0.3190394511149228,0.9989258861439313,0.002434166389529642
0.3191489361702128,0.9989258861439313,0.0024468202055340097
0.3192584963954686,0.9989258861439313,0.0024607921435063646
0.31936813186813184,0.9989258861439313,0.0024613150955948436
0.3194778426657506,0.9989258861439313,0.0024654494426411344
0.31958762886597936,0.9989258861439313,0.0024787747138526124
0.3196974905465796,0.9989258861439313,0.0024846711527802445
0.31980742778541954,0.9989258861439313,0.0024963578739548168
0.31991744066047473,0.9989258861439313,0.0025069554624471443
0.32002752924982797,0.9989258861439313,0.0025109287469136567
0.32013769363166955,0.9989258861439313,0.0025132352048870773
0.3202479338842975,0.9989258861439313,0.002514065445653858
0.3203582500861178,0.9989258861439313,0.002525534157778862
0.32046864231564437,0.9989258861439313,0.0025318983047624933
0.32057911065149947,0.9989258861439313,0.0025351035182533017
0.32068965517241377,0.9989258861439313,0.0025495805001208125
0.32080027595722665,0.9989258861439313,0.0025657283774739247
0.32091097308488614,0.9989258861439313,0.0025679434190096807
0.32102174663444943,0.9989258861439313,0.0025715244408245825
0.32113259668508287,0.9989258861439313,0.002590081314776054
0.32124352331606215,0.9989258861439313,0.002599144022537043
0.3213545266067726,0.9989258861439313,0.002601641167896869
0.3214656066367093,0.9989258861439313,0.002603797472713917
0.3215767634854772,0.9989258861439313,0.002604500345983103
0.3216879972327914,0.9989258861439313,0.0026045791519528584
0.3214532871972318,0.9978517722878625,0.0026060291177634407
0.321564555209415,0.9978517722878625,0.0026229729943522302
0.3216759002770083,0.9978517722878625,0.00262394798038968
0.3217873224800831,0.9978517722878625,0.0026269525640916203
0.3218988218988219,0.9978517722878625,0.0026410235442594983
0.3220103986135182,0.9978517722878625,0.0026487337072595117
0.322122052704577,0.9978517722878625,0.0026642825965824454
0.32223378425251475,0.9978517722878625,0.002671279907275126
0.32234559333795976,0.9978517722878625,0.0026762377160678315
0.3224574800416522,0.9978517722878625,0.0026928350717645762
0.32256944444444446,0.9978517722878625,0.002699763142924694
0.3226814866273012,0.9978517722878625,0.0027009819901819567
0.3227936066712995,0.9978517722878625,0.0027012668665412744
0.32290580465762947,0.9978517722878625,0.0027303882448817176
0.32301808066759385,0.9978517722878625,0.002737602499363162
0.3231304347826087,0.9978517722878625,0.0027402146473787608
0.3232428670842032,0.9978517722878625,0.0027487320603362146
0.32335537765402017,0.9978517722878625,0.002754816655714838
0.32346796657381616,0.9978517722878625,0.002758633785181613
0.3235806339254615,0.9978517722878625,0.002800415679528403
0.32369337979094076,0.9978517722878625,0.0028094649832370406
0.32380620425235274,0.9978517722878625,0.0028108462079097377
0.32391910739191077,0.9978517722878625,0.0028223277574877803
0.32403208929194277,0.9978517722878625,0.002835980251204812
0.32414515003489186,0.9978517722878625,0.002837946105980251
0.3242582897033159,0.9978517722878625,0.002840225804849915
0.32437150837988826,0.9978517722878625,0.0028434893473395636
0.32448480614739783,0.9978517722878625,0.002849450359114701
0.3245981830887491,0.9978517722878625,0.0028638088088301815
0.3247116392869626,0.9978517722878625,0.002868927534603789
0.3248251748251748,0.9978517722878625,0.002874675186151859
0.3249387897866387,0.9978517722878625,0.002876418248888187
0.3250524842547236,0.9978517722878625,0.002910494866132511
0.32528011204481794,0.9978517722878625,0.0029493596409490225
0.32539404553415063,0.9978517722878625,0.0029574500220794454
0.3255080588647512,0.9978517722878625,0.0029608442639222207
0.3256221521205748,0.9978517722878625,0.0029679225762639224
0.32573632538569425,0.9978517722878625,0.002976911025876805
0.32585057874430023,0.9978517722878625,0.0029831997248079972
0.32596491228070174,0.9978517722878625,0.0029913300782667034
0.3260793260793261,0.9978517722878625,0.0030029756385392546
0.3261938202247191,0.9978517722878625,0.0030031682042362413
0.3263083948015455,0.9978517722878625,0.0030170979586504765
0.3264230498945889,0.9978517722878625,0.0030240331303652444
0.3265377855887522,0.9978517722878625,0.0030286865193287684
0.32665260196905765,0.9978517722878625,0.0030288112637445108
0.32688247712878254,0.9978517722878625,0.003034903874469691
0.32699753607884546,0.9978517722878625,0.0030502841710265244
0.32711267605633804,0.9978517722878625,0.003075149421152833
0.3272278971468827,0.9978517722878625,0.003077065658988604
0.3273431994362227,0.9978517722878625,0.003086986615764557
0.32745858301022207,0.9978517722878625,0.0031073788555578486
0.327574047954866,0.9978517722878625,0.0031208477100914964
0.32768959435626105,0.9978517722878625,0.0031372705439072415
0.32780522230063514,0.9978517722878625,0.0031377041383768233
0.3279209318743382,0.9978517722878625,0.00314489485054461
0.3280367231638418,0.9978517722878625,0.0031612606067462656
0.32815259625574,0.9978517722878625,0.003164922092333727
0.32826855123674914,0.9978517722878625,0.0031652507365375815
0.328384588193708,0.9978517722878625,0.0031862339065772552
0.3285007072135785,0.9978517722878625,0.0031906402859435325
0.32861690838344537,0.9978517722878625,0.0031965218332044203
0.32873319179051663,0.9978517722878625,0.0032049041322436468
0.3288495575221239,0.9978517722878625,0.003208569820486074
0.32896600566572237,0.9978517722878625,0.0032114235547258435
0.3290825363088912,0.9978517722878625,0.0032239042874845133
0.32884479092841956,0.9967776584317938,0.003233038780625032
0.32896136121942576,0.9967776584317938,0.0032491128012140484
0.32907801418439714,0.9967776584317938,0.0032735386175963754
0.3291947499113161,0.9967776584317938,0.0032754588072243886
0.3293115684882896,0.9967776584317938,0.0032810395986002257
0.32942847000354986,0.9967776584317938,0.003302273786248005
0.32954545454545453,0.9967776584317938,0.0033051669758623657
0.32966252220248665,0.9967776584317938,0.003315128065739003
0.3297796730632552,0.9967776584317938,0.0033162355608791724
0.32989690721649484,0.9967776584317938,0.0033201008796567614
0.33001422475106684,0.9967776584317938,0.003320106875556795
0.3301316257559587,0.9967776584317938,0.003322054290112632
0.3302491103202847,0.9967776584317938,0.003325678952442461
0.3303666785332859,0.9967776584317938,0.0033269112484214545
0.33048433048433046,0.9967776584317938,0.0033307112460955043
0.33060206626291416,0.9967776584317938,0.003337902707579678
0.33071988595866003,0.9967776584317938,0.0033386240326339295
0.33083778966131905,0.9967776584317938,0.0033492494474485755
0.33107384944702106,0.9967776584317938,0.003352332274597242
0.331192005710207,0.9967776584317938,0.003374184081745371
0.33131024634059264,0.9967776584317938,0.003379242171779561
0.33154698106466596,0.9967776584317938,0.0034209645446769943
0.3316654753395282,0.9967776584317938,0.0034221791723930335
0.3317840543439399,0.9967776584317938,0.003423057911723475
0.3319027181688126,0.9967776584317938,0.003450420569074143
0.33202146690518786,0.9967776584317938,0.0034572633953116956
0.33214030064423766,0.9967776584317938,0.0034823062791121155
0.3322592194772646,0.9967776584317938,0.003490402141481529
0.332378223495702,0.9967776584317938,0.003492509032961115
0.3324973127911143,0.9967776584317938,0.003494070392958815
0.3326164874551971,0.9967776584317938,0.003496347872896643
0.3327357475797777,0.9967776584317938,0.003517366062859892
0.3328550932568149,0.9967776584317938,0.0035211236974390186
0.3329745245783997,0.9967776584317938,0.0035299715957583726
0.3330940416367552,0.9967776584317938,0.003532540001260517
0.33321364452423696,0.9967776584317938,0.003537969721386562
0.3333333333333333,0.9967776584317938,0.0035408008271023794
0.33345310815666546,0.9967776584317938,0.0035625472713079814
0.3335729690869878,0.9967776584317938,0.00356901775849611
0.33369291621718805,0.9967776584317938,0.0036042634485941127
0.3338129496402878,0.9967776584317938,0.0036197741379257633
0.33393306944944223,0.9967776584317938,0.003626386261282373
0.33405327573794097,0.9967776584317938,0.0036291838069317304
0.33417356859920777,0.9967776584317938,0.0036431057376617726
0.33429394812680113,0.9967776584317938,0.0036452759240153546
0.33441441441441444,0.9967776584317938,0.0036574684596547306
0.334534967555876,0.9967776584317938,0.003673617202281935
0.3346556076451497,0.9967776584317938,0.0036828442386414003
0.3347763347763348,0.9967776584317938,0.0036898504603622008
0.3348971490436665,0.9967776584317938,0.003697260299472301
0.3351390393643915,0.9967776584317938,0.003699522110627069
0.3352601156069364,0.9967776584317938,0.003704224275420339
0.3353812793639321,0.9967776584317938,0.0037193979295771715
0.33550253073029646,0.9967776584317938,0.0037247761368155393
0.335623869801085,0.9967776584317938,0.0037498336021954443
0.3357452966714906,0.9967776584317938,0.0037602195787876046
0.335866811436844,0.9967776584317938,0.003776398870460568
0.33598841419261405,0.9967776584317938,0.003781394784213796
0.3361101050344078,0.9967776584317938,0.0037865897989294074
0.336231884057971,0.9967776584317938,0.003792412481212049
0.33599130119608556,0.9957035445757251,0.0038121170810338496
0.33611312545322697,0.9957035445757251,0.003814567764010815
0.33623503808487487,0.9957035445757251,0.0038324359199084887
0.33635703918722787,0.9957035445757251,0.00385302306159979
0.33647912885662434,0.9957035445757251,0.003853863114889094
0.3367235742826008,0.9957035445757251,0.003867907081925918
0.33684593023255816,0.9957035445757251,0.003870370693015042
0.33696837513631406,0.9957035445757251,0.003878772482857888
0.3370909090909091,0.9957035445757251,0.0038845479194910488
0.3372135321935249,0.9957035445757251,0.003885926502607712
0.3373362445414847,0.9957035445757251,0.0039102807699046335
0.33745904623225337,0.9957035445757251,0.0039326338326326525
0.3375819373634377,0.9957035445757251,0.003939773832980898
0.3377049180327869,0.9957035445757251,0.003951440827219312
0.33782798833819244,0.9957035445757251,0.0039610358974104636
0.33795114837768864,0.9957035445757251,0.003967679352093038
0.33807439824945296,0.9957035445757251,0.003980696484521324
0.3381977380518059,0.9957035445757251,0.003982087446169897
0.3383211678832117,0.9957035445757251,0.003987347914395846
0.3384446878422782,0.9957035445757251,0.0040138241076111665
0.3385682980277575,0.9957035445757251,0.00402392184479502
0.33869199853854587,0.9957035445757251,0.004024082355621436
0.33881578947368424,0.9957035445757251,0.004025554907917693
0.33893967093235833,0.9957035445757251,0.00404446353947658
0.3390636430138991,0.9957035445757251,0.004046895234056645
0.3391877058177827,0.9957035445757251,0.004052582604551879
0.339436103991212,0.9957035445757251,0.004073107546228531
0.3395604395604396,0.9957035445757251,0.004093531477612775
0.3396848662513741,0.9957035445757251,0.00411018757949947
0.33993399339933994,0.9957035445757251,0.004139295127471784
0.3400586940572267,0.9957035445757251,0.004166551244350472
0.3401834862385321,0.9957035445757251,0.004168607946591895
0.34043334557473376,0.9957035445757251,0.004194344383558571
0.3405584129316679,0.9957035445757251,0.004208205410637971
0.340683572216097,0.9957035445757251,0.004210724228305266
0.3408088235294118,0.9957035445757251,0.0042240453857822135
0.3409341669731519,0.9957035445757251,0.0042278551495063205
0.34105960264900664,0.9957035445757251,0.0042492639991394895
0.3411851306588149,0.9957035445757251,0.004258515633310195
0.34131075110456555,0.9957035445757251,0.004260395685826721
0.3414364640883978,0.9957035445757251,0.004272085906459742
0.34156226971260134,0.9957035445757251,0.004285984520910501
0.3418141592920354,0.9957035445757251,0.004286099771052945
0.3419402434526005,0.9957035445757251,0.004287940789718744
0.3420664206642066,0.9957035445757251,0.004300805872642872
0.34219269102990035,0.9957035445757251,0.004303861244260501
0.3423190546528804,0.9957035445757251,0.004320941780485031
0.34244551163649795,0.9957035445757251,0.004395211210722189
0.3425720620842572,0.9957035445757251,0.0044053462542180755
0.3426987060998152,0.9957035445757251,0.004408662574333849
0.34282544378698226,0.9957035445757251,0.004427633728832999
0.34295227524972255,0.9957035445757251,0.0044398744406106945
0.34307920059215397,0.9957035445757251,0.004444615951791375
0.34320621991854866,0.9957035445757251,0.004456809397141063
0.3434605409410893,0.9957035445757251,0.004458979303045537
0.343587842846553,0.9957035445757251,0.004505014496715074
0.3437152391546162,0.9957035445757251,0.004527824945546444
0.3438427299703264,0.9957035445757251,0.004552186500172776
0.34397031539888684,0.9957035445757251,0.004580839126525581
0.344097995545657,0.9957035445757251,0.004582725535111058
0.344225770516153,0.9957035445757251,0.004600608529253129
0.34435364041604755,0.9957035445757251,0.004657326181951553
0.34448160535117056,0.9957035445757251,0.004702634399962262
0.3446096654275093,0.9957035445757251,0.004771379365531762
0.3447378207512086,0.9957035445757251,0.004780206334173136
0.34486607142857145,0.9957035445757251,0.004785484009297654
0.3449944175660588,0.9957035445757251,0.004791128370581144
0.3451228592702904,0.9957035445757251,0.004817907304237135
0.3452513966480447,0.9957035445757251,0.004881788531192322
0.3453800298062593,0.9957035445757251,0.004924801967935491
0.3455087588520313,0.9957035445757251,0.004997215989670682
0.34563758389261745,0.9957035445757251,0.005046214461733504
0.34576650503543455,0.9957035445757251,0.005054767838620957
0.3458955223880597,0.9957035445757251,0.005087406794641146
0.3460246360582307,0.9957035445757251,0.005162218790816259
0.34615384615384615,0.9957035445757251,0.005171018920761679
0.346283152782966,0.9957035445757251,0.0052005892993603866
0.34641255605381166,0.9957035445757251,0.0052498822696911245
0.34654205607476635,0.9957035445757251,0.005274193009531738
0.34667165295437546,0.9957035445757251,0.0053134370429757756
0.3468013468013468,0.9957035445757251,0.005366451713753566
0.3469311377245509,0.9957035445757251,0.005439460219940272
0.34706102583302134,0.9957035445757251,0.005463349797350139
0.3471910112359551,0.9957035445757251,0.00561399992306093
0.3473210940427126,0.9957035445757251,0.0056536967184751315
0.3474512743628186,0.9957035445757251,0.005657495914120751
0.34758155230596177,0.9957035445757251,0.005690869176179476
0.3477119279819955,0.9957035445757251,0.0057184371425249405
0.3478424015009381,0.9957035445757251,0.005741882914332644
0.34797297297297297,0.9957035445757251,0.005748630016101235
0.3477281261734885,0.9946294307196563,0.005752139514097752
0.3478587528174305,0.9946294307196563,0.005814277862075236
0.34798947763998495,0.9946294307196563,0.005828535728143999
0.3481203007518797,0.9946294307196563,0.005896775989602945
0.348251222264009,0.9946294307196563,0.0059112349560565824
0.34838224228743414,0.9946294307196563,0.005931763338036657
0.34851336093338353,0.9946294307196563,0.005940563510561964
0.348644578313253,0.9946294307196563,0.006035467606931466
0.3487758945386064,0.9946294307196563,0.006047824400273126
0.34890730972117556,0.9946294307196563,0.006128711361482786
0.3490388239728609,0.9946294307196563,0.006159429868775525
0.3491704374057315,0.9946294307196563,0.006246106836798152
0.34930215013202565,0.9946294307196563,0.00624672167686425
0.34943396226415097,0.9946294307196563,0.006313700917121009
0.3495658739146848,0.9946294307196563,0.006321337582459502
0.3496978851963746,0.9946294307196563,0.006367162395303907
0.3498299962221383,0.9946294307196563,0.006378122426442214
0.34996220710506426,0.9946294307196563,0.0063911000414129115
0.3500945179584121,0.9946294307196563,0.00647292097849801
0.3502269288956127,0.9946294307196563,0.006524658790288205
0.35035944003026864,0.9946294307196563,0.006618909263510114
0.3504920514761544,0.9946294307196563,0.006628474879349442
0.350624763347217,0.9946294307196563,0.0067408882673022415
0.35075757575757577,0.9946294307196563,0.0067687798211095605
0.3508904888215233,0.9946294307196563,0.006818661815684356
0.3510235026535254,0.9946294307196563,0.006843033038524909
0.35115661736822146,0.9946294307196563,0.0069706763769313415
0.3512898330804249,0.9946294307196563,0.007176806702070962
0.35142314990512336,0.9946294307196563,0.007208806226514685
0.35155656795747914,0.9946294307196563,0.00726682988287774
0.3516900873528295,0.9946294307196563,0.007308646681365927
0.3518237082066869,0.9946294307196563,0.007407651714722703
0.35195743063473967,0.9946294307196563,0.00741674899494452
0.3520912547528517,0.9946294307196563,0.007445980581523322
0.35222518067706354,0.9946294307196563,0.0075593984190478174
0.3523592085235921,0.9946294307196563,0.007611346980533524
0.35249333840883135,0.9946294307196563,0.007622835171272817
0.3526275704493526,0.9946294307196563,0.007627660626310389
0.3527619047619048,0.9946294307196563,0.007630199733549351
0.35289634146341464,0.9946294307196563,0.007785857462316061
0.3530308806709874,0.9946294307196563,0.0077909768582395626
0.3531655225019069,0.9946294307196563,0.007793508112555114
0.35330026707363604,0.9946294307196563,0.007858851542270897
0.3534351145038168,0.9946294307196563,0.007879385991512769
0.3535700649102711,0.9946294307196563,0.008019841644503804
0.3537051184110008,0.9946294307196563,0.008021315992189392
0.353840275124188,0.9946294307196563,0.00807306532260841
0.35397553516819574,0.9946294307196563,0.008074967039277159
0.35411089866156786,0.9946294307196563,0.008090414072975055
0.35424636572302987,0.9946294307196563,0.008147295776064578
0.3543819364714887,0.9946294307196563,0.00819475730123964
0.3545176110260337,0.9946294307196563,0.008204757795788333
0.35465338950593644,0.9946294307196563,0.008246241915334941
0.35478927203065136,0.9946294307196563,0.00844889813686474
0.354925258719816,0.9946294307196563,0.00848212288409898
0.35506134969325154,0.9946294307196563,0.008492160509259815
0.3551975450709628,0.9946294307196563,0.00855155852762366
0.3553338449731389,0.9946294307196563,0.008570202738337742
0.35547024952015355,0.9946294307196563,0.0086856294087941
0.35560675883256526,0.9946294307196563,0.008697144181033895
0.3557433730311179,0.9946294307196563,0.008706077716148416
0.35588009223674094,0.9946294307196563,0.008831934602357962
0.3560169165705498,0.9946294307196563,0.008838863410855618
0.35615384615384615,0.9946294307196563,0.008844525229859148
0.3562908811081185,0.9946294307196563,0.008856254596504222
0.35642802155504233,0.9946294307196563,0.008961848807598809
0.35656526761648055,0.9946294307196563,0.009092504479870495
0.35670261941448383,0.9946294307196563,0.009187563027743754
0.35684007707129095,0.9946294307196563,0.009197025615069108
0.35697764070932925,0.9946294307196563,0.009197067922354425
0.3571153104512148,0.9946294307196563,0.009238259344918627
0.35725308641975306,0.9946294307196563,0.009311131888744882
0.357390968737939,0.9946294307196563,0.00935004920717174
0.3575289575289575,0.9946294307196563,0.009355931850706056
0.35766705291618384,0.9946294307196563,0.009368771532078988
0.35780525502318394,0.9946294307196563,0.009408534316772136
0.35794356397371474,0.9946294307196563,0.009438756355968709
0.3580819798917247,0.9946294307196563,0.009518532114739593
0.358220502901354,0.9946294307196563,0.009571240356360202
0.35835913312693496,0.9946294307196563,0.009615794716651457
0.35849787069299266,0.9946294307196563,0.009619249940996872
0.35863671572424477,0.9946294307196563,0.00965211364252495
0.3587756683456025,0.9946294307196563,0.009680856301353916
0.35891472868217056,0.9946294307196563,0.009712213964263937
0.35905389685924777,0.9946294307196563,0.009876097973236225
0.3591931730023274,0.9946294307196563,0.009890206596110788
0.3593325572370974,0.9946294307196563,0.01033897697043384
0.359472049689441,0.9946294307196563,0.010341103659361256
0.3596116504854369,0.9946294307196563,0.010445925839424965
0.35975135975135974,0.9946294307196563,0.01049453594854079
0.3598911776136805,0.9946294307196563,0.010536538539003019
0.36003110419906686,0.9946294307196563,0.010562709447011496
0.3601711396343835,0.9946294307196563,0.010687807798196308
0.3603112840466926,0.9946294307196563,0.010724954221647558
0.3604515375632542,0.9946294307196563,0.010740420529768053
0.3605919003115265,0.9946294307196563,0.010797513947693235
0.36073237241916634,0.9946294307196563,0.010809521218650654
0.36087295401402963,0.9946294307196563,0.010851122333445169
0.36101364522417156,0.9946294307196563,0.010853515857558426
0.3611544461778471,0.9946294307196563,0.010912240486348326
0.3612953570035115,0.9946294307196563,0.010920322720755752
0.36143637782982047,0.9946294307196563,0.010965116744639049
0.3615775087856306,0.9946294307196563,0.010968228528399569
0.36171875,0.9946294307196563,0.010991702927209997
0.36186010160218834,0.9946294307196563,0.011082345951421047
0.36200156372165754,0.9946294307196563,0.011125769219603565
0.36214313648807195,0.9946294307196563,0.011211468396445202
0.3622848200312989,0.9946294307196563,0.011220388389523543
0.362426614481409,0.9946294307196563,0.011288442135604664
0.36256851996867656,0.9946294307196563,0.011586314671484643
0.3627105366235801,0.9946294307196563,0.011653157057508913
0.3628526645768025,0.9946294307196563,0.011674271735738772
0.3629949039592317,0.9946294307196563,0.011688737349208226
0.3631372549019608,0.9946294307196563,0.01188837796761989
0.36327971753628874,0.9946294307196563,0.011958243072281495
0.36342229199372056,0.9946294307196563,0.012053360210297698
0.3635649784059678,0.9946294307196563,0.012076512500246364
0.36370777690494893,0.9946294307196563,0.012094867055933937
0.36385068762278977,0.9946294307196563,0.012125463343289103
0.3639937106918239,0.9946294307196563,0.012149117543436137
0.364136846244593,0.9946294307196563,0.012271866386578801
0.36428009441384734,0.9946294307196563,0.012272804394619965
0.3644234553325462,0.9946294307196563,0.01232038610499019
0.36456692913385824,0.9946294307196563,0.012376077163953393
0.3647105159511619,0.9946294307196563,0.012464893267774278
0.36485421591804573,0.9946294307196563,0.012470469939978248
0.36499802916830903,0.9946294307196563,0.012811237127143493
0.36514195583596215,0.9946294307196563,0.012815157708348278
0.3652859960552268,0.9946294307196563,0.01283828514405139
0.36503551696921865,0.9935553168635876,0.012978348159325977
0.3651796288985393,0.9935553168635876,0.012997296887931302
0.36532385466034756,0.9935553168635876,0.013008742327200055
0.36546819438956935,0.9935553168635876,0.013070432275571036
0.36561264822134387,0.9935553168635876,0.013106918719905656
0.36575721629102415,0.9935553168635876,0.013109107000946193
0.3659018987341772,0.9935553168635876,0.013297331719012923
0.3660466956865849,0.9935553168635876,0.013302027977601967
0.3661916072842439,0.9935553168635876,0.01330681125375269
0.36633663366336633,0.9935553168635876,0.013382783323445948
0.36648177496038037,0.9935553168635876,0.013391531777702985
0.36662703131193025,0.9935553168635876,0.013510224765244988
0.36677240285487706,0.9935553168635876,0.013603719351530688
0.3669178897262991,0.9935553168635876,0.01368604337069435
0.36706349206349204,0.9935553168635876,0.0137351584250059
0.36720921000396983,0.9935553168635876,0.013765466142658167
0.3673550436854647,0.9935553168635876,0.013774685181056298
0.36750099324592767,0.9935553168635876,0.013781230355876755
0.36764705882352944,0.9935553168635876,0.013869883251007619
0.36779324055666,0.9935553168635876,0.013940453842693165
0.36754176610978523,0.9924812030075187,0.013942920125327598
0.36768802228412256,0.9924812030075187,0.013955533959751588
0.3678343949044586,0.9924812030075187,0.014048626579105562
0.36798088410991636,0.9924812030075187,0.014131650296559843
0.36812749003984063,0.9924812030075187,0.014137039634401511
0.36827421283379835,0.9924812030075187,0.014143961658094987
0.3684210526315789,0.9924812030075187,0.014144374538257454
0.3685680095731951,0.9924812030075187,0.014237661417901082
0.3687150837988827,0.9924812030075187,0.014302407856476006
0.3688622754491018,0.9924812030075187,0.014373806823137974
0.36900958466453676,0.9924812030075187,0.014451573741443426
0.3691570115860967,0.9924812030075187,0.014537577978037616
0.36930455635491605,0.9924812030075187,0.014567826135691908
0.36945221911235504,0.9924812030075187,0.014572635360774243
0.3696,0.9924812030075187,0.014721826818685347
0.3697478991596639,0.9924812030075187,0.014724417713276717
0.36989591673338673,0.9924812030075187,0.014752947471287671
0.3700440528634361,0.9924812030075187,0.014797832788180306
0.3701923076923077,0.9924812030075187,0.014860879521517932
0.37034068136272547,0.9924812030075187,0.014884420284955164
0.37048917401764236,0.9924812030075187,0.014949977743864959
0.37063778580024065,0.9924812030075187,0.015008404879860333
0.3707865168539326,0.9924812030075187,0.015018809316161291
0.3709353673223605,0.9924812030075187,0.015071501712714765
0.3710843373493976,0.9924812030075187,0.01508976570968857
0.37123342707914825,0.9924812030075187,0.015155412103627117
0.37138263665594856,0.9924812030075187,0.015225748463005114
0.3715319662243667,0.9924812030075187,0.015264529054094512
0.37168141592920356,0.9924812030075187,0.01526509454420311
0.37183098591549296,0.9924812030075187,0.015305866045721149
0.3719806763285024,0.9924812030075187,0.015425471046462942
0.3721304873137334,0.9924812030075187,0.01554487924469415
0.3722804190169218,0.9924812030075187,0.015547761856746972
0.3724304715840387,0.9924812030075187,0.015600116002571432
0.3725806451612903,0.9924812030075187,0.015619347917847031
0.372730939895119,0.9924812030075187,0.015621946712967951
0.3728813559322034,0.9924812030075187,0.015629584763206163
0.373031893419459,0.9924812030075187,0.01563406369132825
0.37318255250403876,0.9924812030075187,0.01579985932641411
0.37333333333333335,0.9924812030075187,0.015803383150636608
0.3734842360549717,0.9924812030075187,0.015843502294744072
0.3736352608168217,0.9924812030075187,0.01587848504783136
0.3737864077669903,0.9924812030075187,0.01588089021094295
0.37393767705382436,0.9924812030075187,0.0159566842813286
0.3740890688259109,0.9924812030075187,0.01611606042772988
0.37424058323207776,0.9924812030075187,0.0161799050538596
0.37439222042139386,0.9924812030075187,0.016193787214679418
0.37454398054316984,0.9924812030075187,0.016195567717985714
0.3746958637469586,0.9924812030075187,0.016220300765248975
0.3748478701825558,0.9924812030075187,0.016327542344826508
0.375,0.9924812030075187,0.01636513869985547
0.3751522533495737,0.9924812030075187,0.016567726994440993
0.3753046303818034,0.9924812030075187,0.016619471180354173
0.3754571312474604,0.9924812030075187,0.016637042328455358
0.375609756097561,0.9924812030075187,0.016669197271031912
0.3757625050833672,0.9924812030075187,0.016708381183063187
0.37591537835638733,0.9924812030075187,0.01673156023485564
0.37606837606837606,0.9924812030075187,0.016750190026241344
0.3762214983713355,0.9924812030075187,0.016772362582059084
0.37637474541751526,0.9924812030075187,0.016774926163461042
0.3765281173594132,0.9924812030075187,0.01683803076081742
0.37668161434977576,0.9924812030075187,0.01696535335873957
0.3768352365415987,0.9924812030075187,0.01702125198595544
0.3769889840881273,0.9924812030075187,0.017158740012692065
0.37714285714285717,0.9924812030075187,0.017198992147545653
0.37745098039215685,0.9924812030075187,0.017211729683962777
0.37760523089497344,0.9924812030075187,0.017267542328347568
0.3777596075224857,0.9924812030075187,0.017308744835298866
0.37791411042944784,0.9924812030075187,0.017418343750133434
0.3780687397708674,0.9924812030075187,0.01741902867595425
0.37822349570200575,0.9924812030075187,0.01747460188667411
0.3783783783783784,0.9924812030075187,0.017585132344282262
0.37853338795575586,0.9924812030075187,0.017621415231096015
0.37868852459016394,0.9924812030075187,0.01766454549245814
0.37884378843788435,0.9924812030075187,0.01782816960632191
0.37899917965545526,0.9924812030075187,0.017851695767168878
0.37915469839967175,0.9924812030075187,0.017871199314990954
0.3793103448275862,0.9924812030075187,0.017910853012372524
0.37946611909650924,0.9924812030075187,0.017928513834184485
0.37962202136400985,0.9924812030075187,0.01808818136176162
0.3797780517879161,0.9924812030075187,0.018120654552028034
0.37993421052631576,0.9924812030075187,0.0181386363224901
0.38009049773755654,0.9924812030075187,0.018182262893400306
0.3802469135802469,0.9924812030075187,0.018187294828561004
0.3804034582132565,0.9924812030075187,0.018241099067463934
0.3805601317957166,0.9924812030075187,0.01832963409367302
0.380716934487021,0.9924812030075187,0.01833330095641769
0.380873866446826,0.9924812030075187,0.01836051198304377
0.38103092783505155,0.9924812030075187,0.018364001538028616
0.3811881188118812,0.9924812030075187,0.018364643765195785
0.38093272802311184,0.99140708915145,0.01845535227837745
0.38109000825763834,0.99140708915145,0.01850042988850208
0.3812474184221396,0.99140708915145,0.018506260065978636
0.3815626291856139,0.99140708915145,0.018559392002895796
0.3817204301075269,0.99140708915145,0.018566998739880318
0.3818783616052958,0.99140708915145,0.01856899228143062
0.3820364238410596,0.99140708915145,0.018577316993063638
0.3821946169772257,0.99140708915145,0.018600941206482154
0.38235294117647056,0.99140708915145,0.018614864744472263
0.38251139660174055,0.99140708915145,0.01868027468321965
0.3826699834162521,0.99140708915145,0.018682434277803157
0.3828287017834923,0.99140708915145,0.018696912275890917
0.38298755186721994,0.99140708915145,0.01883747714012936
0.38314653383146535,0.99140708915145,0.018892166750257643
0.38330564784053156,0.99140708915145,0.018924556471791098
0.3834648940589946,0.99140708915145,0.019010852252910146
0.38362427265170407,0.99140708915145,0.019027250210518966
0.3837837837837838,0.99140708915145,0.01903076048489115
0.38394342762063227,0.99140708915145,0.019062313817026662
0.38410320432792344,0.99140708915145,0.019099193459402586
0.384263114071607,0.99140708915145,0.01910772247520399
0.3844231570179092,0.99140708915145,0.01912813708944119
0.38458333333333333,0.99140708915145,0.01916090906490698
0.3849040867389491,0.99140708915145,0.019262837516015447
0.38506466416353774,0.99140708915145,0.01926978898289494
0.3852253756260434,0.99140708915145,0.01931356825862375
0.38538622129436323,0.99140708915145,0.019375163876827143
0.385547201336675,0.99140708915145,0.01941032740923299
0.3857083159214375,0.99140708915145,0.019643550415803526
0.3858695652173913,0.99140708915145,0.019651506720828736
0.3860309493935592,0.99140708915145,0.019698508579233186
0.3861924686192469,0.99140708915145,0.019716234003430266
0.385935537881959,0.9903329752953813,0.01977836535056302
0.3860971524288107,0.9903329752953813,0.01987001107254851
0.38625890238793464,0.9903329752953813,0.019943706207411337
0.3864207879295893,0.9903329752953813,0.01998346662819138
0.38658280922431865,0.9903329752953813,0.01999415736780212
0.38674496644295303,0.9903329752953813,0.02021752209135075
0.38690725975660933,0.9903329752953813,0.020239257246296764
0.3866498740554156,0.9892588614393125,0.02035033057399676
0.3868122637547249,0.9892588614393125,0.020422995842653092
0.3869747899159664,0.9892588614393125,0.020465968265422574
0.3871374527112232,0.9892588614393125,0.020513720517628082
0.38730025231286797,0.9892588614393125,0.02061322748562756
0.3870424905342869,0.9881847475832438,0.020632975556317885
0.3872053872053872,0.9881847475832438,0.02066094849868661
0.3873684210526316,0.9881847475832438,0.020736985181754382
0.3875315922493682,0.9881847475832438,0.02075156041252413
0.38769490096923725,0.9881847475832438,0.020810155051728122
0.38785834738617203,0.9881847475832438,0.02081551842546789
0.38802193167439897,0.9881847475832438,0.020936588587648252
0.3881856540084388,0.9881847475832438,0.02094873921223059
0.3883495145631068,0.9881847475832438,0.020994007792178287
0.3885135135135135,0.9881847475832438,0.02102680577932853
0.38867765103506546,0.9881847475832438,0.02119078929617466
0.3888419273034658,0.9881847475832438,0.02129033125172468
0.3890063424947146,0.9881847475832438,0.021400558190697312
0.38917089678510997,0.9881847475832438,0.021405306164751843
0.38933559035124843,0.9881847475832438,0.021420859881485458
0.3895004233700254,0.9881847475832438,0.021524347875189375
0.38966539601863615,0.9881847475832438,0.021572880283117823
0.3898305084745763,0.9881847475832438,0.021592048720393876
0.3899957609156422,0.9881847475832438,0.02161560073058947
0.39016115351993214,0.9881847475832438,0.02163982818964247
0.3903266864658464,0.9881847475832438,0.021690407873603663
0.3904923599320883,0.9881847475832438,0.021701816813344012
0.39065817409766457,0.9881847475832438,0.021737827119702804
0.39082412914188613,0.9881847475832438,0.021737850420939
0.3909902252443689,0.9881847475832438,0.021790178279648194
0.391156462585034,0.9881847475832438,0.021826175664717364
0.3913228413441089,0.9881847475832438,0.02209034755638963
0.39148936170212767,0.9881847475832438,0.022167139313553623
0.39165602383993187,0.9881847475832438,0.02224307657369641
0.391396933560477,0.9871106337271751,0.022253211493407733
0.39156369833830423,0.9871106337271751,0.022273610713824558
0.3917306052855925,0.9871106337271751,0.022337443428287647
0.39189765458422177,0.9871106337271751,0.022355850178641033
0.39206484641638223,0.9871106337271751,0.02243808905102821
0.39223218096457535,0.9871106337271751,0.022449103117692496
0.392399658411614,0.9871106337271751,0.022453168111400044
0.39256727894062365,0.9871106337271751,0.02251506793497702
0.3923076923076923,0.9860365198711063,0.022651875164932875
0.39247541684480547,0.9860365198711063,0.022667151757579256
0.39264328485885375,0.9860365198711063,0.022676051790382134
0.392811296534018,0.9860365198711063,0.022711236408624623
0.3929794520547945,0.9860365198711063,0.022712827448579578
0.39314775160599574,0.9860365198711063,0.022736714125874056
0.39331619537275064,0.9860365198711063,0.022763347092431687
0.3934847835405058,0.9860365198711063,0.022765672983882414
0.3936535162950257,0.9860365198711063,0.02276701933100428
0.3938223938223938,0.9860365198711063,0.02281974562897318
0.39399141630901285,0.9860365198711063,0.022934126189014706
0.39416058394160586,0.9860365198711063,0.02294560436810876
0.3943298969072165,0.9860365198711063,0.02296387321102682
0.3944993553932101,0.9860365198711063,0.02297347018273485
0.3942390369733448,0.9849624060150376,0.023057095887313438
0.39440860215053763,0.9849624060150376,0.02308536520979173
0.39457831325301207,0.9849624060150376,0.023151984757713788
0.39474817046922084,0.9849624060150376,0.023230088913941252
0.39491817398794143,0.9849624060150376,0.02325473696228168
0.3950883239982766,0.9849624060150376,0.02326089824922297
0.39525862068965517,0.9849624060150376,0.023279852831004835
0.39542906425183266,0.9849624060150376,0.02337806113911206
0.3955996548748921,0.9849624060150376,0.02347824860746377
0.3957703927492447,0.9849624060150376,0.0235903227953052
0.3959412780656304,0.9849624060150376,0.02360849399185188
0.3961123110151188,0.9849624060150376,0.023635908536317033
0.39628349178910977,0.9849624060150376,0.023644377541694878
0.3964548205793342,0.9849624060150376,0.02376150867965115
0.39662629757785467,0.9849624060150376,0.023773553082960162
0.39679792297706623,0.9849624060150376,0.023810077363504392
0.396969696969697,0.9849624060150376,0.02399591269715246
0.397141619748809,0.9849624060150376,0.024015048043009857
0.39731369150779894,0.9849624060150376,0.024072188495616174
0.39748591244039877,0.9849624060150376,0.02408492507037612
0.3976582827406765,0.9849624060150376,0.024210655526776533
0.3978308026030369,0.9849624060150376,0.024444154649177794
0.3980034722222222,0.9849624060150376,0.02445264056678537
0.3981762917933131,0.9849624060150376,0.02445738414939581
0.39834926151172895,0.9849624060150376,0.024481558757979527
0.39852238157322906,0.9849624060150376,0.02456633186094244
0.39869565217391306,0.9849624060150376,0.02461007307279543
0.3988690735102218,0.9849624060150376,0.02475669645587501
0.3990426457789382,0.9849624060150376,0.02478521744315697
0.3992163691771876,0.9849624060150376,0.024831930113510457
0.39939024390243905,0.9849624060150376,0.024865110810572168
0.39956427015250545,0.9849624060150376,0.024892927494179123
0.3997384481255449,0.9849624060150376,0.024961991829927047
0.39991277802006103,0.9849624060150376,0.02503750542386345
0.400087260034904,0.9849624060150376,0.025043214014143746
0.40026189436927107,0.9849624060150376,0.0250769156202434
0.4004366812227074,0.9849624060150376,0.02511773081717616
0.40061162079510704,0.9849624060150376,0.025198442466288686
0.4007867132867133,0.9849624060150376,0.02524785234497914
0.4009619588981198,0.9849624060150376,0.025481872965250528
0.4011373578302712,0.9849624060150376,0.025487628209366522
0.4013129102844639,0.9849624060150376,0.025650480676527712
0.40148861646234674,0.9849624060150376,0.025688975839739118
0.401664476565922,0.9849624060150376,0.025694453524673776
0.401840490797546,0.9849624060150376,0.025702692885262855
0.40201665935992986,0.9849624060150376,0.025738801859349344
0.4021929824561403,0.9849624060150376,0.025739665129759736
0.4023694602896007,0.9849624060150376,0.0257800198363713
0.4025460930640913,0.9849624060150376,0.02578429629489855
0.40272288098375053,0.9849624060150376,0.025845142567383062
0.4028998242530756,0.9849624060150376,0.025868956618915282
0.40307692307692305,0.9849624060150376,0.02596582963661741
0.40325417766051014,0.9849624060150376,0.02609960611407161
0.4034315882094149,0.9849624060150376,0.026138604057842362
0.40360915492957744,0.9849624060150376,0.026165532365590057
0.40378687802730073,0.9849624060150376,0.02618302264675772
0.4039647577092511,0.9849624060150376,0.02619215489098182
0.40414279418245924,0.9849624060150376,0.026196002819312513
0.404320987654321,0.9849624060150376,0.02623696399317229
0.40449933833259816,0.9849624060150376,0.02633387117167056
0.40467784642541926,0.9849624060150376,0.026364632519286644
0.4048565121412804,0.9849624060150376,0.02643904117324133
0.40503533568904593,0.9849624060150376,0.02649953877685908
0.4052143172779496,0.9849624060150376,0.026516325144463615
0.40495137046861185,0.9838882921589689,0.026599547936030112
0.40513047324192836,0.9838882921589689,0.026710530874412566
0.40530973451327434,0.9838882921589689,0.026877570219664297
0.40548915449313855,0.9838882921589689,0.02699424125957165
0.40566873339238263,0.9838882921589689,0.02704035380438844
0.4058484714222419,0.9838882921589689,0.02731248095766354
0.40602836879432624,0.9838882921589689,0.027397185590616633
0.4062084257206208,0.9838882921589689,0.02745736875229086
0.40638864241348716,0.9838882921589689,0.027464605240706798
0.40656901908566356,0.9838882921589689,0.02750530498947526
0.4067495559502664,0.9838882921589689,0.02752559395993663
0.40693025322079074,0.9838882921589689,0.027625493071579094
0.4071111111111111,0.9838882921589689,0.02775467528172499
0.40729212983548246,0.9838882921589689,0.027777827671391336
0.40747330960854095,0.9838882921589689,0.02782710268169268
0.4076546506453049,0.9838882921589689,0.027834877886580917
0.40783615316117544,0.9838882921589689,0.027841005604877893
0.40801781737193765,0.9838882921589689,0.027890357727810143
0.40819964349376114,0.9838882921589689,0.027990419577464717
0.4083816317432011,0.9838882921589689,0.028038158730353223
0.4085637823371989,0.9838882921589689,0.028048086469417973
0.40874609549308344,0.9838882921589689,0.02806700751731139
0.4089285714285714,0.9838882921589689,0.028118883593847538
0.4086645824028584,0.9828141783029001,0.028199222986589084
0.40884718498659517,0.9828141783029001,0.02820219015666631
0.40902995082700044,0.9828141783029001,0.028277181639387975
0.4092128801431127,0.9828141783029001,0.02836211823790356
0.40939597315436244,0.9828141783029001,0.02843238944973676
0.40957923008057295,0.9828141783029001,0.02845354638167059
0.4097626511419615,0.9828141783029001,0.02865317790613748
0.4099462365591398,0.9828141783029001,0.028789694171611195
0.4101299865531152,0.9828141783029001,0.028792384550448125
0.4103139013452915,0.9828141783029001,0.028794133526994482
0.4104979811574697,0.9828141783029001,0.028811716933591913
0.4106822262118492,0.9828141783029001,0.02885953991078876
0.4108666367310283,0.9828141783029001,0.028886593012083104
0.4110512129380054,0.9828141783029001,0.02894612853106658
0.41123595505617977,0.9828141783029001,0.02899071085300951
0.4114208633093525,0.9828141783029001,0.02905347938415376
0.4116059379217274,0.9828141783029001,0.029084363312275492
0.4117911791179118,0.9828141783029001,0.029110196898549764
0.4119765871229176,0.9828141783029001,0.029200881229329165
0.41216216216216217,0.9828141783029001,0.029207026670803073
0.41234790446146913,0.9828141783029001,0.029324058366170355
0.4125338142470694,0.9828141783029001,0.029487448248879135
0.41271989174560214,0.9828141783029001,0.02950196268252319
0.4129061371841155,0.9828141783029001,0.029522158097462396
0.41309255079006774,0.9828141783029001,0.029659939254501298
0.4132791327913279,0.9828141783029001,0.029745740728781934
0.4134658834161771,0.9828141783029001,0.029869206413028083
0.41365280289330925,0.9828141783029001,0.029877205629357372
0.41383989145183175,0.9828141783029001,0.029923003544182612
0.41402714932126694,0.9828141783029001,0.029990419226237148
0.41421457673155276,0.9828141783029001,0.030019859371932463
0.41440217391304346,0.9828141783029001,0.030176715563826482
0.4145899410965111,0.9828141783029001,0.030201962271904345
0.41477787851314596,0.9828141783029001,0.030234856211891765
0.41496598639455784,0.9828141783029001,0.030237259901484483
0.41515426497277674,0.9828141783029001,0.030247051583157596
0.41534271448025417,0.9828141783029001,0.030255160075064614
0.41553133514986373,0.9828141783029001,0.030404400012226114
0.4157201272149023,0.9828141783029001,0.030469087424454446
0.4159090909090909,0.9828141783029001,0.030541525722616508
0.41609822646657574,0.9828141783029001,0.030591533774734895
0.41628753412192904,0.9828141783029001,0.03079542424341023
0.4164770141101502,0.9828141783029001,0.030888513215233324
0.4166666666666667,0.9828141783029001,0.030894894005872166
0.4168564920273349,0.9828141783029001,0.031167907101783514
0.4170464904284412,0.9828141783029001,0.03133655622771082
0.4172366621067031,0.9828141783029001,0.03137320067132996
0.41742700729927007,0.9828141783029001,0.03140738389602903
0.41761752624372434,0.9828141783029001,0.031420072516547895
0.4178082191780822,0.9828141783029001,0.03142829700214651
0.41799908634079486,0.9828141783029001,0.0315012683730507
0.41819012797074956,0.9828141783029001,0.03154726789280567
0.41838134430727025,0.9828141783029001,0.031620585327005506
0.4185727355901189,0.9828141783029001,0.03170184137025945
0.4183066361556064,0.9817400644468314,0.031777798425718456
0.4184981684981685,0.9817400644468314,0.0317973359261011
0.41868987631699495,0.9817400644468314,0.03182724245452552
0.4188817598533456,0.9817400644468314,0.03184616281294012
0.4190738193489225,0.9817400644468314,0.03194831451661558
0.41926605504587156,0.9817400644468314,0.03202091735453007
0.4194584671867829,0.9817400644468314,0.03221668183967125
0.4196510560146924,0.9817400644468314,0.03235345463102806
0.4198438217730822,0.9817400644468314,0.0325317442585062
0.42003676470588236,0.9817400644468314,0.03257787963669299
0.4202298850574713,0.9817400644468314,0.03258195978828768
0.4204231830726771,0.9817400644468314,0.03271559002270609
0.42061665899677864,0.9817400644468314,0.032800090639980184
0.4208103130755064,0.9817400644468314,0.03299993900507869
0.4210041455550438,0.9817400644468314,0.033031260267720755
0.42119815668202765,0.9817400644468314,0.03303579388462861
0.42139234670355,0.9817400644468314,0.0331637578861002
0.42178126442085834,0.9817400644468314,0.033711297780834606
0.42197599261311175,0.9817400644468314,0.03372165841426594
0.42217090069284063,0.9817400644468314,0.03379171124331907
0.422365988909427,0.9817400644468314,0.033924503110574045
0.42256125751271384,0.9817400644468314,0.03405573244496916
0.4222941720629047,0.9806659505907627,0.0340730540654419
0.4224895881536326,0.9806659505907627,0.03417431586267177
0.42268518518518516,0.9806659505907627,0.034201982087687474
0.4228809634089856,0.9806659505907627,0.03420634104214773
0.4230769230769231,0.9806659505907627,0.034234689856537666
0.4232730644413537,0.9806659505907627,0.03432867909603534
0.42346938775510207,0.9806659505907627,0.03449621424363097
0.4236658932714617,0.9806659505907627,0.034554394274928325
0.42386258124419685,0.9806659505907627,0.03458381575481099
0.42405945192754296,0.9806659505907627,0.03471064765341187
0.4242565055762082,0.9806659505907627,0.03474236770976457
0.42445374244537426,0.9806659505907627,0.034744926828937824
0.4246511627906977,0.9806659505907627,0.03475565735058052
0.42484876686831086,0.9806659505907627,0.034768480115269756
0.4250465549348231,0.9806659505907627,0.03476945824347513
0.42524452724732187,0.9806659505907627,0.03484397897010944
0.4254426840633737,0.9806659505907627,0.03491850087975726
0.4256410256410256,0.9806659505907627,0.035051660025007314
0.425839552238806,0.9806659505907627,0.035092112097388724
0.4260382641157256,0.9806659505907627,0.03510265487127452
0.42623716153127916,0.9806659505907627,0.035121722240584075
0.42643624474544606,0.9806659505907627,0.03517500995598673
0.4266355140186916,0.9806659505907627,0.03528283354800101
0.4268349696119682,0.9806659505907627,0.03536500206947288
0.42703461178671653,0.9806659505907627,0.03551305088148083
0.4272344408048666,0.9806659505907627,0.03551773186919542
0.42743445692883897,0.9806659505907627,0.03559975222582118
0.4276346604215457,0.9806659505907627,0.03573131297100794
0.42783505154639173,0.9806659505907627,0.03577050371693877
0.4280356305672761,0.9806659505907627,0.035878863094613654
0.42823639774859285,0.9806659505907627,0.0358823966047431
0.4284373533552323,0.9806659505907627,0.03591951678603978
0.42863849765258216,0.9806659505907627,0.036097138170464636
0.4288398309065289,0.9806659505907627,0.03624712412672669
0.42904135338345867,0.9806659505907627,0.03625690613225005
0.4292430653502586,0.9806659505907627,0.03653929793553171
0.42944496707431795,0.9806659505907627,0.03655325754609557
0.42964705882352944,0.9806659505907627,0.03659354271129714
0.42984934086629,0.9806659505907627,0.036663462030655666
0.43005181347150256,0.9806659505907627,0.03679100461531115
0.4302544769085768,0.9806659505907627,0.03686016865782097
0.4304573314474305,0.9806659505907627,0.036892866016860114
0.43066037735849055,0.9806659505907627,0.036925337936328725
0.43086361491269465,0.9806659505907627,0.03699576077195709
0.43106704438149196,0.9806659505907627,0.03700460609147607
0.4312706660368446,0.9806659505907627,0.037151550237002604
0.43147448015122875,0.9806659505907627,0.03721490409482692
0.43167848699763595,0.9806659505907627,0.03727073875359106
0.43188268684957426,0.9806659505907627,0.037309331363551926
0.43208707998106954,0.9806659505907627,0.03737222765458485
0.4322916666666667,0.9806659505907627,0.03739297154379837
0.4324964471814306,0.9806659505907627,0.0374175472598745
0.4327014218009479,0.9806659505907627,0.03744646624035117
0.43290659080132765,0.9806659505907627,0.03747864623029607
0.43311195445920303,0.9806659505907627,0.03762952351817331
0.43331751305173233,0.9806659505907627,0.03770271718973423
0.4335232668566002,0.9806659505907627,0.037760529197703924
0.433729216152019,0.9806659505907627,0.037801360772735396
0.43393536121673004,0.9806659505907627,0.037957415391564324
0.43414170233000476,0.9806659505907627,0.03803647298444693
0.43434823977164605,0.9806659505907627,0.03808042581576205
0.43455497382198954,0.9806659505907627,0.03811597483936501
0.43476190476190474,0.9806659505907627,0.038138848396203746
0.4349690328727966,0.9806659505907627,0.03815256433992315
0.4351763584366063,0.9806659505907627,0.038194551731389116
0.43538388173581305,0.9806659505907627,0.03821702400730554
0.43559160305343514,0.9806659505907627,0.038253115724936275
0.435799522673031,0.9806659505907627,0.03826197236667344
0.43600764087870103,0.9806659505907627,0.038278856472925914
0.4362159579550884,0.9806659505907627,0.038376624657686924
0.4364244741873805,0.9806659505907627,0.03839861085366435
0.4366331898613104,0.9806659505907627,0.03840298167512254
0.4368421052631579,0.9806659505907627,0.03848161699004051
0.43705122067975105,0.9806659505907627,0.03848843066523373
0.43726053639846746,0.9806659505907627,0.03883059250208366
0.43747005270723527,0.9806659505907627,0.03892534256467496
0.4378896882494005,0.9806659505907627,0.03895380399685293
0.43809980806142035,0.9806659505907627,0.03896946432184357
0.43831012962073934,0.9806659505907627,0.039189443840386216
0.43852065321805955,0.9806659505907627,0.03944522882263654
0.438731379144642,0.9806659505907627,0.03946758532469174
0.4389423076923077,0.9806659505907627,0.039719325806867684
0.43915343915343913,0.9806659505907627,0.039772449004065145
0.4393647738209817,0.9806659505907627,0.03989496710636871
0.4395763119884449,0.9806659505907627,0.040122395906667
0.43978805394990367,0.9806659505907627,0.040248767102809904
0.44,0.9806659505907627,0.0402634158077306
0.44021215043394407,0.9806659505907627,0.04048842463255296
0.44042450554751567,0.9806659505907627,0.040512877670034864
0.4406370656370656,0.9806659505907627,0.04054914868304357
0.44084983099951713,0.9806659505907627,0.04069544383851082
0.44106280193236713,0.9806659505907627,0.040785331847918126
0.4412759787336878,0.9806659505907627,0.041229627530827394
0.44148936170212766,0.9806659505907627,0.04123882781150535
0.4412191582002903,0.9795918367346939,0.04126299768913009
0.441432720232333,0.9795918367346939,0.04132501861182077
0.4411622276029056,0.9785177228786252,0.04163616930568505
0.44137596899224807,0.9785177228786252,0.041708024511695876
0.44158991759573435,0.9785177228786252,0.041949593520548646
0.44180407371484,0.9785177228786252,0.04195355706863683
0.4420184376516254,0.9785177228786252,0.04197000585023936
0.44223300970873786,0.9785177228786252,0.042176801199223075
0.4424477901894123,0.9785177228786252,0.042235307811140786
0.4426627793974733,0.9785177228786252,0.04224787766911565
0.44287797763733594,0.9785177228786252,0.04236716689742868
0.44309338521400776,0.9785177228786252,0.042450352888277636
0.44330900243309,0.9785177228786252,0.04252173768611972
0.443524829600779,0.9785177228786252,0.042522881700353184
0.4437408670238675,0.9785177228786252,0.042529876129439835
0.4439571150097466,0.9785177228786252,0.04277476462442521
0.44417357386640666,0.9785177228786252,0.042920968842076995
0.44439024390243903,0.9785177228786252,0.043093642620052684
0.44460712542703756,0.9785177228786252,0.043151809975016185
0.44482421875,0.9785177228786252,0.04323210100400864
0.4450415241817294,0.9785177228786252,0.04327090556420297
0.4452590420332356,0.9785177228786252,0.0433085906599348
0.4449877750611247,0.9774436090225563,0.043513918991146885
0.4452054794520548,0.9774436090225563,0.043595341257861804
0.4454233969652472,0.9774436090225563,0.043613643619096254
0.44515181194906955,0.9763694951664876,0.0439035477051335
0.4453699167074963,0.9763694951664876,0.04392205423662731
0.4455882352941177,0.9763694951664876,0.043926971096569005
0.44580676802354097,0.9763694951664876,0.04433381299520875
0.44602551521099115,0.9763694951664876,0.04438905111681451
0.44624447717231225,0.9763694951664876,0.04450848720401194
0.44646365422396855,0.9763694951664876,0.04457749725755868
0.4466830466830467,0.9763694951664876,0.04458956104040627
0.4469026548672566,0.9763694951664876,0.04461052811879739
0.4471224790949336,0.9763694951664876,0.04476030098564444
0.44734251968503935,0.9763694951664876,0.04479034622901498
0.44756277695716395,0.9763694951664876,0.044812612913310595
0.44778325123152707,0.9763694951664876,0.04483448581906915
0.4480039428289798,0.9763694951664876,0.045019398784157734
0.44822485207100593,0.9763694951664876,0.04506202170340274
0.44844597927972374,0.9763694951664876,0.04509210099399155
0.44866732477788746,0.9763694951664876,0.045138923052912325
0.4488888888888889,0.9763694951664876,0.045183775811926494
0.4491106719367589,0.9763694951664876,0.04521654680381927
0.4493326742461691,0.9763694951664876,0.045442896273753156
0.4495548961424332,0.9763694951664876,0.045445329136338405
0.44977733795150915,0.9763694951664876,0.04551497442065331
0.45,0.9763694951664876,0.045531191488261485
0.45022288261515603,0.9763694951664876,0.04563002602587125
0.45044598612487613,0.9763694951664876,0.045711381590923104
0.45066931085770945,0.9763694951664876,0.04575371546308863
0.45089285714285715,0.9763694951664876,0.04576870676250948
0.4511166253101737,0.9763694951664876,0.04581078849926013
0.4513406156901688,0.9763694951664876,0.046101574077883525
0.45156482861400893,0.9763694951664876,0.046317038286864946
0.45129224652087474,0.9752953813104189,0.04691990265728268
0.45151665837891597,0.9752953813104189,0.04702267454192602
0.45174129353233833,0.9752953813104189,0.047289595160407386
0.45196615231458437,0.9752953813104189,0.04730272475805939
0.45219123505976094,0.9752953813104189,0.04737546263994065
0.45241654210264076,0.9752953813104189,0.04780488509969577
0.452642073778664,0.9752953813104189,0.04785892742459252
0.45286783042394013,0.9752953813104189,0.04788931943769962
0.4530938123752495,0.9752953813104189,0.04792796041491101
0.45332001997004495,0.9752953813104189,0.04806201561766027
0.45354645354645357,0.9752953813104189,0.048328912920903265
0.45377311344327836,0.9752953813104189,0.04850320814455354
0.4535,0.9742212674543501,0.048787355218659595
0.45372686343171587,0.9742212674543501,0.048842369001234204
0.45395395395395394,0.9742212674543501,0.04905441236040241
0.4541812719078618,0.9742212674543501,0.049147707245825935
0.4544088176352705,0.9742212674543501,0.04939221899812626
0.4546365914786967,0.9742212674543501,0.04954296349366562
0.45486459378134403,0.9742212674543501,0.04958695947153341
0.45509282488710484,0.9742212674543501,0.04977958709820024
0.45532128514056225,0.9742212674543501,0.0498067009489362
0.45554997488699145,0.9742212674543501,0.04989467806603264
0.4557788944723618,0.9742212674543501,0.04992701630252183
0.45600804424333835,0.9742212674543501,0.05016274172673292
0.4562374245472837,0.9742212674543501,0.05030366900422833
0.45646703573225966,0.9742212674543501,0.05042348851194247
0.4566968781470292,0.9742212674543501,0.05049174967705504
0.45692695214105794,0.9742212674543501,0.05059855110780433
0.4571572580645161,0.9742212674543501,0.050822450371445324
0.45738779626828036,0.9742212674543501,0.05132724468622336
0.4576185671039354,0.9742212674543501,0.051372001593632255
0.4578495709237759,0.9742212674543501,0.05139202994152378
0.4580808080808081,0.9742212674543501,0.05165605650458856
0.45831227892875187,0.9742212674543501,0.05189410982075879
0.4585439838220425,0.9742212674543501,0.052179072047367686
0.4587759231158321,0.9742212674543501,0.05237855487911384
0.4590080971659919,0.9742212674543501,0.05251589865989092
0.45924050632911395,0.9742212674543501,0.052920523064176495
0.4594731509625127,0.9742212674543501,0.0531807799232743
0.45970603142422706,0.9742212674543501,0.05332141643141268
0.45993914807302233,0.9742212674543501,0.05335485416011467
0.46017250126839165,0.9742212674543501,0.05347589033286848
0.4604060913705584,0.9742212674543501,0.053516695780405736
0.4606399187404774,0.9742212674543501,0.05359880544901892
0.4608739837398374,0.9742212674543501,0.053657013175745075
0.4611082867310625,0.9742212674543501,0.05383518262797364
0.46134282807731436,0.9742212674543501,0.053959392620782705
0.46157760814249366,0.9742212674543501,0.053968838967205654
0.46181262729124234,0.9742212674543501,0.05425836236213543
0.46204788588894546,0.9742212674543501,0.054325154467502405
0.46228338430173294,0.9742212674543501,0.05442580104214665
0.4625191228964814,0.9742212674543501,0.05448195804725439
0.4627551020408163,0.9742212674543501,0.054504740449467286
0.46299132210311383,0.9742212674543501,0.05452533417826763
0.46322778345250254,0.9742212674543501,0.05501160512385274
0.4634644864588656,0.9742212674543501,0.05513469029243805
0.46370143149284254,0.9742212674543501,0.055252892047281274
0.4639386189258312,0.9742212674543501,0.055265577012100615
0.4641760491299898,0.9742212674543501,0.055488499343487166
0.4644137224782386,0.9742212674543501,0.05552091662087061
0.4646516393442623,0.9742212674543501,0.05563184072517242
0.4648898001025115,0.9742212674543501,0.055809197705675356
0.46512820512820513,0.9742212674543501,0.05583968822957803
0.465366854797332,0.9742212674543501,0.05589367114198052
0.46560574948665295,0.9742212674543501,0.055957568236818675
0.4658448895737031,0.9742212674543501,0.05604534477641588
0.4660842754367934,0.9742212674543501,0.05608620573795424
0.46632390745501284,0.9742212674543501,0.056449286513647556
0.46656378600823045,0.9742212674543501,0.056537515514701146
0.46680391147709727,0.9742212674543501,0.05658720907898798
0.4670442842430484,0.9742212674543501,0.05670748329366906
0.467284904688305,0.9742212674543501,0.05682628962163281
0.4675257731958763,0.9742212674543501,0.056830271704329194
0.46776689014956163,0.9742212674543501,0.05704104527078808
0.4680082559339525,0.9742212674543501,0.05732853198532141
0.4682498709344347,0.9742212674543501,0.057348562380601605
0.4684917355371901,0.9742212674543501,0.05745013515020676
0.468733850129199,0.9742212674543501,0.057458007272905086
0.468976215098242,0.9742212674543501,0.05746793464099004
0.4692188308329022,0.9742212674543501,0.05757546707818883
0.4694616977225673,0.9742212674543501,0.057733465033593084
0.4691869497669601,0.9731471535982814,0.05777752995276728
0.4694300518134715,0.9731471535982814,0.05780335191911883
0.46967340590979784,0.9731471535982814,0.058029172384178186
0.4699170124481328,0.9731471535982814,0.05825350754180691
0.4701608718214842,0.9731471535982814,0.058276466502395506
0.470404984423676,0.9731471535982814,0.05838489084271933
0.47064935064935065,0.9731471535982814,0.058666572004535636
0.4708939708939709,0.9731471535982814,0.05877567684353807
0.4711388455538221,0.9731471535982814,0.05883577453823146
0.4713839750260146,0.9731471535982814,0.058940032546974705
0.4716293597084852,0.9731471535982814,0.05916891412106577
0.471875,0.9731471535982814,0.05929803829531262
0.47212089630015636,0.9731471535982814,0.059395782068557196
0.47236704900938475,0.9731471535982814,0.05950212915115735
0.4726134585289515,0.9731471535982814,0.05954786258315165
0.47286012526096033,0.9731471535982814,0.05970174751634725
0.4731070496083551,0.9731471535982814,0.059828086784074995
0.47335423197492166,0.9731471535982814,0.059922165687765434
0.47360167276529014,0.9731471535982814,0.060172402739847905
0.47384937238493724,0.9731471535982814,0.06056574752284398
0.4740973312401884,0.9731471535982814,0.06059461868435887
0.4743455497382199,0.9731471535982814,0.06070058154749532
0.47459402828706126,0.9731471535982814,0.060867341925837974
0.4748427672955975,0.9731471535982814,0.06110664963895307
0.47509176717357104,0.9731471535982814,0.06116574735093381
0.47481636935991606,0.9720730397422127,0.06129913936171141
0.47506561679790027,0.9720730397422127,0.061326619672081036
0.47531512605042014,0.9720730397422127,0.06147464083098671
0.47556489753021547,0.9720730397422127,0.061620127837647344
0.4758149316508938,0.9720730397422127,0.06174708140007919
0.4760652288269332,0.9720730397422127,0.06180857343008531
0.4763157894736842,0.9720730397422127,0.061829002190889965
0.4765666140073723,0.9720730397422127,0.06195302313031212
0.47629083245521603,0.9709989258861439,0.061956916546828555
0.4765419082762256,0.9709989258861439,0.06203545356631356
0.4767932489451477,0.9709989258861439,0.062152315358945595
0.47704485488126647,0.9709989258861439,0.06218665919313435
0.47729672650475186,0.9709989258861439,0.062411713284725126
0.4775488642366614,0.9709989258861439,0.062420680785275254
0.47780126849894294,0.9709989258861439,0.06249858950907202
0.4780539397144368,0.9709989258861439,0.06253383901906191
0.4783068783068783,0.9709989258861439,0.06263326148905193
0.47856008470089995,0.9709989258861439,0.06282054366864422
0.4788135593220339,0.9709989258861439,0.06294458206599331
0.4790673025967144,0.9709989258861439,0.06301831792781601
0.47932131495228,0.9709989258861439,0.06352349517479892
0.47957559681697615,0.9709989258861439,0.06366124155788011
0.47983014861995754,0.9709989258861439,0.06368999439431261
0.4800849707912905,0.9709989258861439,0.06378568753512737
0.48034006376195537,0.9709989258861439,0.0637882402340287
0.480595427963849,0.9709989258861439,0.06380249244461603
0.4808510638297872,0.9709989258861439,0.0639151980743759
0.4811069717935072,0.9709989258861439,0.06404496118850592
0.48136315228966986,0.9709989258861439,0.06406414884092144
0.48161960575386253,0.9709989258861439,0.06407573145347893
0.48187633262260127,0.9709989258861439,0.06414918216136678
0.48213333333333336,0.9709989258861439,0.06419928928153545
0.4823906083244397,0.9709989258861439,0.0645759041870502
0.4826481580352376,0.9709989258861439,0.06464048573245638
0.4829059829059829,0.9709989258861439,0.06482777755523711
0.4831640833778728,0.9709989258861439,0.06506777396174064
0.4834224598930481,0.9709989258861439,0.06507187650375575
0.48368111289459603,0.9709989258861439,0.06510426173262682
0.48394004282655245,0.9709989258861439,0.0651648659461822
0.48419925013390464,0.9709989258861439,0.06524826912255924
0.4844587352625938,0.9709989258861439,0.06557591939344817
0.48471849865951744,0.9709989258861439,0.0655920669592343
0.48497854077253216,0.9709989258861439,0.06561966696363028
0.48523886205045624,0.9709989258861439,0.06579790612791053
0.48549946294307195,0.9709989258861439,0.06597219443070626
0.48576034390112843,0.9709989258861439,0.0660244864399262
0.4860215053763441,0.9709989258861439,0.06625629861789248
0.48628294782140935,0.9709989258861439,0.06653282814763839
0.4865446716899892,0.9709989258861439,0.06658236354686463
0.4868066774367259,0.9709989258861439,0.06707214957208944
0.4870689655172414,0.9709989258861439,0.06717185361192633
0.48733153638814014,0.9709989258861439,0.06741787160770212
0.48759439050701187,0.9709989258861439,0.06760888963304833
0.4878575283324339,0.9709989258861439,0.06779503310892977
0.48812095032397407,0.9709989258861439,0.06831947576728109
0.4883846569421934,0.9709989258861439,0.06846678622130069
0.48864864864864865,0.9709989258861439,0.06855147445506511
0.4889129259058951,0.9709989258861439,0.06866441275680533
0.48917748917748916,0.9709989258861439,0.06878145140609584
0.4894423389279913,0.9709989258861439,0.06915933634188012
0.48970747562296857,0.9709989258861439,0.06942381850782038
0.48997289972899727,0.9709989258861439,0.06961659608468104
0.49023861171366595,0.9709989258861439,0.0699213711440097
0.4905046120455779,0.9709989258861439,0.06997536737272365
0.49077090119435396,0.9709989258861439,0.0699764508200494
0.49103747963063554,0.9709989258861439,0.07017209032069362
0.49130434782608695,0.9709989258861439,0.07080982242576413
0.49157150625339857,0.9709989258861439,0.07105643094958036
0.49183895538628947,0.9709989258861439,0.0712774766554871
0.49210669569951004,0.9709989258861439,0.07178728941008712
0.4923747276688453,0.9709989258861439,0.07179982078859697
0.49264305177111717,0.9709989258861439,0.07221694289344346
0.49291166848418755,0.9709989258861439,0.07261266459384687
0.49318057828696127,0.9709989258861439,0.0727212143794842
0.49344978165938863,0.9709989258861439,0.07283216327600076
0.4937192790824686,0.9709989258861439,0.07298158730289853
0.49398907103825135,0.9709989258861439,0.07304296654905847
0.49425915800984144,0.9709989258861439,0.07331020987516404
0.49452954048140046,0.9709989258861439,0.07386995708222256
0.49480021893814996,0.9709989258861439,0.07390726353013706
0.4950711938663746,0.9709989258861439,0.07398337383498646
0.49534246575342467,0.9709989258861439,0.0740264149326498
0.4956140350877193,0.9709989258861439,0.07407123944087979
0.4958859023587493,0.9709989258861439,0.07432466708449055
0.4961580680570801,0.9709989258861439,0.07446289048650094
0.4964305326743548,0.9709989258861439,0.07467241754935083
0.4967032967032967,0.9709989258861439,0.07469648934757564
0.49697636063771305,0.9709989258861439,0.07512623587542851
0.49724972497249725,0.9709989258861439,0.07516418684415745
0.49752339020363234,0.9709989258861439,0.07542212494801602
0.4972466960352423,0.9699248120300752,0.07556278102008751
0.4975206611570248,0.9699248120300752,0.07561632963937208
0.4977949283351709,0.9699248120300752,0.07575895339749916
0.49751792608935463,0.9688506981740065,0.07612154752904904
0.4977924944812362,0.9688506981740065,0.07641636629273252
0.49751518498067365,0.9677765843179377,0.07673607267039842
0.4977900552486188,0.9677765843179377,0.07681994762897634
0.498065229408513,0.9677765843179377,0.0768242384624492
0.4983407079646018,0.9677765843179377,0.07726289004554136
0.49861649142224684,0.9677765843179377,0.07743392947168014
0.4988925802879291,0.9677765843179377,0.07774884575874394
0.49916897506925206,0.9677765843179377,0.07823394216143474
0.49944567627494457,0.9677765843179377,0.07828698070691939
0.4997226844148641,0.9677765843179377,0.07864339628627807
0.5,0.9677765843179377,0.07903269060209946
0.5002776235424764,0.9677765843179377,0.07908645460804259
0.5005555555555555,0.9677765843179377,0.07982065383542387
0.5008337965536409,0.9677765843179377,0.0798269756913892
0.5011123470522804,0.9677765843179377,0.0801009775491534
0.5013912075681691,0.9677765843179377,0.08014039208512534
0.5016703786191536,0.9677765843179377,0.08014202890094481
0.501949860724234,0.9677765843179377,0.08046721834716426
0.5022296544035675,0.9677765843179377,0.08086390961776917
0.5025097601784718,0.9677765843179377,0.0808742042023435
0.5027901785714286,0.9677765843179377,0.08128448058824185
0.503070910106086,0.9677765843179377,0.0819092284500999
0.5027932960893855,0.966702470461869,0.08190938790933731
0.5030743432084964,0.966702470461869,0.08200934425708065
0.5033557046979866,0.966702470461869,0.08253148181624673
0.5036373810856184,0.966702470461869,0.08276853248518068
0.503919372900336,0.966702470461869,0.08366366601895439
0.503641456582633,0.9656283566058003,0.08387397713445269
0.5039237668161435,0.9656283566058003,0.08409144951640178
0.504206393718452,0.9656283566058003,0.0841262337675318
0.5044893378226711,0.9656283566058003,0.08434669200095017
0.5047725996631106,0.9656283566058003,0.08457070051292435
0.5044943820224719,0.9645542427497314,0.0846321626224523
0.5047779651489601,0.9645542427497314,0.08508168731465679
0.5050618672665916,0.9645542427497314,0.08508607398582216
0.5053460889138999,0.9645542427497314,0.08514137891724476
0.5056306306306306,0.9645542427497314,0.08570765713081768
0.5059154929577465,0.9645542427497314,0.08612008660588322
0.5062006764374295,0.9645542427497314,0.08632120202016698
0.5064861816130851,0.9645542427497314,0.08657212907446679
0.5067720090293454,0.9645542427497314,0.08738822880771359
0.5070581592320723,0.9645542427497314,0.08758666113542311
0.5073446327683616,0.9645542427497314,0.08763145123074743
0.5076314301865461,0.9645542427497314,0.088155188454566
0.5079185520361991,0.9645542427497314,0.08836844332377188
0.5082059988681381,0.9645542427497314,0.08868855705158708
0.5084937712344281,0.9645542427497314,0.08879112514457085
0.5087818696883852,0.9645542427497314,0.08898211550125767
0.5090702947845805,0.9645542427497314,0.08917768097330846
0.5093590470788428,0.9645542427497314,0.08921204212258871
0.5096481271282634,0.9645542427497314,0.08978217252583758
0.5099375354911981,0.9645542427497314,0.08983338343622368
0.5102272727272728,0.9645542427497314,0.09047091286996485
0.5105173393973849,0.9645542427497314,0.09121052603915916
0.5108077360637088,0.9645542427497314,0.09126828188228883
0.5110984632896983,0.9645542427497314,0.09131753028789352
0.5108200455580866,0.9634801288936627,0.0913852013697378
0.5111111111111111,0.9634801288936627,0.09172962121119133
0.5114025085518814,0.9634801288936627,0.09218172482291756
0.5116942384483743,0.9634801288936627,0.09219502950653068
0.511986301369863,0.9634801288936627,0.09249715941827284
0.5122786978869217,0.9634801288936627,0.09276167579570391
0.5125714285714286,0.9634801288936627,0.09286195360072745
0.5128644939965694,0.9634801288936627,0.0928724959113808
0.5131578947368421,0.9634801288936627,0.0929172298396784
0.5134516313680595,0.9634801288936627,0.09294399662297483
0.5137457044673539,0.9634801288936627,0.09325629225166343
0.5140401146131806,0.9634801288936627,0.0936058975548134
0.5143348623853211,0.9634801288936627,0.09378840519154992
0.5146299483648882,0.9634801288936627,0.09382320370419701
0.5149253731343284,0.9634801288936627,0.09467808844676891
0.5152211372774268,0.9634801288936627,0.09470839775509518
0.5155172413793103,0.9634801288936627,0.09552034289132351
0.515813686026452,0.9634801288936627,0.09698452126865292
0.5155350978135789,0.9624060150375939,0.09748500815417295
0.5152561888313184,0.9613319011815252,0.09774036359871602
0.5155529953917051,0.9613319011815252,0.09784199032506954
0.515850144092219,0.9613319011815252,0.09785244617558159
0.5161476355247981,0.9613319011815252,0.09863950204113701
0.5164454702827467,0.9613319011815252,0.09864917754270437
0.516743648960739,0.9613319011815252,0.09873903034740066
0.5170421721548238,0.9613319011815252,0.10165606365536078
0.5173410404624278,0.9613319011815252,0.10175658923851758
0.5176402544823597,0.9613319011815252,0.10232600565326101
0.5179398148148148,0.9613319011815252,0.103241839722508
0.5182397220613781,0.9613319011815252,0.10328319050612321
0.518539976825029,0.9613319011815252,0.10343995266504308
0.518840579710145,0.9613319011815252,0.10385410204216197
0.5191415313225058,0.9613319011815252,0.10452312544931444
0.5194428322692978,0.9613319011815252,0.10476168586907086
0.5197444831591173,0.9613319011815252,0.10507142505802765
0.5200464846019756,0.9613319011815252,0.10508341524289236
0.5203488372093024,0.9613319011815252,0.10518050633297665
0.52065154159395,0.9613319011815252,0.10526949286205664
0.5209545983701979,0.9613319011815252,0.10540495136713415
0.5212580081537566,0.9613319011815252,0.1058305155233592
0.5215617715617715,0.9613319011815252,0.10615718721524119
0.521865889212828,0.9613319011815252,0.10624238758886863
0.5215869311551925,0.9602577873254565,0.10728937051149182
0.521891418563923,0.9602577873254565,0.10744129175859768
0.522196261682243,0.9602577873254565,0.10744993943955601
0.5225014611338399,0.9602577873254565,0.10770681582009076
0.5228070175438596,0.9602577873254565,0.10799145790537597
0.5231129315389117,0.9602577873254565,0.10831499260969087
0.5234192037470726,0.9602577873254565,0.10832538756040797
0.523725834797891,0.9602577873254565,0.1084912212307929
0.5240328253223916,0.9602577873254565,0.10856207681518107
0.5243401759530791,0.9602577873254565,0.10874477075063733
0.5246478873239436,0.9602577873254565,0.10892726823975785
0.5249559600704639,0.9602577873254565,0.10909009876912493
0.5252643948296122,0.9602577873254565,0.10935980211974122
0.5255731922398589,0.9602577873254565,0.10957662705409006
0.5258823529411765,0.9602577873254565,0.10981006893221767
0.5256032960565038,0.9591836734693877,0.10998159718414381
0.5259128386336867,0.9591836734693877,0.11127572849118644
0.5262227460223925,0.9591836734693877,0.11189816905217292
0.5265330188679245,0.9591836734693877,0.11267241815843308
0.5268436578171092,0.9591836734693877,0.11284023894380994
0.5271546635182999,0.9591836734693877,0.11296466051468392
0.5268753691671589,0.958109559613319,0.11436585984984424
0.5271867612293144,0.958109559613319,0.11459118945262718
0.527498521584861,0.958109559613319,0.11460431471758381
0.527810650887574,0.958109559613319,0.11477191731211636
0.5281231497927767,0.958109559613319,0.11488445621298879
0.5284360189573459,0.958109559613319,0.11523494685980622
0.5287492590397155,0.958109559613319,0.11584708203528975
0.5290628706998813,0.958109559613319,0.11622563383834292
0.5293768545994065,0.958109559613319,0.1164103845930456
0.5296912114014252,0.958109559613319,0.11654928392835391
0.5300059417706476,0.958109559613319,0.11679404426035687
0.5303210463733651,0.958109559613319,0.11688609089361475
0.5306365258774539,0.958109559613319,0.11713024488638311
0.530952380952381,0.958109559613319,0.11727777450129484
0.5312686122692079,0.958109559613319,0.11834855523515006
0.531585220500596,0.958109559613319,0.11835364295961838
0.531902206320811,0.958109559613319,0.11850259421528278
0.5322195704057279,0.958109559613319,0.11859438493431546
0.5325373134328358,0.958109559613319,0.11876929212597692
0.5328554360812425,0.958109559613319,0.11882935327219118
0.5331739390316796,0.958109559613319,0.1189036489434686
0.5334928229665071,0.958109559613319,0.11917766577557974
0.5338120885697187,0.958109559613319,0.11935235709981408
0.5341317365269461,0.958109559613319,0.11945613788827603
0.5344517675254643,0.958109559613319,0.11948289530726004
0.5341726618705036,0.9570354457572503,0.1202705666170385
0.5344931013797241,0.9570354457572503,0.1202931200574341
0.5348139255702281,0.9570354457572503,0.12030890325263369
0.5354567307692307,0.9570354457572503,0.1206734257228947
0.5357787131689717,0.9570354457572503,0.12077108043735509
0.5361010830324909,0.9570354457572503,0.12099888502825051
0.5364238410596026,0.9570354457572503,0.12109902348127793
0.5367469879518072,0.9570354457572503,0.12133796062719947
0.5370705244122965,0.9570354457572503,0.12175457324193613
0.537394451145959,0.9570354457572503,0.12185525040155179
0.5377187688593844,0.9570354457572503,0.12189077824036088
0.5380434782608695,0.9570354457572503,0.12229746944303176
0.538368580060423,0.9570354457572503,0.1224524746147968
0.5386940749697703,0.9570354457572503,0.12249704285838806
0.5390199637023594,0.9570354457572503,0.12308242217250277
0.5393462469733656,0.9570354457572503,0.12318566752870266
0.5390672319806178,0.9559613319011815,0.12344838873548288
0.5387878787878788,0.9548872180451128,0.12349093477264671
0.5391146149181322,0.9548872180451128,0.12381829164873193
0.5394417475728155,0.9548872180451128,0.12383986814116736
0.5391621129326047,0.9538131041890441,0.12386871878825592
0.5394896719319563,0.9538131041890441,0.12403732085810547
0.5398176291793313,0.9538131041890441,0.12404606290260234
0.5401459854014599,0.9538131041890441,0.12410939432870301
0.5404747413268411,0.9538131041890441,0.12465695921014866
0.5401948842874543,0.9527389903329753,0.12532820414618268
0.5405240706886045,0.9527389903329753,0.1254210414642711
0.5408536585365854,0.9527389903329753,0.12601056697656265
0.5411836485661989,0.9527389903329753,0.12617260447230427
0.5409035409035409,0.9516648764769066,0.12646504116634835
0.5412339645693341,0.9516648764769066,0.12699737004377112
0.5415647921760391,0.9516648764769066,0.12714448356445596
0.5418960244648318,0.9516648764769066,0.12752142454094428
0.5416156670746634,0.9505907626208379,0.12778489731938336
0.5419473361910594,0.9505907626208379,0.12801247035956123
0.542611894543225,0.9505907626208379,0.12870579740552482
0.5429447852760736,0.9505907626208379,0.1289832126756997
0.5432780847145487,0.9505907626208379,0.1292206935786073
0.542997542997543,0.949516648764769,0.12937299681438477
0.5433312845728334,0.949516648764769,0.12952245396973602
0.5436654366543665,0.949516648764769,0.12957098561202032
0.544,0.949516648764769,0.12960279794188065
0.5443349753694581,0.949516648764769,0.1303234828802723
0.5446703635243376,0.949516648764769,0.13038019961892014
0.5450061652281134,0.949516648764769,0.13053103344041034
0.5453423812461443,0.949516648764769,0.13093714833305328
0.5456790123456791,0.949516648764769,0.1314773673368764
0.5460160592958616,0.949516648764769,0.13193702947893482
0.5457354758961681,0.9484425349087003,0.13197581918016935
0.5460729746444032,0.9484425349087003,0.13202724089319623
0.5464108910891089,0.9484425349087003,0.132116002863405
0.5467492260061919,0.9484425349087003,0.13280167197512324
0.547087980173482,0.9484425349087003,0.1330337231661767
0.5474271543707377,0.9484425349087003,0.13314137400888945
0.5477667493796526,0.9484425349087003,0.13337521364015406
0.547486033519553,0.9473684210526315,0.13505615245669614
0.5472049689440994,0.9462943071965628,0.13531723952086952
0.5475450590428838,0.9462943071965628,0.13604032440804126
0.5478855721393034,0.9462943071965628,0.1362980033114923
0.5476042314872434,0.9452201933404941,0.13640889194556605
0.547945205479452,0.9452201933404941,0.13647849136119783
0.5482866043613707,0.9452201933404941,0.13678855043771906
0.5486284289276808,0.9452201933404941,0.13698345802084028
0.5483468496568933,0.9441460794844253,0.13705873221467818
0.548689138576779,0.9441460794844253,0.13728840053820904
0.5490318550905684,0.9441460794844253,0.13734707204938787
0.549375,0.9441460794844253,0.13829970808983688
0.549718574108818,0.9441460794844253,0.1383090836773483
0.5494367959949937,0.9430719656283566,0.13847059183579746
0.5497808390732624,0.9430719656283566,0.13896943939552223
0.550125313283208,0.9430719656283566,0.13912584559776425
0.5504702194357367,0.9430719656283566,0.1394895132217605
0.5508155583437893,0.9430719656283566,0.13985387655098463
0.5511613308223478,0.9430719656283566,0.14003273313528464
0.5515075376884422,0.9430719656283566,0.1405158146126465
0.5518541797611565,0.9430719656283566,0.14052289797578432
0.5519194461925739,0.9419978517722879,0.14062667328625647
0.5522670025188917,0.9419978517722879,0.14063272764407242
0.5526149968494014,0.9419978517722879,0.14065467817986493
0.5523329129886507,0.9409237379162191,0.14074896355610525
0.5520504731861199,0.9398496240601504,0.14081623183201386
0.55239898989899,0.9398496240601504,0.14096535264175897
0.5527479469361971,0.9398496240601504,0.14128518906983314
0.5530973451327433,0.9398496240601504,0.14130696295127024
0.5534471853257432,0.9398496240601504,0.14132749693952612
0.5537974683544303,0.9398496240601504,0.14143851126485807
0.5541481950601647,0.9398496240601504,0.14146455583389428
0.5544993662864385,0.9398496240601504,0.14165936509769372
0.5548509828788839,0.9398496240601504,0.14182585951468876
0.5552030456852792,0.9398496240601504,0.14232443239175777
0.5555555555555556,0.9398496240601504,0.14254924618003878
0.5559085133418044,0.9398496240601504,0.14304129616274075
0.5562619198982836,0.9398496240601504,0.14326675588847648
0.556615776081425,0.9398496240601504,0.14330302578832804
0.5569700827498408,0.9398496240601504,0.1434577352251332
0.5573248407643312,0.9398496240601504,0.14360633093192962
0.5576800509878904,0.9398496240601504,0.14378439192923353
0.5580357142857143,0.9398496240601504,0.14396123214116346
0.5577536694320357,0.9387755102040817,0.14402303534153102
0.558109833971903,0.9387755102040817,0.14432743695189515
0.5584664536741214,0.9387755102040817,0.14435704007961406
0.5588235294117647,0.9387755102040817,0.14477452658038198
0.5591810620601407,0.9387755102040817,0.14485686217018726
0.559539052496799,0.9387755102040817,0.14487892885077636
0.5598975016015375,0.9387755102040817,0.14489881499480045
0.5602564102564103,0.9387755102040817,0.1451474840741535
0.5606157793457345,0.9387755102040817,0.1451697509183746
0.5609756097560976,0.9387755102040817,0.1464590322959379
0.5613359023763648,0.9387755102040817,0.1467103542702771
0.5616966580976864,0.9387755102040817,0.14740339400235064
0.5620578778135048,0.9387755102040817,0.14778709204781115
0.5624195624195624,0.9387755102040817,0.14821162680281613
0.562137797810689,0.9377013963480129,0.14896829855378388
0.5625,0.9377013963480129,0.14916544838161053
0.562862669245648,0.9377013963480129,0.14952482854296392
0.5632258064516129,0.9377013963480129,0.14991107743145834
0.5629438347320852,0.9366272824919442,0.15043673862901624
0.5633074935400517,0.9366272824919442,0.1505624677836173
0.5636716224951519,0.9366272824919442,0.15058925313674598
0.5640362225097024,0.9366272824919442,0.1508163528566091
0.5647668393782384,0.9366272824919442,0.15125005564540786
0.5644847699287103,0.9355531686358755,0.15140166413897377
0.5648508430609598,0.9355531686358755,0.15142799226758064
0.5652173913043478,0.9355531686358755,0.1517323532140328
0.5655844155844156,0.9355531686358755,0.15231432804316522
0.5659519168291098,0.9355531686358755,0.1523834227985161
0.5660377358490566,0.9344790547798066,0.1526669526024537
0.56640625,0.9344790547798066,0.15337742496183496
0.5667752442996743,0.9344790547798066,0.15397014156986152
0.5671447196870926,0.9344790547798066,0.15474318862860123
0.5675146771037182,0.9344790547798066,0.15475090142629128
0.5672323759791122,0.9334049409237379,0.1552382638195786
0.5676028739386022,0.9334049409237379,0.1555149881990622
0.5679738562091503,0.9334049409237379,0.1560904028449883
0.5683453237410072,0.9334049409237379,0.15629900924508516
0.568717277486911,0.9334049409237379,0.15678934018864402
0.5684348395546824,0.9323308270676691,0.15694547437707235
0.5688073394495413,0.9323308270676691,0.1569470830709894
0.5685245901639344,0.9312567132116004,0.15727960804531377
0.568241469816273,0.9301825993555317,0.15766180676368877
0.5686145764937623,0.9301825993555317,0.15790466313701085
0.568988173455979,0.9301825993555317,0.15792625432923674
0.569362261669954,0.9301825993555317,0.15795649026357675
0.569078947368421,0.9291084854994629,0.15877304318088148
0.5694535878867676,0.9291084854994629,0.15890126840456675
0.5691699604743083,0.9280343716433942,0.1592459142225795
0.5695451549110085,0.9280343716433942,0.15926908207844512
0.5699208443271768,0.9280343716433942,0.15933992086360185
0.5702970297029702,0.9280343716433942,0.15951848218003983
0.570673712021136,0.9280343716433942,0.15962036322468262
0.5703899537343027,0.9269602577873255,0.15981275160940214
0.5707671957671958,0.9269602577873255,0.16012431610152167
0.57114493712773,0.9269602577873255,0.16031312190412247
0.5708609271523178,0.9258861439312567,0.1605603047849247
0.5705765407554672,0.924812030075188,0.16101520829595653
0.5709549071618037,0.924812030075188,0.1618599858248915
0.5713337757133378,0.924812030075188,0.16277716487204363
0.5710491367861886,0.9237379162191193,0.162801869745804
0.5707641196013289,0.9226638023630505,0.1630775892160361
0.5711436170212766,0.9226638023630505,0.1631012063802732
0.571523619427811,0.9226638023630505,0.16353865953788255
0.5719041278295606,0.9226638023630505,0.1636908275288951
0.5722851432378414,0.9226638023630505,0.16440038668939497
0.5726666666666667,0.9226638023630505,0.1646215135789628
0.5730486991327551,0.9226638023630505,0.16522997825158492
0.5734312416555407,0.9226638023630505,0.16554126309937695
0.5738142952571811,0.9226638023630505,0.16569805691523418
0.5741978609625669,0.9226638023630505,0.16626126836274727
0.5745819397993311,0.9226638023630505,0.16654699354882627
0.5749665327978581,0.9226638023630505,0.16690712832073623
0.5753516409912927,0.9226638023630505,0.16710211702934283
0.5757372654155496,0.9226638023630505,0.16735721135370205
0.5754527162977867,0.9215896885069818,0.16764347123245502
0.5758389261744966,0.9215896885069818,0.16782181664359713
0.5762256548018805,0.9215896885069818,0.16978816369208652
0.5766129032258065,0.9215896885069818,0.1708191337075788
0.5770006724949562,0.9215896885069818,0.1708735306991567
0.5773889636608345,0.9215896885069818,0.17111515862991222
0.5777777777777777,0.9215896885069818,0.17180252463751758
0.578167115902965,0.9215896885069818,0.17187580848744674
0.5785569790964261,0.9215896885069818,0.17222182575394518
0.5789473684210527,0.9215896885069818,0.17245085253576678
0.5793382849426063,0.9215896885069818,0.17245946549684238
0.5797297297297297,0.9215896885069818,0.17309585613913714
0.5801217038539553,0.9215896885069818,0.17316758239677638
0.5805142083897158,0.9215896885069818,0.17362729519296546
0.5809072444143534,0.9215896885069818,0.1750253579596642
0.5813008130081301,0.9215896885069818,0.1752795137824559
0.5816949152542373,0.9215896885069818,0.17596577410922165
0.5814111261872456,0.920515574650913,0.1762319130280128
0.5811269517990496,0.9194414607948442,0.17702922842987076
0.5815217391304348,0.9194414607948442,0.1771817061071439
0.5819170632222977,0.9194414607948442,0.17751257379665597
0.582312925170068,0.9194414607948442,0.17768734839753136
0.582709326072158,0.9194414607948442,0.17773767096490053
0.5831062670299727,0.9194414607948442,0.17821713753491622
0.5828220858895705,0.9183673469387755,0.17856843565924202
0.5832196452933152,0.9183673469387755,0.18038518982961532
0.5836177474402731,0.9183673469387755,0.18054859810772317
0.5840163934426229,0.9183673469387755,0.18055081665137188
0.5844155844155844,0.9183673469387755,0.1807806606143157
0.5848153214774282,0.9183673469387755,0.18104245662410365
0.5852156057494866,0.9183673469387755,0.1813518527901006
0.584931506849315,0.9172932330827067,0.18197890430203814
0.5846470185058259,0.916219119226638,0.18207189244730582
0.5850480109739369,0.916219119226638,0.18241361516365803
0.5854495538778312,0.916219119226638,0.18268734409063359
0.5851648351648352,0.9151450053705693,0.1828128634801956
0.5855670103092784,0.9151450053705693,0.1828364733542919
0.5859697386519945,0.9151450053705693,0.18346540710000867
0.5863730213351687,0.9151450053705693,0.18402983630303174
0.5867768595041323,0.9151450053705693,0.18414553300341394
0.5868965517241379,0.9140708915145005,0.18446760163186127
0.5873015873015873,0.9140708915145005,0.1845102085818376
0.587707182320442,0.9140708915145005,0.18490968583827594
0.5874222529371113,0.9129967776584318,0.18545497089170712
0.5878284923928078,0.9129967776584318,0.18560880706914148
0.5882352941176471,0.9129967776584318,0.18716296474652433
0.5886426592797784,0.9129967776584318,0.18853970456849084
0.589050589050589,0.9129967776584318,0.1886915863824005
0.5894590846047156,0.9129967776584318,0.18877086236569793
0.5898681471200555,0.9129967776584318,0.19044833609821404
0.5902777777777778,0.9129967776584318,0.19227636664656667
0.590687977762335,0.9129967776584318,0.19244472533143403
0.5904033379694019,0.9119226638023631,0.19253996163265463
0.5908141962421712,0.9119226638023631,0.19260587688569558
0.5905292479108635,0.9108485499462943,0.19307998827505865
0.5902439024390244,0.9097744360902256,0.19354628633973003
0.5906555090655509,0.9097744360902256,0.19368572968935724
0.5903698534542917,0.9087003222341569,0.1937104061140367
0.590782122905028,0.9087003222341569,0.19447933062984446
0.5911949685534591,0.9087003222341569,0.1946986837594979
0.5916083916083916,0.9087003222341569,0.1951771347527723
0.5920223932820154,0.9087003222341569,0.1962546186407509
0.592436974789916,0.9087003222341569,0.19631998583495225
0.5928521373510862,0.9087003222341569,0.19639864041296257
0.5932678821879382,0.9087003222341569,0.19714642499897933
0.5936842105263158,0.9087003222341569,0.1973275580703563
0.5933988764044944,0.907626208378088,0.19752862843648383
0.5938158819395642,0.907626208378088,0.19763557260556044
0.5942334739803095,0.907626208378088,0.19822729857594645
0.5946516537649542,0.907626208378088,0.19879554498646046
0.5950704225352113,0.907626208378088,0.19889030203179373
0.5954897815362932,0.907626208378088,0.19902677434255825
0.5959097320169252,0.907626208378088,0.19996124877457008
0.5963302752293578,0.907626208378088,0.20003718049050281
0.5967514124293786,0.907626208378088,0.2001081187029176
0.5964664310954063,0.9065520945220193,0.2009210924677791
0.5968882602545968,0.9065520945220193,0.2009756045010068
0.5973106864826611,0.9065520945220193,0.201283918312118
0.5977337110481586,0.9065520945220193,0.2018371854473168
0.5981573352232459,0.9065520945220193,0.20223383824759683
0.5985815602836879,0.9065520945220193,0.202407143946606
0.5990063875088716,0.9065520945220193,0.20251936645809862
0.5987215909090909,0.9054779806659506,0.2032000547690912
0.5991471215351812,0.9054779806659506,0.20320497292307882
0.5995732574679943,0.9054779806659506,0.20324894526115586
0.6,0.9054779806659506,0.20372429813232562
0.6004273504273504,0.9054779806659506,0.2037265516984581
0.6008553100498931,0.9054779806659506,0.20406909444018914
0.6012838801711841,0.9054779806659506,0.20432213780890363
0.6017130620985011,0.9054779806659506,0.2047472764196073
0.6021428571428571,0.9054779806659506,0.20495789235700484
0.6025732666190136,0.9054779806659506,0.20543024857350412
0.6030042918454935,0.9054779806659506,0.20544221985099392
0.6027201145311382,0.9044038668098818,0.20547284843186034
0.6031518624641834,0.9044038668098818,0.20550927806173586
0.603584229390681,0.9044038668098818,0.2056961668303514
0.6040172166427547,0.9044038668098818,0.2064700993924111
0.6037329504666188,0.9033297529538131,0.20660099222054723
0.6041666666666666,0.9033297529538131,0.20675611053755735
0.603882099209202,0.9022556390977443,0.207045248447404
0.60431654676259,0.9022556390977443,0.20782332855830526
0.6047516198704104,0.9022556390977443,0.20799540426766755
0.6051873198847262,0.9022556390977443,0.20799652217744316
0.6056236481614996,0.9022556390977443,0.20853618205400914
0.6060606060606061,0.9022556390977443,0.20937670421460694
0.6064981949458483,0.9022556390977443,0.20962919360622229
0.6069364161849711,0.9022556390977443,0.2096767814261208
0.6073752711496746,0.9022556390977443,0.21003130951796775
0.6078147612156295,0.9022556390977443,0.21016619128163358
0.6075307748008689,0.9011815252416756,0.21047079644933653
0.6079710144927536,0.9011815252416756,0.21109105532028227
0.608411892675852,0.9011815252416756,0.21188917220300763
0.6088534107402032,0.9011815252416756,0.21199156534271982
0.6092955700798838,0.9011815252416756,0.212104595784339
0.6097383720930233,0.9011815252416756,0.21252838000160934
0.6101818181818182,0.9011815252416756,0.21293231052160896
0.6106259097525473,0.9011815252416756,0.21316449956176595
0.6110706482155863,0.9011815252416756,0.2133683887054799
0.6115160349854227,0.9011815252416756,0.21364466434038495
0.611232676878191,0.9001074113856069,0.21365983380908862
0.6116788321167883,0.9001074113856069,0.21383500216158238
0.6113951789627465,0.8990332975295381,0.2142654730793494
0.6118421052631579,0.8990332975295381,0.21499691567588172
0.6115581565471836,0.8979591836734694,0.21546087014870274
0.6120058565153733,0.8979591836734694,0.21626904391101065
0.6124542124542125,0.8979591836734694,0.21767778404220764
0.6129032258064516,0.8979591836734694,0.2182604088362279
0.6133528980190756,0.8979591836734694,0.21829224913007295
0.6138032305433186,0.8979591836734694,0.21936439113036135
0.6142542248346804,0.8979591836734694,0.221622250518735
0.6147058823529412,0.8979591836734694,0.22194148492214538
0.6151582045621781,0.8979591836734694,0.22199708972676074
0.6148748159057438,0.8968850698174007,0.22209240818543258
0.6153279292557111,0.8968850698174007,0.22227254102171218
0.6150442477876106,0.8958109559613319,0.22286801344664334
0.6154981549815498,0.8958109559613319,0.22320864737864726
0.6159527326440177,0.8958109559613319,0.22361448009988452
0.6164079822616408,0.8958109559613319,0.22395276783737084
0.6161242603550295,0.8947368421052632,0.22403683934856716
0.616580310880829,0.8947368421052632,0.2241598851640815
0.617037037037037,0.8947368421052632,0.22444998548138256
0.6174944403261675,0.8947368421052632,0.22480751192765153
0.6179525222551929,0.8947368421052632,0.22482714065055365
0.6184112843355605,0.8947368421052632,0.22580365196281763
0.6188707280832095,0.8947368421052632,0.22643663158256194
0.6197916666666666,0.8947368421052632,0.22645483223038604
0.620253164556962,0.8947368421052632,0.22689670245335003
0.620715350223547,0.8947368421052632,0.2276802559031775
0.6211782252050708,0.8947368421052632,0.228389531554713
0.6208955223880597,0.8936627282491945,0.22871981218945753
0.6206123973114265,0.8925886143931256,0.2300158932621357
0.6210762331838565,0.8925886143931256,0.23156929400585088
0.6215407629020194,0.8925886143931256,0.23164940822510338
0.6220059880239521,0.8925886143931256,0.23209107629692363
0.6224719101123596,0.8925886143931256,0.23229033105937444
0.6229385307346327,0.8925886143931256,0.23262122576433863
0.6234058514628658,0.8925886143931256,0.23360679985896887
0.6238738738738738,0.8925886143931256,0.23397043460382722
0.6243425995492111,0.8925886143931256,0.2339853024264242
0.6248120300751879,0.8925886143931256,0.23586748230532684
0.6252821670428894,0.8925886143931256,0.23622383678391784
0.6257530120481928,0.8925886143931256,0.23646054248904252
0.6262245666917859,0.8925886143931256,0.23768927482987462
0.6266968325791855,0.8925886143931256,0.23771044491724216
0.6271698113207547,0.8925886143931256,0.23784843487339796
0.627643504531722,0.8925886143931256,0.2378887093313142
0.6273620559334845,0.8915145005370569,0.23799457413878947
0.6278366111951589,0.8915145005370569,0.23867429504434678
0.6283118849356548,0.8915145005370569,0.23944457024452306
0.6287878787878788,0.8915145005370569,0.24123872905058868
0.6292645943896892,0.8915145005370569,0.2423883463900584
0.6289833080424886,0.8904403866809882,0.24254569016840793
0.6294608959757023,0.8904403866809882,0.24346594737289787
0.6299392097264438,0.8904403866809882,0.2437343743530479
0.629657794676806,0.8893662728249194,0.24437607424733812
0.6301369863013698,0.8893662728249194,0.24450971407829145
0.6306169078446306,0.8893662728249194,0.24494084895789456
0.6310975609756098,0.8893662728249194,0.24514191737219376
0.631578947368421,0.8893662728249194,0.24589215279772406
0.6320610687022901,0.8893662728249194,0.2464458242514912
0.6325439266615738,0.8893662728249194,0.2468501395749979
0.632262996941896,0.8882921589688507,0.24685918304584198
0.6327467482785004,0.8882921589688507,0.2470847733639435
0.6332312404287902,0.8882921589688507,0.2473061006160997
0.6329501915708812,0.8872180451127819,0.24768371835122965
0.6326687116564417,0.8861439312567132,0.2477738986996948
0.6331542594013815,0.8861439312567132,0.24814010449262558
0.6336405529953917,0.8861439312567132,0.2482237661693215
0.6341275941583397,0.8861439312567132,0.2494380898603599
0.6346153846153846,0.8861439312567132,0.24970746461149063
0.634334103156274,0.8850698174006445,0.25033393961899475
0.6340523882896765,0.8839957035445757,0.2506886511624585
0.6345412490362374,0.8839957035445757,0.25121268652526424
0.6342592592592593,0.882921589688507,0.25130828038825404
0.633976833976834,0.8818474758324383,0.2514089402485321
0.634466769706337,0.8818474758324383,0.25179563922328874
0.6349574632637278,0.8818474758324383,0.25181409859688625
0.6354489164086687,0.8818474758324383,0.2527021472799126
0.6359411309062742,0.8818474758324383,0.25274490495633806
0.6364341085271318,0.8818474758324383,0.25308455393830304
0.6369278510473235,0.8818474758324383,0.2534340486040068
0.6366459627329193,0.8807733619763695,0.25349381618601813
0.6371406371406372,0.8807733619763695,0.2535087100985324
0.6376360808709176,0.8807733619763695,0.2537914016984343
0.6381322957198443,0.8807733619763695,0.2548539099075716
0.6386292834890965,0.8807733619763695,0.2548978013771951
0.6383476227591582,0.8796992481203008,0.2551938478812849
0.6380655226209049,0.878625134264232,0.25536492951839085
0.6385636221701796,0.878625134264232,0.2558253693512752
0.63828125,0.8775510204081632,0.2565014495477359
0.6387802971071149,0.8775510204081632,0.2566985083068793
0.6392801251956182,0.8775510204081632,0.25707023836512877
0.6397807361002349,0.8775510204081632,0.25717674001683744
0.640282131661442,0.8775510204081632,0.2574816997331036
0.6407843137254902,0.8775510204081632,0.2574818423862866
0.640502354788069,0.8764769065520945,0.25775280493068425
0.6410054988216811,0.8764769065520945,0.259410896067939
0.6407232704402516,0.8754027926960258,0.2595893276519167
0.6412273800157356,0.8754027926960258,0.25976762355977695
0.6409448818897637,0.874328678839957,0.2598404516816077
0.640661938534279,0.8732545649838883,0.2598837164484109
0.6411671924290221,0.8732545649838883,0.25992199541334715
0.6416732438831886,0.8732545649838883,0.26144544475751985
0.6421800947867299,0.8732545649838883,0.2615256687253951
0.6426877470355731,0.8732545649838883,0.262259935318896
0.6431962025316456,0.8732545649838883,0.2624789946719961
0.6437054631828979,0.8732545649838883,0.2625207438131816
0.6442155309033281,0.8732545649838883,0.2628013837332939
0.6447264076130056,0.8732545649838883,0.2628275007260465
0.6452380952380953,0.8732545649838883,0.262863619066959
0.6449563145353455,0.8721804511278195,0.26361656732042976
0.6454689984101749,0.8721804511278195,0.2642231500637033
0.645186953062848,0.8711063372717508,0.26457877771020266
0.6457006369426752,0.8711063372717508,0.26617746091520045
0.6462151394422311,0.8711063372717508,0.2661951069271034
0.6467304625199362,0.8711063372717508,0.2671511214798447
0.6472466081404629,0.8711063372717508,0.2679467326920682
0.6477635782747604,0.8711063372717508,0.2680132771267262
0.6474820143884892,0.8700322234156821,0.26948170559822243
0.648,0.8700322234156821,0.2699475641733465
0.6485188150520417,0.8700322234156821,0.27000069971634444
0.6490384615384616,0.8700322234156821,0.27046713684345774
0.648757016840417,0.8689581095596133,0.2706956532124611
0.6492776886035313,0.8689581095596133,0.2712178642262811
0.648995983935743,0.8678839957035446,0.27128887162157206
0.6495176848874598,0.8678839957035446,0.2713996415372911
0.6500402252614642,0.8678839957035446,0.272428790301322
0.6497584541062802,0.8668098818474759,0.27259179366454755
0.6502820306204674,0.8668098818474759,0.27262135279862443
0.65,0.8657357679914071,0.27323407465370836
0.6505246166263116,0.8657357679914071,0.27339061203709086
0.6502423263327949,0.8646616541353384,0.27346021167965945
0.650767987065481,0.8646616541353384,0.2734973392647185
0.651294498381877,0.8646616541353384,0.27365184878456783
0.6518218623481782,0.8646616541353384,0.2738578168563114
0.6515397082658023,0.8635875402792696,0.2741702786133704
0.6512570965125709,0.8625134264232008,0.2748177355462498
0.6517857142857143,0.8625134264232008,0.2751056134206906
0.6515028432168968,0.8614393125671321,0.2751144321989918
0.6520325203252032,0.8614393125671321,0.276417909976417
0.6525630593978845,0.8614393125671321,0.27648679534153253
0.6530944625407166,0.8614393125671321,0.2765699420556628
0.6536267318663407,0.8614393125671321,0.2766907304834388
0.6533442088091354,0.8603651987110634,0.2777091280297468
0.6538775510204081,0.8603651987110634,0.2778266768624658
0.6544117647058824,0.8603651987110634,0.27819621862914246
0.6549468520032706,0.8603651987110634,0.27834923547993895
0.6554828150572831,0.8603651987110634,0.27841197743601775
0.6552006552006552,0.8592910848549946,0.2788995627140501
0.6557377049180327,0.8592910848549946,0.2792114426205327
0.6554552912223134,0.8582169709989259,0.2792408223777257
0.6551724137931034,0.8571428571428571,0.27953047109534684
0.6548890714872637,0.8560687432867884,0.28045558846605073
0.6554276315789473,0.8560687432867884,0.28045848902725984
0.6559670781893004,0.8560687432867884,0.280639761001972
0.6556836902800659,0.8549946294307197,0.2808434035714953
0.6562242374278648,0.8549946294307197,0.28120493131544855
0.655940594059406,0.8539205155746509,0.2816803811305849
0.6564822460776218,0.8539205155746509,0.2822071891319095
0.6570247933884298,0.8539205155746509,0.28310456813207857
0.6575682382133995,0.8539205155746509,0.28350972420700865
0.6572847682119205,0.8528464017185822,0.28414191668003075
0.6575456053067993,0.8517722878625135,0.28548618774169726
0.6580912863070539,0.8517722878625135,0.2870293609828933
0.6586378737541528,0.8517722878625135,0.2870704580691859
0.6591853699085619,0.8517722878625135,0.2881972557834923
0.6597337770382695,0.8517722878625135,0.28822830614970396
0.6602830974188176,0.8517722878625135,0.2884937290888466
0.6613844870725605,0.8517722878625135,0.2886890691733609
0.66110183639399,0.8506981740064447,0.28920751905282294
0.6608187134502924,0.849624060150376,0.2913020502148617
0.6613712374581939,0.849624060150376,0.2924633142961864
0.6610878661087866,0.8485499462943072,0.2924640375548949
0.6608040201005025,0.8474758324382384,0.292697943223197
0.6613579212070411,0.8474758324382384,0.29284839315905253
0.6610738255033557,0.8464017185821697,0.2931934080393092
0.6616288832913518,0.8464017185821697,0.293820826303179
0.6621848739495798,0.8464017185821697,0.29477734076805656
0.6627417998317914,0.8464017185821697,0.2947951893347567
0.6624579124579124,0.8453276047261009,0.29493574460698424
0.6621735467565291,0.8442534908700322,0.2952166123210939
0.6618887015177066,0.8431793770139635,0.29532825703572896
0.6624472573839663,0.8431793770139635,0.2955004096732779
0.6621621621621622,0.8421052631578947,0.2957918705625312
0.6627218934911243,0.8421052631578947,0.2958082448392888
0.6624365482233503,0.841031149301826,0.29588056959128284
0.6629974597798476,0.841031149301826,0.296662180525643
0.6635593220338983,0.841031149301826,0.2975711224396423
0.6641221374045801,0.841031149301826,0.29780895950969793
0.6646859083191851,0.841031149301826,0.298102830083446
0.6652506372132541,0.841031149301826,0.2982061691630885
0.6649659863945578,0.8399570354457573,0.29832550819968595
0.6655319148936171,0.8399570354457573,0.30078175181608624
0.666098807495741,0.8399570354457573,0.300832021761587
0.6666666666666666,0.8399570354457573,0.30087157578503765
0.6672354948805461,0.8399570354457573,0.3015941190135478
0.667805294619983,0.8399570354457573,0.30196447863403
0.6683760683760683,0.8399570354457573,0.3021762096058875
0.6680923866552609,0.8388829215896885,0.30253743182597315
0.6686643835616438,0.8388829215896885,0.3027192340988404
0.6692373607540703,0.8388829215896885,0.30275473094233857
0.6698113207547169,0.8388829215896885,0.3029550462451044
0.6703862660944206,0.8388829215896885,0.30298483716911284
0.6709621993127147,0.8388829215896885,0.30367251138553475
0.6715391229578676,0.8388829215896885,0.3037711330971902
0.6712564543889845,0.8378088077336198,0.3049058708506622
0.6709732988802756,0.8367346938775511,0.30500527656284776
0.6715517241379311,0.8367346938775511,0.30500868570434625
0.6712683347713546,0.8356605800214822,0.3056312242389866
0.6709844559585493,0.8345864661654135,0.3056408503896344
0.6715643906655142,0.8345864661654135,0.30660333068989015
0.6721453287197232,0.8345864661654135,0.30800208017185976
0.6727272727272727,0.8345864661654135,0.3081419490460483
0.6724436741767764,0.8335123523093448,0.30873539585233384
0.6730268863833477,0.8335123523093448,0.30899062177897796
0.6736111111111112,0.8335123523093448,0.3091251050867431
0.6741963509991312,0.8335123523093448,0.3096480289368975
0.6739130434782609,0.832438238453276,0.31020417081625
0.6744995648389904,0.832438238453276,0.31090783095690994
0.6750871080139372,0.832438238453276,0.311510068976674
0.6756756756756757,0.832438238453276,0.31188003611434245
0.675392670157068,0.8313641245972073,0.3119250485540156
0.6759825327510917,0.8313641245972073,0.3124134756773508
0.6756993006993007,0.8302900107411385,0.3124933418175603
0.6762904636920385,0.8302900107411385,0.3132777354771364
0.6768826619964974,0.8302900107411385,0.3138230226551651
0.677475898334794,0.8302900107411385,0.31389778862474815
0.6780701754385965,0.8302900107411385,0.31464992915649787
0.6786654960491659,0.8302900107411385,0.3146904822553762
0.679261862917399,0.8302900107411385,0.31510329254513325
0.6789797713280563,0.8292158968850698,0.31536408750583766
0.6795774647887324,0.8292158968850698,0.315799836234042
0.6792951541850221,0.8281417830290011,0.31653244291100935
0.6798941798941799,0.8281417830290011,0.3172071602599188
0.6804942630185349,0.8281417830290011,0.3174842998264768
0.681095406360424,0.8281417830290011,0.3178912179529774
0.6816976127320955,0.8281417830290011,0.3180175592493241
0.6823008849557523,0.8281417830290011,0.31814429175321624
0.6829052258635961,0.8281417830290011,0.318156312010998
0.6835106382978723,0.8281417830290011,0.3181623285131533
0.6832298136645962,0.8270676691729323,0.3182226178658599
0.6838365896980462,0.8270676691729323,0.31834740199422384
0.6844444444444444,0.8270676691729323,0.31847203937109075
0.6850533807829181,0.8270676691729323,0.3185489750765456
0.684772929652716,0.8259935553168636,0.31882500255854185
0.6853832442067737,0.8259935553168636,0.319142888836932
0.6859946476360392,0.8259935553168636,0.3192687052694497
0.6866071428571429,0.8259935553168636,0.3194071449811621
0.6872207327971404,0.8259935553168636,0.3203979301353016
0.6878354203935599,0.8259935553168636,0.32081994613553716
0.6884512085944494,0.8259935553168636,0.3211724600376931
0.6881720430107527,0.8249194414607949,0.32161162267532006
0.6887892376681615,0.8249194414607949,0.32199633695890967
0.6894075403949731,0.8249194414607949,0.32297512573438947
0.6900269541778976,0.8249194414607949,0.3237069335234758
0.689748201438849,0.8238453276047261,0.32415972624769934
0.6903690369036903,0.8238453276047261,0.3243022918660398
0.69009009009009,0.8227712137486574,0.3255228818553494
0.690712353471596,0.8227712137486574,0.32609359693887574
0.6904332129963899,0.8216970998925887,0.3261439419845995
0.6901535682023487,0.8206229860365198,0.32623617633923235
0.6907775768535263,0.8206229860365198,0.32654866709154257
0.6914027149321267,0.8206229860365198,0.3268723481550832
0.6920289855072463,0.8206229860365198,0.32714435662212726
0.6926563916591115,0.8206229860365198,0.3274763323059709
0.6923774954627949,0.8195488721804511,0.32826810099906834
0.6930063578564941,0.8195488721804511,0.3292818082021443
0.6936363636363636,0.8195488721804511,0.33057732845435966
0.6942675159235668,0.8195488721804511,0.3317755640775292
0.6939890710382514,0.8184747583243824,0.332323418296406
0.6937101185050136,0.8174006444683136,0.33273040331301257
0.6943430656934306,0.8174006444683136,0.33513303101733727
0.6949771689497717,0.8174006444683136,0.3356811232623392
0.6946983546617916,0.8163265306122449,0.33655277045079746
0.6944190301921317,0.8152524167561761,0.3376213088368261
0.6941391941391941,0.8141783029001074,0.3378224511000885
0.693858845096242,0.8131041890440387,0.3378784935003601
0.6944954128440367,0.8131041890440387,0.3386115740120594
0.6951331496786042,0.8131041890440387,0.33952423919285696
0.6948529411764706,0.8120300751879699,0.3413098633760626
0.6954921803127875,0.8120300751879699,0.34154397619619475
0.6952117863720073,0.8109559613319012,0.3421691869481608
0.695852534562212,0.8109559613319012,0.3426674185315871
0.6964944649446494,0.8109559613319012,0.3427261553552605
0.6971375807940905,0.8109559613319012,0.34287985041786284
0.6977818853974121,0.8109559613319012,0.3437295119341374
0.6975023126734505,0.8098818474758325,0.3449336407017891
0.6981481481481482,0.8098818474758325,0.3452072687158391
0.6987951807228916,0.8098818474758325,0.34652438692777404
0.6985157699443414,0.8088077336197637,0.3466399829372829
0.6982358402971216,0.807733619763695,0.34740952583477325
0.6979553903345725,0.8066595059076263,0.34783548540363907
0.6976744186046512,0.8055853920515574,0.34811122960851454
0.6973929236499069,0.8045112781954887,0.35067713517445026
0.6971109040074557,0.80343716433942,0.3507512552804745
0.6977611940298507,0.80343716433942,0.3508677363153152
0.6984126984126984,0.80343716433942,0.3513642090692421
0.6990654205607477,0.80343716433942,0.35180238239341854
0.6997193638914874,0.80343716433942,0.35202774675388654
0.699438202247191,0.8023630504833512,0.352223244947834
0.7000937207122774,0.8023630504833512,0.3528241273388868
0.700750469043152,0.8023630504833512,0.3533971244984385
0.7004694835680751,0.8012889366272825,0.3544711559219144
0.7011278195488722,0.8012889366272825,0.35510207408984806
0.7017873941674506,0.8012889366272825,0.35529325527525807
0.7024482109227872,0.8012889366272825,0.35679859257563096
0.7028301886792453,0.8002148227712137,0.3573044769720791
0.7034938621340887,0.8002148227712137,0.35830015647071234
0.7041587901701323,0.8002148227712137,0.35842644477439034
0.7038789025543992,0.799140708915145,0.35867931354967636
0.7045454545454546,0.799140708915145,0.3593180488055811
0.70521327014218,0.799140708915145,0.35989079477565583
0.7058823529411765,0.799140708915145,0.3603896508149525
0.7056030389363722,0.7980665950590763,0.3626513210601602
0.7053231939163498,0.7969924812030075,0.36368333168241346
0.7059942911512845,0.7969924812030075,0.3657204830335131
0.7057142857142857,0.7959183673469388,0.3657322178417932
0.7063870352716873,0.7959183673469388,0.3676874394381783
0.7070610687022901,0.7959183673469388,0.3682169010740925
0.7067812798471824,0.7948442534908701,0.36830055580658794
0.7074569789674953,0.7948442534908701,0.3695040381544711
0.707177033492823,0.7937701396348013,0.372043837891196
0.7078544061302682,0.7937701396348013,0.3732204316462604
0.7075743048897412,0.7926960257787325,0.3735168707531338
0.7072936660268714,0.7916219119226638,0.3737719994767922
0.7070124879923151,0.790547798066595,0.3739639192227037
0.7076923076923077,0.790547798066595,0.37407884440404227
0.7083734359961501,0.790547798066595,0.37512440758590737
0.7090558766859345,0.790547798066595,0.37613781262244905
0.7097396335583414,0.790547798066595,0.37622565378251416
0.7094594594594594,0.7894736842105263,0.37666097645100916
0.7101449275362319,0.7894736842105263,0.37674071788000263
0.7108317214700194,0.7894736842105263,0.3768445003570251
0.7105517909002904,0.7883995703544576,0.3769667935269504
0.7102713178294574,0.7873254564983888,0.37703667917998024
0.7109602327837051,0.7873254564983888,0.3773036406059797
0.7116504854368932,0.7873254564983888,0.37794646406600796
0.7113702623906706,0.7862513426423201,0.3782672810272021
0.7120622568093385,0.7862513426423201,0.378788392293363
0.7117818889970788,0.7851772287862513,0.37895415093028667
0.7124756335282652,0.7851772287862513,0.3804632590881128
0.713170731707317,0.7851772287862513,0.38103508039526096
0.7138671875,0.7851772287862513,0.3812395881543208
0.7135874877810362,0.7841031149301826,0.3812840956226906
0.7142857142857143,0.7841031149301826,0.3821441928043818
0.7140058765915769,0.7830290010741139,0.38270771544600335
0.7147058823529412,0.7830290010741139,0.382852577582687
0.7154072620215898,0.7830290010741139,0.38346553514189996
0.7161100196463654,0.7830290010741139,0.3840027968395125
0.7158308751229105,0.7819548872180451,0.38441246021417186
0.7165354330708661,0.7819548872180451,0.3853552411134816
0.7172413793103448,0.7819548872180451,0.3854958747890659
0.7169625246548323,0.7808807733619764,0.38736060695191293
0.717670286278381,0.7808807733619764,0.3875632711389729
0.717391304347826,0.7798066595059077,0.3884842488286294
0.7171117705242335,0.7787325456498388,0.38991393628919896
0.7168316831683168,0.7776584317937701,0.3901294270316032
0.7165510406342914,0.7765843179377014,0.39020745079695407
0.7172619047619048,0.7765843179377014,0.3903408634303379
0.7169811320754716,0.7755102040816326,0.3904675508560338
0.7176938369781312,0.7755102040816326,0.39130617911548277
0.7174129353233831,0.7744360902255639,0.391451224371765
0.7181274900398407,0.7744360902255639,0.3915542920251497
0.7188434695912264,0.7744360902255639,0.3918948569076366
0.719560878243513,0.7744360902255639,0.3923045795039781
0.7202797202797203,0.7744360902255639,0.3925212367429633
0.721,0.7744360902255639,0.393189489050127
0.7207207207207207,0.7733619763694952,0.3932228324483255
0.720440881763527,0.7722878625134264,0.3943152767906719
0.720160481444333,0.7712137486573577,0.3968551301731553
0.7208835341365462,0.7712137486573577,0.397307547128718
0.721608040201005,0.7712137486573577,0.3976733466824545
0.721327967806841,0.7701396348012889,0.39770182937781023
0.7220543806646526,0.7701396348012889,0.3979796453950135
0.7227822580645161,0.7701396348012889,0.3979881461767637
0.7235116044399597,0.7701396348012889,0.3980354850608973
0.7242424242424242,0.7701396348012889,0.39809656776838936
0.7249747219413549,0.7701396348012889,0.3994036347169145
0.7257085020242915,0.7701396348012889,0.39976406881944915
0.7264437689969605,0.7701396348012889,0.40063238427277814
0.7271805273833671,0.7701396348012889,0.40090034031473704
0.7279187817258883,0.7701396348012889,0.40091187095120984
0.7286585365853658,0.7701396348012889,0.4020348382025944
0.7293997965412004,0.7701396348012889,0.40220097333946625
0.7291242362525459,0.7690655209452202,0.4023351275175514
0.7298674821610601,0.7690655209452202,0.40240278907185106
0.7306122448979592,0.7690655209452202,0.4030502040349838
0.7313585291113381,0.7690655209452202,0.4045903619604228
0.7321063394683026,0.7690655209452202,0.40462112157504104
0.7318321392016377,0.7679914070891515,0.4053385085014054
0.7325819672131147,0.7679914070891515,0.40627979429096184
0.7333333333333333,0.7679914070891515,0.4067078437047523
0.7330595482546202,0.7669172932330827,0.40704766971430495
0.7338129496402878,0.7669172932330827,0.4078497546021936
0.7335390946502057,0.765843179377014,0.409105368410431
0.7342945417095778,0.765843179377014,0.410192335785725
0.734020618556701,0.7647690655209453,0.41067205213817803
0.7347781217750258,0.7647690655209453,0.4115302043046868
0.734504132231405,0.7636949516648764,0.41225544977277123
0.734229576008273,0.7626208378088077,0.41247120132453713
0.7349896480331263,0.7626208378088077,0.41294639960641916
0.7347150259067358,0.761546723952739,0.4137114484949548
0.7354771784232366,0.761546723952739,0.4142729337406836
0.7362409138110073,0.761546723952739,0.41453547052879947
0.735966735966736,0.7604726100966702,0.41540306246049963
0.7356919875130072,0.7593984962406015,0.4155933564382271
0.7364583333333333,0.7593984962406015,0.41589365367449266
0.7361835245046924,0.7583243823845328,0.4165716902767528
0.7359081419624217,0.757250268528464,0.4170494739325285
0.735632183908046,0.7561761546723953,0.4171767554301013
0.7364016736401674,0.7561761546723953,0.4174793656398673
0.7371727748691099,0.7561761546723953,0.41756986409241886
0.7379454926624738,0.7561761546723953,0.4180596404614708
0.7387198321091291,0.7561761546723953,0.41806983054055985
0.7394957983193278,0.7561761546723953,0.41870558304927225
0.7402733964248159,0.7561761546723953,0.4194732671773652
0.74,0.7551020408163265,0.41987747002515036
0.7407797681770284,0.7551020408163265,0.4202706663743344
0.740506329113924,0.7540279269602578,0.42095248417011627
0.7412882787750792,0.7540279269602578,0.42187950894314363
0.7420718816067653,0.7540279269602578,0.4222514325461233
0.7428571428571429,0.7540279269602578,0.4232464377726049
0.7425847457627118,0.7529538131041891,0.423520287002123
0.7423117709437964,0.7518796992481203,0.42633674216047757
0.7438894792773645,0.7518796992481203,0.42716716530399157
0.7436170212765958,0.7508055853920516,0.42743291719135534
0.744408945686901,0.7508055853920516,0.42807070779375006
0.7459978655282817,0.7508055853920516,0.43009283995084635
0.7467948717948718,0.7508055853920516,0.43054976585256477
0.746524064171123,0.7497314715359829,0.4307866702691689
0.7473233404710921,0.7497314715359829,0.43114225560405056
0.7481243301178992,0.7497314715359829,0.4312436557301382
0.7489270386266095,0.7497314715359829,0.43325359838438626
0.7497314715359829,0.7497314715359829,0.4334651329251052
0.7494623655913979,0.748657357679914,0.4335700048133049
0.7491926803013994,0.7475832438238453,0.43440163531338255
0.7489224137931034,0.7465091299677766,0.43578079042684564
0.749730312837109,0.7465091299677766,0.43612537511081767
0.7505399568034558,0.7465091299677766,0.4361383967865066
0.7513513513513513,0.7465091299677766,0.43651835643225523
0.7510822510822511,0.7454350161117078,0.43676624201423764
0.7518959913326111,0.7454350161117078,0.43694865842097774
0.7516268980477223,0.7443609022556391,0.43719841858264774
0.752442996742671,0.7443609022556391,0.43754239631837294
0.7521739130434782,0.7432867883995704,0.4385102012033395
0.7529923830250272,0.7432867883995704,0.4389427585739714
0.7538126361655774,0.7432867883995704,0.43953067829538606
0.7535441657579062,0.7422126745435016,0.4428409598098856
0.7532751091703057,0.7411385606874329,0.4443731284447411
0.7530054644808744,0.7400644468313641,0.44451108364308556
0.7538293216630197,0.7400644468313641,0.4455554919342324
0.7535596933187295,0.7389903329752954,0.44715635970107254
0.7532894736842105,0.7379162191192267,0.44776767227446274
0.7541163556531284,0.7379162191192267,0.448001263952388
0.7549450549450549,0.7379162191192267,0.44900081751408827
0.7557755775577558,0.7379162191192267,0.45000633868715273
0.7566079295154186,0.7379162191192267,0.4504667311395174
0.7563395810363837,0.7368421052631579,0.4505941758723249
0.7560706401766004,0.7357679914070892,0.4508269425124974
0.7558011049723757,0.7346938775510204,0.450954736345165
0.7566371681415929,0.7346938775510204,0.4511738508730672
0.7563676633444075,0.7336197636949516,0.45356682236205004
0.7560975609756098,0.7325456498388829,0.4542713884654333
0.7569367369589345,0.7325456498388829,0.45506769777202216
0.7566666666666667,0.7314715359828142,0.45575505373288705
0.7575083426028921,0.7314715359828142,0.4558231357405801
0.7583518930957683,0.7314715359828142,0.45626513626728327
0.7591973244147158,0.7314715359828142,0.4567783109103975
0.7600446428571429,0.7314715359828142,0.4572015895694342
0.7608938547486034,0.7314715359828142,0.45798192944078137
0.761744966442953,0.7314715359828142,0.4585376143947879
0.761478163493841,0.7303974221267454,0.4587932555355296
0.7623318385650224,0.7303974221267454,0.45927927253764866
0.7631874298540965,0.7303974221267454,0.45957250591391313
0.7640449438202247,0.7303974221267454,0.4604100005234481
0.7649043869516311,0.7303974221267454,0.46090454195314495
0.7657657657657657,0.7303974221267454,0.4611802146146928
0.7666290868094702,0.7303974221267454,0.4618230175389899
0.7674943566591422,0.7303974221267454,0.46365594400748406
0.768361581920904,0.7303974221267454,0.4638141864466506
0.7692307692307693,0.7303974221267454,0.4641856579979436
0.768969422423556,0.7293233082706767,0.4661728038017109
0.7695800227014756,0.728249194414608,0.46625455906641483
0.7693181818181818,0.7271750805585392,0.4665915188963532
0.770193401592719,0.7271750805585392,0.46749228431731055
0.7699316628701595,0.7261009667024705,0.46784216730386785
0.7696693272519954,0.7250268528464017,0.4683555389472007
0.769406392694064,0.723952738990333,0.4689606488988489
0.7691428571428571,0.7228786251342643,0.4697012569703493
0.7700228832951945,0.7228786251342643,0.4706399760444217
0.7709049255441008,0.7228786251342643,0.47148466274572187
0.7717889908256881,0.7228786251342643,0.47188590909766487
0.7726750861079219,0.7228786251342643,0.47286288206604343
0.7724137931034483,0.7218045112781954,0.4731868419539659
0.7721518987341772,0.7207303974221267,0.4732507691412241
0.7730414746543779,0.7207303974221267,0.4736521715143834
0.7739331026528259,0.7207303974221267,0.47439879729584306
0.7736720554272517,0.719656283566058,0.47483324257478776
0.7734104046242775,0.7185821697099892,0.47816208439189367
0.7731481481481481,0.7175080558539205,0.478467043854691
0.7740440324449595,0.7175080558539205,0.4785138888199447
0.7749419953596288,0.7175080558539205,0.4792149354495741
0.775842044134727,0.7175080558539205,0.4811618997018668
0.7767441860465116,0.7175080558539205,0.48116193387805267
0.7764842840512224,0.7164339419978518,0.4816454328310495
0.7762237762237763,0.715359828141783,0.48301333245767186
0.7771295215869312,0.715359828141783,0.48339614077115955
0.7777777777777778,0.7142857142857143,0.4834923021481938
0.7775175644028103,0.7132116004296455,0.48428393705400963
0.7772567409144197,0.7121374865735768,0.4870975495045187
0.778169014084507,0.7121374865735768,0.48794734228393083
0.7779083431257344,0.7110633727175081,0.48805691072444546
0.7776470588235294,0.7099892588614393,0.488126767621576
0.7773851590106007,0.7089151450053706,0.4882025756427965
0.777122641509434,0.7078410311493019,0.48950821157644236
0.7780401416765053,0.7078410311493019,0.490801663472336
0.7777777777777778,0.706766917293233,0.4920969302310257
0.778698224852071,0.706766917293233,0.4927378523428509
0.7796208530805687,0.706766917293233,0.4933155490679831
0.7793594306049823,0.7056928034371643,0.493948888912297
0.7802850356294537,0.7056928034371643,0.49563942010641754
0.7812128418549346,0.7056928034371643,0.49567532678883597
0.7821428571428571,0.7056928034371643,0.4959937652790412
0.7816229116945107,0.7035445757250268,0.4964466709580072
0.7825567502986858,0.7035445757250268,0.496696407900772
0.7834928229665071,0.7035445757250268,0.4982888498847457
0.7844311377245509,0.7035445757250268,0.49996368027846727
0.7853717026378897,0.7035445757250268,0.49998978358060825
0.7851140456182473,0.7024704618689581,0.5017612950793336
0.7848557692307693,0.7013963480128894,0.5021254898196845
0.7858002406738869,0.7013963480128894,0.50344718668719
0.7867469879518072,0.7013963480128894,0.5045777453185311
0.7876960193003619,0.7013963480128894,0.5047502037261802
0.788647342995169,0.7013963480128894,0.5075848110214078
0.788391777509069,0.7003222341568206,0.5083369357038438
0.7893462469733656,0.7003222341568206,0.509355819551793
0.7890909090909091,0.6992481203007519,0.5106878464138591
0.7900485436893204,0.6992481203007519,0.5108198087383865
0.7910085054678008,0.6992481203007519,0.5111691924640186
0.7907542579075426,0.6981740064446831,0.5118283935748427
0.7904993909866017,0.6970998925886144,0.5123023517441824
0.7914634146341464,0.6970998925886144,0.5135208237543327
0.7924297924297924,0.6970998925886144,0.5137054332818555
0.7921760391198044,0.6960257787325457,0.5138769003561032
0.791921664626683,0.6949516648764769,0.5141580132012121
0.7928921568627451,0.6949516648764769,0.5150261399929786
0.7926380368098159,0.6938775510204082,0.5152229338022998
0.7923832923832924,0.6928034371643395,0.5164796359505219
0.7921279212792128,0.6917293233082706,0.5167499416517007
0.7931034482758621,0.6917293233082706,0.5174144294379753
0.7928483353884094,0.6906552094522019,0.5178150173715218
0.7938271604938272,0.6906552094522019,0.5203266350556247
0.7948084054388134,0.6906552094522019,0.5210588626536762
0.7957920792079208,0.6906552094522019,0.5213056782246468
0.7967781908302355,0.6906552094522019,0.5217927192072521
0.7977667493796526,0.6906552094522019,0.521798389049084
0.7987577639751553,0.6906552094522019,0.5226720072691353
0.7985074626865671,0.6895810955961332,0.5229368701479454
0.7982565379825654,0.6885069817400644,0.5230758490786077
0.7980049875311721,0.6874328678839957,0.5266841368342603
0.7990012484394506,0.6874328678839957,0.5274393653265523
0.79875,0.686358754027927,0.5287347896783442
0.7984981226533167,0.6852846401718582,0.529529986317872
0.7994987468671679,0.6852846401718582,0.5308101991608563
0.7992471769134254,0.6842105263157895,0.5310279242210454
0.7989949748743719,0.6831364124597207,0.5315437284870846
0.7987421383647799,0.682062298603652,0.5320942496856507
0.7997481108312342,0.682062298603652,0.5338393436545769
0.8007566204287516,0.682062298603652,0.5351523356484432
0.8005050505050505,0.6809881847475833,0.5356285732154521
0.8015170670037927,0.6809881847475833,0.5364445986771986
0.8012658227848102,0.6799140708915145,0.5378477113635692
0.8022813688212928,0.6799140708915145,0.5379200626927032
0.8020304568527918,0.6788399570354458,0.5380934998722244
0.8017789072426937,0.677765843179377,0.5384542890070609
0.8015267175572519,0.6766917293233082,0.5407908058477874
0.802547770700637,0.6766917293233082,0.5410540736949196
0.8035714285714286,0.6766917293233082,0.5416681956642904
0.8045977011494253,0.6766917293233082,0.5420120554083787
0.8043478260869565,0.6756176154672395,0.5421246726245301
0.8053777208706786,0.6756176154672395,0.5434513897248594
0.8064102564102564,0.6756176154672395,0.5437138166966619
0.8074454428754814,0.6756176154672395,0.5467352089556657
0.8084832904884319,0.6756176154672395,0.5486833471372864
0.8095238095238095,0.6756176154672395,0.5493267345881894
0.8092783505154639,0.6745435016111708,0.5495448670419365
0.8103225806451613,0.6745435016111708,0.5505086323078809
0.810077519379845,0.673469387755102,0.5513857608800058
0.8098318240620958,0.6723952738990333,0.5535721533065369
0.8095854922279793,0.6713211600429646,0.5538342804849451
0.8106355382619974,0.6713211600429646,0.5540023582958175
0.8103896103896104,0.6702470461868958,0.5545018441477896
0.811443433029909,0.6702470461868958,0.5557631165900584
0.8111979166666666,0.6691729323308271,0.5579973614923451
0.8109517601043025,0.6680988184747583,0.5580582376369652
0.8107049608355091,0.6670247046186896,0.5580662468003637
0.8104575163398693,0.6659505907626209,0.5583214960720104
0.8115183246073299,0.6659505907626209,0.5586938726817257
0.8112712975098296,0.664876476906552,0.5594673979837427
0.8110236220472441,0.6638023630504833,0.5597954295572528
0.812089356110381,0.6638023630504833,0.5598287925313882
0.8118421052631579,0.6627282491944146,0.5601969219906936
0.8129117259552042,0.6627282491944146,0.5603092981445913
0.8126649076517151,0.6616541353383458,0.5608270717335256
0.8124174372523117,0.6605800214822771,0.5618781055084813
0.8121693121693122,0.6595059076262084,0.5623105625989961
0.8119205298013245,0.6584317937701396,0.5625158302771166
0.8116710875331565,0.6573576799140709,0.5639704635987013
0.8127490039840638,0.6573576799140709,0.5653637642560831
0.8125,0.6562835660580022,0.5663180897366641
0.8135818908122503,0.6562835660580022,0.5669642601475248
0.8133333333333334,0.6552094522019334,0.567755262649771
0.8130841121495327,0.6541353383458647,0.5682993190268607
0.8128342245989305,0.6530612244897959,0.5691005499138343
0.8139223560910308,0.6530612244897959,0.5693575220091442
0.8136729222520107,0.6519871106337272,0.5727151969490625
0.8134228187919463,0.6509129967776585,0.5762692889909362
0.8131720430107527,0.6498388829215896,0.5765751138447729
0.8142664872139973,0.6498388829215896,0.5768508218243106
0.8140161725067385,0.6487647690655209,0.5789046090572422
0.815114709851552,0.6487647690655209,0.5791204523172755
0.8148648648648649,0.6476906552094522,0.580320798069462
0.8159675236806495,0.6476906552094522,0.5811690874684122
0.8157181571815718,0.6466165413533834,0.5825708448729398
0.8154681139755766,0.6455424274973147,0.5845406611767056
0.8165760869565217,0.6455424274973147,0.5854541014125496
0.817687074829932,0.6455424274973147,0.5860131716591683
0.8174386920980926,0.644468313641246,0.5871941197357562
0.8171896316507503,0.6433941997851772,0.5880276590643666
0.8169398907103825,0.6423200859291085,0.5888985407975638
0.8166894664842681,0.6412459720730398,0.5903588938781449
0.8178082191780822,0.6412459720730398,0.5910004593106406
0.8175582990397805,0.640171858216971,0.5922220786363708
0.8170563961485557,0.6380236305048335,0.5939322062647773
0.8168044077134986,0.6369495166487648,0.5942382027357872
0.8165517241379311,0.635875402792696,0.5953214871117994
0.8176795580110497,0.635875402792696,0.5959456438903854
0.8174273858921162,0.6348012889366272,0.6015487858955214
0.817174515235457,0.6337271750805585,0.6016856205207044
0.8169209431345353,0.6326530612244898,0.6017958141065072
0.8166666666666667,0.631578947368421,0.6021311662284462
0.8178025034770514,0.631578947368421,0.6039522752019502
0.8189415041782729,0.631578947368421,0.6040548078535677
0.8200836820083682,0.631578947368421,0.6040689732436185
0.8198324022346368,0.6305048335123523,0.6049407396874019
0.8195804195804196,0.6294307196562836,0.6051870451847905
0.819327731092437,0.6283566058002148,0.6055020070010707
0.8190743338008415,0.6272824919441461,0.610398444397864
0.8202247191011236,0.6272824919441461,0.6115858340311853
0.819971870604782,0.6262083780880774,0.6131287087368934
0.819718309859155,0.6251342642320086,0.6149250506858946
0.8194640338504936,0.6240601503759399,0.6165180772641358
0.8192090395480226,0.6229860365198711,0.6172437533309134
0.8203677510608204,0.6229860365198711,0.6173275866934569
0.8215297450424929,0.6229860365198711,0.6182973064673208
0.8212765957446808,0.6219119226638024,0.6215363806395695
0.8224431818181818,0.6219119226638024,0.6216363614788627
0.8221906116642959,0.6208378088077336,0.6216928001426781
0.8219373219373219,0.6197636949516648,0.6226899216400636
0.8216833095577746,0.6186895810955961,0.622778437534264
0.8214285714285714,0.6176154672395274,0.623147891047057
0.8226037195994278,0.6176154672395274,0.6242277053008726
0.8223495702005731,0.6165413533834586,0.6248202111021026
0.8235294117647058,0.6165413533834586,0.6258379067931076
0.8247126436781609,0.6165413533834586,0.6264491020719235
0.8244604316546763,0.6154672395273899,0.6275204654399793
0.8256484149855908,0.6154672395273899,0.6277551922724901
0.8253968253968254,0.6143931256713212,0.6280954562952255
0.8251445086705202,0.6133190118152524,0.6290104921967383
0.8263386396526773,0.6133190118152524,0.6295548758254141
0.8260869565217391,0.6122448979591837,0.6305046055587761
0.8258345428156749,0.611170784103115,0.6317674018199995
0.8270348837209303,0.611170784103115,0.6322438919817401
0.8282387190684134,0.611170784103115,0.6334578859151156
0.8279883381924198,0.6100966702470462,0.6336507559182438
0.8291970802919708,0.6100966702470462,0.6337153181227924
0.8289473684210527,0.6090225563909775,0.6353307782324823
0.8301610541727672,0.6090225563909775,0.6354021410027709
0.8299120234604106,0.6079484425349087,0.6355651329314771
0.8296622613803231,0.60687432867884,0.6364982026627838
0.8294117647058824,0.6058002148227712,0.6369986836292741
0.8291605301914581,0.6047261009667024,0.637553069584741
0.8303834808259587,0.6047261009667024,0.6389256893064448
0.8301329394387001,0.6036519871106337,0.6391067569988139
0.8298816568047337,0.602577873254565,0.6394462918288324
0.8311111111111111,0.602577873254565,0.639800178205434
0.8308605341246291,0.6015037593984962,0.6398438196697508
0.8306092124814265,0.6004296455424275,0.6403577408543135
0.8303571428571429,0.5993555316863588,0.6418179095607176
0.8301043219076006,0.59828141783029,0.6423503969552359
0.8313432835820895,0.59828141783029,0.64245010561839
0.8325859491778774,0.59828141783029,0.6437850994013617
0.8323353293413174,0.5972073039742213,0.6441245795351908
0.8320839580209896,0.5961331901181526,0.6445450016679684
0.8318318318318318,0.5950590762620838,0.6453318690590317
0.8330827067669173,0.5950590762620838,0.645598374515677
0.8343373493975904,0.5950590762620838,0.6476405587420546
0.8340874811463047,0.5939849624060151,0.6479379695326275
0.8338368580060423,0.5929108485499462,0.6493690801287291
0.8350983358547656,0.5929108485499462,0.6502805424913424
0.8348484848484848,0.5918367346938775,0.6510111355255991
0.834597875569044,0.5907626208378088,0.6527909523825092
0.8343465045592705,0.58968850698174,0.6530863445767706
0.8340943683409436,0.5886143931256713,0.6534745271516558
0.8338414634146342,0.5875402792696026,0.6536068987688461
0.8351145038167939,0.5875402792696026,0.6542240563168095
0.8348623853211009,0.5864661654135338,0.6553423683336685
0.8346094946401225,0.5853920515574651,0.6555513952148662
0.8343558282208589,0.5843179377013964,0.6556347054408272
0.8341013824884793,0.5832438238453276,0.6558252757996358
0.8338461538461538,0.5821697099892589,0.6568833884262598
0.8335901386748844,0.5810955961331902,0.6576520206243306
0.8348765432098766,0.5810955961331902,0.6583190988671532
0.8361669242658424,0.5810955961331902,0.6589308415592094
0.8374613003095975,0.5810955961331902,0.6594235807856745
0.8372093023255814,0.5800214822771214,0.6599216341498829
0.8385093167701864,0.5800214822771214,0.660258544968456
0.838258164852255,0.5789473684210527,0.6603846615206282
0.838006230529595,0.5778732545649838,0.6617383622232133
0.8377535101404057,0.5767991407089151,0.661816191224494
0.8375,0.5757250268528464,0.662095079652864
0.837245696400626,0.5746509129967776,0.6622010272650591
0.8369905956112853,0.5735767991407089,0.6626645842545841
0.8367346938775511,0.5725026852846402,0.6627072565135612
0.8364779874213837,0.5714285714285714,0.6641874355809085
0.8362204724409449,0.5703544575725027,0.6654225766515028
0.8375394321766562,0.5703544575725027,0.6667750764004754
0.8372827804107424,0.569280343716434,0.6671097672090127
0.8370253164556962,0.5682062298603652,0.6675222975266502
0.8367670364500792,0.5671321160042965,0.6680286982069421
0.8380952380952381,0.5671321160042965,0.6690307384419304
0.8378378378378378,0.5660580021482277,0.6690704021508624
0.8375796178343949,0.564983888292159,0.6690862188731347
0.8389154704944178,0.564983888292159,0.669470810141584
0.8402555910543131,0.564983888292159,0.6698841439165173
0.84,0.5639097744360902,0.6698873185509013
0.8397435897435898,0.5628356605800214,0.6706917184634663
0.841091492776886,0.5628356605800214,0.6709755910464986
0.842443729903537,0.5628356605800214,0.6719258861614114
0.8421900161030595,0.5617615467239527,0.672956370803772
0.8435483870967742,0.5617615467239527,0.6733759377997436
0.8432956381260097,0.560687432867884,0.6743666924338263
0.8446601941747572,0.560687432867884,0.6753541571385311
0.8460291734197731,0.560687432867884,0.6759785571725178
0.8474025974025974,0.560687432867884,0.6766718770842669
0.848780487804878,0.560687432867884,0.6772677478527199
0.8501628664495114,0.560687432867884,0.6781695096893301
0.8515497553017944,0.560687432867884,0.6798443964777661
0.8513071895424836,0.5596133190118152,0.6802845523539757
0.8527004909983633,0.5596133190118152,0.6803030075646732
0.8524590163934426,0.5585392051557465,0.6811281397280249
0.8522167487684729,0.5574650912996778,0.681460781848455
0.8519736842105263,0.556390977443609,0.6815884789794292
0.8533772652388797,0.556390977443609,0.6819647085457352
0.8547854785478548,0.556390977443609,0.6825549502122847
0.8545454545454545,0.5553168635875403,0.6829969884902274
0.8559602649006622,0.5553168635875403,0.683107004547709
0.8557213930348259,0.5542427497314716,0.6836804553842786
0.8554817275747508,0.5531686358754028,0.6839615275323192
0.8552412645590682,0.5520945220193341,0.684529216216493
0.855,0.5510204081632653,0.6853968828898188
0.8547579298831386,0.5499462943071965,0.6859697866952946
0.8545150501672241,0.5488721804511278,0.6864802217632372
0.8542713567839196,0.547798066595059,0.6865574417142184
0.8540268456375839,0.5467239527389903,0.6871611803562045
0.853781512605042,0.5456498388829216,0.6880129915777696
0.8535353535353535,0.5445757250268528,0.688456734190075
0.8549747048903878,0.5445757250268528,0.6886890338695196
0.8547297297297297,0.5435016111707841,0.6890197037074962
0.8544839255499154,0.5424274973147154,0.6890420054299954
0.8559322033898306,0.5424274973147154,0.6903285660278776
0.8573853989813243,0.5424274973147154,0.6913641109514538
0.858843537414966,0.5424274973147154,0.6914882869854979
0.8603066439522998,0.5424274973147154,0.6915048483627659
0.8600682593856656,0.5413533834586466,0.6921214232164066
0.8598290598290599,0.5402792696025779,0.6938758331681887
0.8595890410958904,0.5392051557465092,0.6941352710801566
0.8593481989708405,0.5381310418904404,0.6954802939233657
0.8591065292096219,0.5370569280343717,0.6957022985471925
0.8605851979345955,0.5370569280343717,0.6958643442968285
0.8603448275862069,0.5359828141783028,0.6974684553762492
0.8601036269430051,0.5349087003222341,0.6977240419602989
0.8598615916955017,0.5338345864661654,0.6977308500983188
0.8596187175043327,0.5327604726100966,0.6977383417822105
0.8611111111111112,0.5327604726100966,0.6982260358522238
0.8626086956521739,0.5327604726100966,0.6994347962733691
0.8638743455497382,0.5316863587540279,0.6996885972919563
0.8636363636363636,0.5306122448979592,0.7004311846479044
0.8651488616462347,0.5306122448979592,0.700500112818752
0.8666666666666667,0.5306122448979592,0.7010497661256218
0.8664323374340949,0.5295381310418904,0.7013495563334514
0.8679577464788732,0.5295381310418904,0.701482982993247
0.8694885361552028,0.5295381310418904,0.7018094305064005
0.8692579505300353,0.5284640171858217,0.7020876623330019
0.8707964601769912,0.5284640171858217,0.7021953290640955
0.8705673758865248,0.527389903329753,0.7022680376553784
0.8703374777975134,0.5263157894736842,0.702660509778868
0.8701067615658363,0.5252416756176155,0.702671907262903
0.8716577540106952,0.5252416756176155,0.703004254478228
0.8714285714285714,0.5241675617615468,0.7031164866141753
0.8711985688729875,0.523093447905478,0.7044421971499241
0.8727598566308243,0.523093447905478,0.7053811200679879
0.8725314183123878,0.5220193340494093,0.706822854529091
0.8723021582733813,0.5209452201933404,0.7069625544662945
0.872072072072072,0.5198711063372717,0.707674345642241
0.871841155234657,0.518796992481203,0.7088654756242846
0.8716094032549728,0.5177228786251342,0.7098974442221077
0.8731884057971014,0.5177228786251342,0.7102789171751013
0.8747731397459165,0.5177228786251342,0.7105687972474787
0.8745454545454545,0.5166487647690655,0.7107346027882013
0.8761384335154827,0.5166487647690655,0.7110109092102918
0.8759124087591241,0.5155746509129968,0.7112371107728641
0.8756855575868373,0.514500537056928,0.7117178168531382
0.8754578754578755,0.5134264232008593,0.7117653798412626
0.8752293577981651,0.5123523093447906,0.7117815754802386
0.8768382352941176,0.5123523093447906,0.7126266209852431
0.8766114180478821,0.5112781954887218,0.7137785742000663
0.8763837638376384,0.5102040816326531,0.7146802232429766
0.8761552680221811,0.5091299677765844,0.7150095265644428
0.8777777777777778,0.5091299677765844,0.7152774014730925
0.8775510204081632,0.5080558539205156,0.7153592610073742
0.8773234200743495,0.5069817400644469,0.7155201667330925
0.8770949720670391,0.505907626208378,0.7167258691922995
0.8768656716417911,0.5048335123523093,0.7169504240200776
0.8766355140186916,0.5037593984962406,0.7182416241067461
0.8764044943820225,0.5026852846401718,0.7184889220414015
0.8761726078799249,0.5016111707841031,0.7195149925145975
0.8759398496240601,0.5005370569280344,0.7199105864412276
0.8757062146892656,0.49946294307196565,0.7200592199354685
0.8754716981132076,0.4983888292158969,0.720378846015729
0.8752362948960303,0.49731471535982813,0.7205262076842234
0.875,0.49624060150375937,0.7205318915359852
0.8747628083491461,0.49516648764769067,0.7228647928716644
0.8745247148288974,0.4940923737916219,0.723677185010342
0.8742857142857143,0.49301825993555315,0.7241660784768091
0.8740458015267175,0.49194414607948445,0.7242429754699724
0.8738049713193117,0.4908700322234157,0.7247413221904626
0.8735632183908046,0.4897959183673469,0.7250919286667902
0.8733205374280231,0.48872180451127817,0.725183889638118
0.8730769230769231,0.48764769065520946,0.7254707377853098
0.8747591522157996,0.48764769065520946,0.725519160660339
0.8745173745173745,0.4865735767991407,0.7265938335486629
0.874274661508704,0.48549946294307195,0.7274892238134514
0.874031007751938,0.48442534908700324,0.7289072296910274
0.8737864077669902,0.4833512352309345,0.7295578261766499
0.8754863813229572,0.4833512352309345,0.7299478300347915
0.8752436647173489,0.4822771213748657,0.7304654583751148
0.876953125,0.4822771213748657,0.7306584234147268
0.8767123287671232,0.48120300751879697,0.7325948219018624
0.8784313725490196,0.48120300751879697,0.7327009972959811
0.8801571709233792,0.48120300751879697,0.7332457887108542
0.8818897637795275,0.48120300751879697,0.733904271970448
0.883629191321499,0.48120300751879697,0.7340383854687578
0.883399209486166,0.48012889366272826,0.7341177953566038
0.8831683168316832,0.4790547798066595,0.7355210128278526
0.8849206349206349,0.4790547798066595,0.7358295158577551
0.8846918489065606,0.47798066595059074,0.7373402843013385
0.8844621513944223,0.47690655209452204,0.7374874550785212
0.8842315369261478,0.4758324382384533,0.7378822271623073
0.886,0.4758324382384533,0.7384729984806
0.8877755511022044,0.4758324382384533,0.7385917743112692
0.8875502008032129,0.4747583243823845,0.7386970808773043
0.8873239436619719,0.47368421052631576,0.7387148257891035
0.8870967741935484,0.47261009667024706,0.7388761367132093
0.8888888888888888,0.47261009667024706,0.739523003970071
0.888663967611336,0.4715359828141783,0.739535099552668
0.8884381338742393,0.47046186895810954,0.7402371325544217
0.8902439024390244,0.47046186895810954,0.7402732899487832
0.8920570264765784,0.47046186895810954,0.7406192045512994
0.8916155419222904,0.4683136412459721,0.7406799234445587
0.8934426229508197,0.4683136412459721,0.740995328302363
0.893223819301848,0.4672395273899033,0.7412008100032296
0.8950617283950617,0.4672395273899033,0.7415115166402424
0.8948453608247423,0.46616541353383456,0.7418530802827626
0.8946280991735537,0.46509129967776586,0.7418654833434611
0.8964803312629399,0.46509129967776586,0.7423335171492178
0.8962655601659751,0.4640171858216971,0.7424484998638512
0.8981288981288982,0.4640171858216971,0.7433272779530555
0.9,0.4640171858216971,0.7433324109147283
0.8997912317327766,0.46294307196562834,0.7439458592180987
0.9016736401673641,0.46294307196562834,0.7441485778688659
0.9035639412997903,0.46294307196562834,0.7443717230031716
0.9033613445378151,0.46186895810955964,0.7448831272386774
0.9052631578947369,0.46186895810955964,0.7451491556678164
0.9071729957805907,0.46186895810955964,0.7457177423704008
0.9069767441860465,0.4607948442534909,0.7466901973520502
0.9067796610169492,0.4597207303974221,0.7469291164753802
0.9065817409766455,0.45864661654135336,0.7471023364183235
0.9085106382978724,0.45864661654135336,0.7471384068408677
0.908315565031983,0.45757250268528465,0.7473768723015987
0.9081196581196581,0.4564983888292159,0.7473965970509677
0.9079229122055674,0.45542427497314714,0.7478189970022273
0.907725321888412,0.45435016111707843,0.748947415729894
0.9096774193548387,0.45435016111707843,0.7493717717735366
0.9094827586206896,0.4532760472610097,0.7495503269031394
0.9114470842332614,0.4532760472610097,0.7501194425945732
0.9112554112554112,0.4522019334049409,0.7504809162502313
0.911062906724512,0.45112781954887216,0.7504858496209259
0.9108695652173913,0.45005370569280345,0.7505427884675627
0.9106753812636166,0.4489795918367347,0.7513414664126108
0.9104803493449781,0.44790547798066593,0.7516873989967392
0.9102844638949672,0.44683136412459723,0.7517259249364882
0.9122807017543859,0.44683136412459723,0.7519451727013302
0.9120879120879121,0.44575725026852847,0.7522013684139677
0.9140969162995595,0.44575725026852847,0.7533591649450527
0.9139072847682119,0.4446831364124597,0.7538041390635914
0.915929203539823,0.4446831364124597,0.7543346832259367
0.917960088691796,0.4446831364124597,0.7546287641876556
0.9177777777777778,0.44360902255639095,0.7554829550852675
0.9175946547884187,0.44253490870032225,0.7562509729197512
0.9174107142857143,0.4414607948442535,0.7565675380339361
0.9172259507829977,0.44038668098818473,0.7572231988344671
0.9170403587443946,0.439312567132116,0.7573322225340107
0.9168539325842696,0.43823845327604727,0.7573950229857386
0.9166666666666666,0.4371643394199785,0.7582144740317059
0.9187358916478555,0.4371643394199785,0.7583633289273679
0.918552036199095,0.43609022556390975,0.7589191723958325
0.9183673469387755,0.43501611170784105,0.7594313569124996
0.9204545454545454,0.43501611170784105,0.7599128766182536
0.9225512528473804,0.43501611170784105,0.7610765126720073
0.9223744292237442,0.4339419978517723,0.7616632059199618
0.9221967963386728,0.43286788399570353,0.7617285917822536
0.9243119266055045,0.43286788399570353,0.7626118891104613
0.9241379310344827,0.4317937701396348,0.7629389664218731
0.9262672811059908,0.4317937701396348,0.7635813847994838
0.9284064665127021,0.4317937701396348,0.7637654813425423
0.9282407407407407,0.43071965628356607,0.7638000325645743
0.9303944315545244,0.43071965628356607,0.7641178456813931
0.9302325581395349,0.4296455424274973,0.7645162484081623
0.9300699300699301,0.42857142857142855,0.7647415861383191
0.9322429906542056,0.42857142857142855,0.7654653889886163
0.9320843091334895,0.42749731471535984,0.7657995391702055
0.931924882629108,0.4264232008592911,0.7658931649145153
0.9317647058823529,0.4253490870032223,0.7665483486691735
0.9316037735849056,0.4242749731471536,0.7665756281702419
0.9314420803782506,0.42320085929108486,0.7677885371018952
0.9312796208530806,0.4221267454350161,0.7688753259579438
0.9311163895486936,0.42105263157894735,0.7693467376437378
0.930952380952381,0.41997851772287864,0.769367149300121
0.9307875894988067,0.4189044038668099,0.7706221112922745
0.930622009569378,0.4178302900107411,0.7710065522171607
0.9304556354916067,0.4167561761546724,0.7728998578842936
0.9302884615384616,0.41568206229860366,0.7733288147973513
0.9301204819277108,0.4146079484425349,0.7745597029121742
0.9323671497584541,0.4146079484425349,0.7746870166544932
0.9322033898305084,0.41353383458646614,0.7757946440701814
0.9344660194174758,0.41353383458646614,0.7766123220697251
0.9343065693430657,0.41245972073039744,0.7770335322951224
0.9341463414634147,0.4113856068743287,0.777334623737826
0.9364303178484108,0.4113856068743287,0.7776924916595508
0.9362745098039216,0.4103114930182599,0.7786786191740566
0.9361179361179361,0.4092373791621912,0.7790898742775777
0.9384236453201971,0.4092373791621912,0.7792523618041195
0.9382716049382716,0.40816326530612246,0.7794582730275489
0.9381188118811881,0.4070891514500537,0.7802325460760221
0.9404466501240695,0.4070891514500537,0.7802786215910251
0.9402985074626866,0.40601503759398494,0.7802936281405821
0.940149625935162,0.40494092373791624,0.7806263796654116
0.94,0.4038668098818475,0.7807848409858748
0.9398496240601504,0.4027926960257787,0.7818931235728198
0.9396984924623115,0.40171858216971,0.7820581743916605
0.9395465994962217,0.40064446831364126,0.7830909097921672
0.9393939393939394,0.3995703544575725,0.7831492495322152
0.9417721518987342,0.3995703544575725,0.7832008897458379
0.9416243654822335,0.39849624060150374,0.7837113272802555
0.9414758269720102,0.39742212674543503,0.7843003320092153
0.9413265306122449,0.3963480128893663,0.7854254238533827
0.9437340153452686,0.3963480128893663,0.7857657918754702
0.9435897435897436,0.3952738990332975,0.7861875615951264
0.9434447300771208,0.3941997851772288,0.7863200606728727
0.9432989690721649,0.39312567132116005,0.786465610529535
0.9431524547803618,0.3920515574650913,0.7877775304725301
0.9430051813471503,0.39097744360902253,0.7878203556506728
0.9428571428571428,0.38990332975295383,0.7885353015461118
0.9427083333333334,0.38882921589688507,0.7897704808952211
0.9451697127937336,0.38882921589688507,0.7910336400290348
0.9476439790575916,0.38882921589688507,0.7913347767305489
0.94750656167979,0.3877551020408163,0.7920828962904759
0.95,0.3877551020408163,0.7921259295501958
0.9498680738786279,0.3866809881847476,0.7921794287120393
0.9497354497354498,0.38560687432867885,0.7931621717796136
0.9522546419098143,0.38560687432867885,0.79329032478014
0.9521276595744681,0.3845327604726101,0.7935104601736387
0.9546666666666667,0.3845327604726101,0.7936652782751259
0.9545454545454546,0.38345864661654133,0.7951264444631516
0.9571045576407506,0.38345864661654133,0.7952551641468762
0.956989247311828,0.38238453276047263,0.7955310777527158
0.9595687331536388,0.38238453276047263,0.7960880381275371
0.9594594594594594,0.38131041890440387,0.7967248606084153
0.959349593495935,0.3802363050483351,0.7972360288278866
0.9592391304347826,0.3791621911922664,0.7975530819721635
0.9591280653950953,0.37808807733619765,0.7977088370709936
0.9617486338797814,0.37808807733619765,0.7981120305017028
0.9616438356164384,0.3770139634801289,0.7986251865346394
0.9615384615384616,0.37593984962406013,0.7991082610320913
0.9614325068870524,0.3748657357679914,0.7996106901740364
0.9613259668508287,0.37379162191192267,0.8017023366930913
0.961218836565097,0.3727175080558539,0.8029594656230897
0.9638888888888889,0.3727175080558539,0.8029952840512773
0.9637883008356546,0.3716433941997852,0.8034595341400627
0.9636871508379888,0.37056928034371645,0.8038459601366527
0.9663865546218487,0.37056928034371645,0.8038901825445912
0.9662921348314607,0.3694951664876477,0.804208454025123
0.9661971830985916,0.3684210526315789,0.8043991533876491
0.9661016949152542,0.3673469387755102,0.8049556588075617
0.9660056657223796,0.36627282491944146,0.8051362166026541
0.9659090909090909,0.3651987110633727,0.8052923194486579
0.9658119658119658,0.364124597207304,0.8055116802663992
0.9657142857142857,0.36305048335123524,0.8058795517087406
0.9656160458452722,0.3619763694951665,0.8062455610319339
0.9655172413793104,0.3609022556390977,0.8065082498320537
0.9654178674351584,0.359828141783029,0.8083868086579772
0.9682080924855492,0.359828141783029,0.8084936390743719
0.9710144927536232,0.359828141783029,0.8088059149363919
0.9709302325581395,0.35875402792696026,0.8092974705850955
0.9708454810495627,0.3576799140708915,0.8093838572020291
0.9707602339181286,0.35660580021482274,0.8094677090065125
0.9706744868035191,0.35553168635875404,0.8106739062374897
0.9705882352941176,0.3544575725026853,0.8120026374055287
0.9705014749262537,0.3533834586466165,0.8120274577590858
0.9704142011834319,0.3523093447905478,0.812860947626064
0.9703264094955489,0.35123523093447906,0.8133164079075443
0.9702380952380952,0.3501611170784103,0.8151627534186298
0.9701492537313433,0.34908700322234154,0.8156155953881774
0.9700598802395209,0.34801288936627284,0.8158154803405739
0.96996996996997,0.3469387755102041,0.8166198932533839
0.9728915662650602,0.3469387755102041,0.8166255292886397
0.9758308157099698,0.3469387755102041,0.8168660466977353
0.9757575757575757,0.3458646616541353,0.8175401342901931
0.9756838905775076,0.3447905477980666,0.8185344539631431
0.975609756097561,0.34371643394199786,0.8186880314959366
0.9755351681957186,0.3426423200859291,0.8197374995319244
0.9754601226993865,0.34156820622986034,0.8199094531727783
0.9784615384615385,0.34156820622986034,0.8222196773523821
0.9783950617283951,0.34049409237379163,0.8224844303996244
0.978328173374613,0.3394199785177229,0.8226052562729387
0.9782608695652174,0.3383458646616541,0.8228288930355454
0.9781931464174455,0.3372717508055854,0.8234335363649928
0.978125,0.33619763694951665,0.8238026040871437
0.9780564263322884,0.3351235230934479,0.8238374086741277
0.9779874213836478,0.33404940923737914,0.8239374615000727
0.9779179810725552,0.33297529538131043,0.8241815238198034
0.9778481012658228,0.3319011815252417,0.8245545520002407
0.9777777777777777,0.3308270676691729,0.8246440126845963
0.9777070063694268,0.3297529538131042,0.8248594210922378
0.9776357827476039,0.32867883995703545,0.8255984295889233
0.977491961414791,0.32653061224489793,0.8262926261905655
0.9806451612903225,0.32653061224489793,0.82670753239413
0.9805825242718447,0.32545649838882923,0.8272669636882309
0.9805194805194806,0.32438238453276047,0.827497204196878
0.9804560260586319,0.3233082706766917,0.8276296093037746
0.9836601307189542,0.3233082706766917,0.8278550661436046
0.9868852459016394,0.3233082706766917,0.827962963769903
0.9867986798679867,0.32116004296455425,0.8279929925317572
0.9867549668874173,0.3200859291084855,0.8291804176001124
0.9867109634551495,0.31901181525241673,0.829212778452245
0.9866666666666667,0.317937701396348,0.8292959083808485
0.9866220735785953,0.31686358754027927,0.8299722762314106
0.9865771812080537,0.3157894736842105,0.8305757345786751
0.9865319865319865,0.3147153598281418,0.8306335045732066
0.9864864864864865,0.31364124597207305,0.8319969232167059
0.9864406779661017,0.3125671321160043,0.8322112946534306
0.9897959183673469,0.3125671321160043,0.8323516026840002
0.9897610921501706,0.31149301825993553,0.8326179319087976
0.9897260273972602,0.3104189044038668,0.8348443141946226
0.9896907216494846,0.30934479054779807,0.834886848956177
0.9896551724137931,0.3082706766917293,0.8351926981450544
0.9896193771626297,0.3071965628356606,0.8369738381276137
0.9895833333333334,0.30612244897959184,0.8378517622536301
0.9895470383275261,0.3050483351235231,0.8381778083457435
0.9895104895104895,0.3039742212674543,0.8394718268832112
0.9894736842105263,0.3029001074113856,0.8398401727287418
0.9894366197183099,0.30182599355531686,0.8399509375255021
0.9893992932862191,0.3007518796992481,0.8403574606103094
0.9929078014184397,0.3007518796992481,0.8408760893449835
0.9928825622775801,0.2996777658431794,0.841043609069855
0.9928571428571429,0.29860365198711064,0.841611513064466
0.992831541218638,0.2975295381310419,0.8427632243012695
0.9928057553956835,0.2964554242749731,0.8431617637496192
0.9927797833935018,0.2953813104189044,0.8435624265108095
0.9927536231884058,0.29430719656283566,0.844251565555196
0.9927272727272727,0.2932330827067669,0.8447771041306963
0.9927007299270073,0.2921589688506982,0.8452235346471184
0.9926739926739927,0.29108485499462944,0.8458296308175581
0.9926470588235294,0.2900107411385607,0.8467084510354076
0.992619926199262,0.2889366272824919,0.8473191937364881
0.9925925925925926,0.2878625134264232,0.8477446337694065
0.9925650557620818,0.28678839957035446,0.8494350076400887
0.9925373134328358,0.2857142857142857,0.8497311169168345
0.9925093632958801,0.284640171858217,0.8519837694912228
0.9924812030075187,0.28356605800214824,0.8521364917028544
0.9924528301886792,0.2824919441460795,0.8521875257714814
0.9924242424242424,0.2814178302900107,0.8526008488437868
0.9923954372623575,0.280343716433942,0.8528184811988656
0.9961832061068703,0.280343716433942,0.8533332256703294
0.9961685823754789,0.27926960257787325,0.8538126515017352
0.9961538461538462,0.2781954887218045,0.8545984491640539
0.9961389961389961,0.2771213748657358,0.8547722787111321
0.9961240310077519,0.27604726100966703,0.8563506448533703
0.9961089494163424,0.2749731471535983,0.8572103113004792
0.99609375,0.2738990332975295,0.8600417625708637
0.996078431372549,0.2728249194414608,0.860718508915677
0.9960629921259843,0.27175080558539205,0.8618314676082053
0.9960474308300395,0.2706766917293233,0.8621188385428354
1.0,0.2706766917293233,0.86214947308316
1.0,0.2696025778732546,0.8623893399090501
1.0,0.26852846401718583,0.863205911663633
1.0,0.26745435016111707,0.8658567872821105
1.0,0.2663802363050483,0.8692114901765164
1.0,0.2653061224489796,0.869681634680914
1.0,0.26423200859291085,0.8697422620487802
1.0,0.2631578947368421,0.8808373410567665
1.0,0.2620837808807734,0.8859647501403287
1.0,0.26100966702470463,0.887585156258946
1.0,0.25993555316863587,0.8884839031567106
1.0,0.2588614393125671,0.8936060573496618
1.0,0.2577873254564984,0.9006972825202
1.0,0.25671321160042965,0.903958335052936
1.0,0.2556390977443609,0.9080092169454407
1.0,0.2545649838882922,0.9512243978766084
1.0,0.2534908700322234,0.9584879801303992
1.0,0.25241675617615467,0.9974686017107538
1.0,0.2513426423200859,0.9981304039156689
1.0,0.2502685284640172,0.9982106086168449
1.0,0.24919441460794844,0.9983562363367853
1.0,0.24812030075187969,0.9983820527609332
1.0,0.24704618689581095,0.9984111286954587
1.0,0.24597207303974222,0.9985731285474332
1.0,0.24489795918367346,0.9987920904921347
1.0,0.24382384532760473,0.9988957201366677
1.0,0.24167561761546724,0.9990162471580459
1.0,0.24060150375939848,0.9990599346114979
1.0,0.23952738990332975,0.9990931869507471
1.0,0.23845327604726102,0.9991427699412965
1.0,0.23737916219119226,0.9991551681671558
1.0,0.23630504833512353,0.9992129162676766
1.0,0.23523093447905477,0.9992894950709263
1.0,0.23415682062298604,0.9993546481254182
1.0,0.23308270676691728,0.9993722782210316
1.0,0.23200859291084855,0.9993769303642508
1.0,0.23093447905477982,0.999449477441167
1.0,0.22986036519871106,0.9994970382380437
1.0,0.22878625134264233,0.9995190259602098
1.0,0.22771213748657357,0.9995508213789461
1.0,0.22663802363050484,0.9995568063743088
1.0,0.22556390977443608,0.9995630403576097
1.0,0.22448979591836735,0.9995672510384097
1.0,0.22341568206229862,0.9995982872740163
1.0,0.22234156820622986,0.9996063717916472
1.0,0.22126745435016112,0.9996067795479522
1.0,0.22019334049409237,0.9996123108787763
1.0,0.21911922663802363,0.999650096144573
1.0,0.21804511278195488,0.9996514118088338
1.0,0.21697099892588614,0.999680527450733
1.0,0.2158968850698174,0.9996850217156872
1.0,0.21482277121374865,0.999690744750702
1.0,0.21374865735767992,0.9996921629593448
1.0,0.21267454350161116,0.9996938215200416
1.0,0.21160042964554243,0.9997066419382953
1.0,0.20945220193340494,0.9997228049297583
1.0,0.2083780880773362,0.9997362155291762
1.0,0.20730397422126745,0.9997380776308837
1.0,0.20622986036519872,0.9997644829185325
1.0,0.20515574650912996,0.9997747561829058
1.0,0.20408163265306123,0.9997803789304759
1.0,0.20300751879699247,0.9997818696204993
1.0,0.20193340494092374,0.9997899188146188
1.0,0.200859291084855,0.9997929250077405
1.0,0.19978517722878625,0.9997972302720014
1.0,0.19871106337271752,0.999801051017507
1.0,0.19763694951664876,0.9998056039218391
1.0,0.19656283566058003,0.9998162056335193
1.0,0.19548872180451127,0.999820624902607
1.0,0.19441460794844254,0.9998284803810676
1.0,0.1933404940923738,0.9998323774447133
1.0,0.19226638023630505,0.9998333538879515
1.0,0.19119226638023631,0.9998345102082392
1.0,0.19011815252416756,0.9998379905337448
1.0,0.18904403866809882,0.999839153917284
1.0,0.18796992481203006,0.999848728397656
1.0,0.18689581095596133,0.9998677708763378
1.0,0.1858216970998926,0.9998702086375079
1.0,0.18474758324382384,0.9998705615995964
1.0,0.1836734693877551,0.9998723424078125
1.0,0.18259935553168635,0.9998723828499543
1.0,0.18152524167561762,0.9998765182634451
1.0,0.18045112781954886,0.999876724651123
1.0,0.17937701396348013,0.9998816576195786
1.0,0.17830290010741137,0.9998843344930715
1.0,0.17722878625134264,0.9998867549720487
1.0,0.1761546723952739,0.9998908023508306
1.0,0.17508055853920515,0.9998928330309178
1.0,0.17400644468313642,0.9998945697264956
1.0,0.17293233082706766,0.9998953474745813
1.0,0.17185821697099893,0.9999051382691237
1.0,0.17078410311493017,0.9999064467247923
1.0,0.16970998925886144,0.9999123360554317
1.0,0.1686358754027927,0.9999165779711979
1.0,0.16756176154672395,0.9999170632389367
1.0,0.16648764769065522,0.9999244560024473
1.0,0.16541353383458646,0.999925950310584
1.0,0.16433941997851773,0.9999348171849388
1.0,0.16326530612244897,0.9999379713428769
1.0,0.16219119226638024,0.9999404125761067
1.0,0.1611170784103115,0.9999452565347924
1.0,0.16004296455424274,0.9999457186679375
1.0,0.158968850698174,0.9999460268540997
1.0,0.15789473684210525,0.9999465608721129
1.0,0.15682062298603652,0.9999599837839982
1.0,0.15574650912996776,0.9999622257230674
1.0,0.15467239527389903,0.9999650988939918
1.0,0.1535982814178303,0.9999679861822749
1.0,0.15252416756176154,0.9999701471871082
1.0,0.1514500537056928,0.99997121427183
1.0,0.15037593984962405,0.9999724124533637
1.0,0.14930182599355532,0.9999766121856184
1.0,0.14822771213748656,0.999977839714564
1.0,0.14715359828141783,0.999978161616264
1.0,0.1460794844253491,0.9999810384870927
1.0,0.14500537056928034,0.9999820790568448
1.0,0.1439312567132116,0.9999829462797077
1.0,0.14285714285714285,0.999985437655043
1.0,0.14178302900107412,0.9999855337270241
1.0,0.14070891514500536,0.999987361125478
1.0,0.13963480128893663,0.9999874577953378
1.0,0.1385606874328679,0.999988148376825
1.0,0.13748657357679914,0.9999898008932504
1.0,0.1364124597207304,0.9999898540425017
1.0,0.13533834586466165,0.9999899280447906
1.0,0.13426423200859292,0.9999899991624381
1.0,0.13319011815252416,0.9999900180564613
1.0,0.13211600429645542,0.9999906059586304
1.0,0.1310418904403867,0.9999908642951703
1.0,0.12996777658431793,0.9999909928534602
1.0,0.1288936627282492,0.9999911687187141
1.0,0.12781954887218044,0.9999912016587461
1.0,0.1267454350161117,0.9999914430833605
1.0,0.12567132116004295,0.9999920800231981
1.0,0.12459720730397422,0.9999922046002443
1.0,0.12352309344790548,0.999992619056079
1.0,0.12244897959183673,0.9999927040393675
1.0,0.12137486573576799,0.9999927424038032
1.0,0.12030075187969924,0.9999928258642437
1.0,0.11922663802363051,0.9999929774282682
1.0,0.11815252416756176,0.9999933886112983
1.0,0.11707841031149302,0.9999936192309494
1.0,0.11600429645542427,0.9999936837741394
1.0,0.11493018259935553,0.999993872950283
1.0,0.11385606874328678,0.9999940330540893
1.0,0.11278195488721804,0.9999941389357727
1.0,0.11170784103114931,0.9999942802940288
1.0,0.11063372717508056,0.9999943225723791
1.0,0.10955961331901182,0.9999943488073498
1.0,0.10848549946294307,0.9999945612017903
1.0,0.10741138560687433,0.9999948580701256
1.0,0.10633727175080558,0.9999951511434685
1.0,0.10526315789473684,0.9999954805700698
1.0,0.1041890440386681,0.9999957775413356
1.0,0.10311493018259936,0.9999961099611779
1.0,0.10204081632653061,0.9999962648016245
1.0,0.10096670247046187,0.9999963520359921
1.0,0.09989258861439312,0.999996482026755
1.0,0.09881847475832438,0.9999967296944611
1.0,0.09774436090225563,0.9999967972857927
1.0,0.0966702470461869,0.9999968352972728
1.0,0.09559613319011816,0.9999970739596612
1.0,0.09452201933404941,0.9999972017915477
1.0,0.09344790547798067,0.9999974016264831
1.0,0.09237379162191192,0.999997439900538
1.0,0.09129967776584318,0.9999975482956186
1.0,0.09022556390977443,0.9999975542684056
1.0,0.08915145005370569,0.999997689384655
1.0,0.08807733619763695,0.9999978112593204
1.0,0.08700322234156821,0.9999979665329649
1.0,0.08592910848549946,0.9999979769833175
1.0,0.08485499462943072,0.9999980721929466
1.0,0.08378088077336197,0.9999980733605724
1.0,0.08270676691729323,0.9999980879284013
1.0,0.08163265306122448,0.9999981019723779
1.0,0.08055853920515575,0.9999981127420975
1.0,0.079484425349087,0.9999981286817488
1.0,0.07841031149301826,0.9999982072195239
1.0,0.07733619763694952,0.9999982542605048
1.0,0.07626208378088077,0.9999983156429211
1.0,0.07518796992481203,0.9999983896900474
1.0,0.07411385606874328,0.9999983948009926
1.0,0.07303974221267455,0.9999983983531029
1.0,0.0719656283566058,0.9999984235610313
1.0,0.07089151450053706,0.9999984434683343
1.0,0.06981740064446831,0.9999984818188108
1.0,0.06874328678839957,0.9999985434670075
1.0,0.06766917293233082,0.9999985489042447
1.0,0.06659505907626208,0.9999986042151672
1.0,0.06552094522019335,0.9999988706636458
1.0,0.0644468313641246,0.9999989780425488
1.0,0.06337271750805586,0.9999990403539539
1.0,0.06229860365198711,0.9999990826662823
1.0,0.061224489795918366,0.9999992421077362
1.0,0.06015037593984962,0.9999993210696563
1.0,0.05907626208378088,0.9999994582370928
1.0,0.05800214822771214,0.9999994617866795
1.0,0.05692803437164339,0.9999994693225241
1.0,0.055853920515574654,0.999999528339548
1.0,0.05477980665950591,0.9999995638510085
1.0,0.05370569280343716,0.999999636916047
1.0,0.05263157894736842,0.9999996540594316
1.0,0.05155746509129968,0.9999996665138915
1.0,0.050483351235230935,0.9999996669273269
1.0,0.04940923737916219,0.9999996823920486
1.0,0.04833512352309345,0.9999996980678304
1.0,0.047261009667024706,0.9999997071865432
1.0,0.04618689581095596,0.9999997429711246
1.0,0.045112781954887216,0.9999997452836262
1.0,0.04403866809881848,0.9999997470821853
1.0,0.04296455424274973,0.9999997814273345
1.0,0.04189044038668099,0.9999997866476964
1.0,0.04081632653061224,0.999999840292062
1.0,0.0397422126745435,0.9999998447231734
1.0,0.03866809881847476,0.9999998617383139
1.0,0.03759398496240601,0.9999998708771165
1.0,0.036519871106337275,0.9999998800865617
1.0,0.03544575725026853,0.9999998808495356
1.0,0.034371643394199784,0.9999999005054966
1.0,0.03329752953813104,0.9999999072743603
1.0,0.0322234156820623,0.9999999093102636
1.0,0.031149301825993556,0.999999916062447
1.0,0.03007518796992481,0.9999999218389425
1.0,0.02900107411385607,0.9999999250596227
1.0,0.027926960257787327,0.9999999344994036
1.0,0.02685284640171858,0.999999944036235
1.0,0.02577873254564984,0.9999999446439898
1.0,0.024704618689581095,0.9999999454229705
1.0,0.023630504833512353,0.9999999455889549
1.0,0.022556390977443608,0.9999999493216204
1.0,0.021482277121374866,0.9999999500347765
1.0,0.02040816326530612,0.9999999505143022
1.0,0.01933404940923738,0.9999999515404158
1.0,0.018259935553168637,0.9999999581669203
1.0,0.017185821697099892,0.9999999585299532
1.0,0.01611170784103115,0.9999999652907935
1.0,0.015037593984962405,0.9999999665336092
1.0,0.013963480128893663,0.9999999667699164
1.0,0.01288936627282492,0.9999999704208071
1.0,0.011815252416756176,0.9999999704621776
1.0,0.010741138560687433,0.9999999733013458
1.0,0.00966702470461869,0.999999977423197
1.0,0.008592910848549946,0.999999980969971
1.0,0.007518796992481203,0.999999983225356
1.0,0.00644468313641246,0.9999999834845434
1.0,0.0053705692803437165,0.9999999873376925
1.0,0.004296455424274973,0.9999999893318748
1.0,0.00322234156820623,0.9999999898314044
1.0,0.0021482277121374865,0.9999999905270217
1.0,0.0010741138560687433,0.99999999147032
1.0,0.0,
