precision,recall,threshold
0.23222748815165878,1.0,0.0
0.26509111617312076,1.0,0.0002564102564102564
0.2653933865450399,1.0,0.0002777777777777778
0.2659240217080834,1.0,0.00030303030303030303
0.266304347826087,1.0,0.0003333333333333334
0.26706827309236947,1.0,0.00037037037037037035
0.267451881643206,1.0,0.0004166666666666667
0.26752873563218393,1.0,0.0004444444444444444
0.2676056338028169,1.0,0.0004761904761904762
0.26853187193539085,1.0,0.0004786324786324786
0.26860934795152913,1.0,0.0005128205128205128
0.2686868686868687,1.0,0.0005555555555555556
0.26954255935147653,1.0,0.0005808080808080809
0.2696987253765933,1.0,0.0006060606060606061
0.2701683110853163,1.0,0.0006666666666666668
0.2714285714285714,1.0,0.0007037037037037037
0.27150772820064156,1.0,0.0007142857142857143
0.27158693115519256,1.0,0.0007407407407407407
0.27214264834843616,1.0,0.0007539682539682539
0.27230184264404794,1.0,0.0007692307692307692
0.27238150965476887,1.0,0.000784313725490196
0.2726207906295754,1.0,0.0007905982905982905
0.27270064440538955,1.0,0.0008095238095238096
0.27278054497509524,1.0,0.000811965811965812
0.2728604923798359,1.0,0.0008333333333333334
0.27398469688051796,1.0,0.0008585858585858586
0.27406535178098324,1.0,0.0008624708624708625
0.2741460541813899,1.0,0.0008888888888888888
0.27422680412371137,1.0,0.000909090909090909
0.27446933962264153,1.0,0.0009523809523809524
0.27479338842975204,1.0,0.0009706959706959706
0.27487452022438735,1.0,0.0009788359788359786
0.2749556999409333,1.0,0.001
0.2751995270469997,1.0,0.0010185185185185184
0.2752808988764045,1.0,0.001037037037037037
0.27544378698224853,1.0,0.0010588235294117646
0.2755253033441847,1.0,0.0010833333333333333
0.2756068679692126,1.0,0.0011111111111111111
0.27626112759643917,1.0,0.0011188811188811189
0.2763431285247848,1.0,0.0011363636363636365
0.2764251781472684,1.0,0.0011611721611721614
0.2765072765072765,1.0,0.0011666666666666665
0.2765894236482472,1.0,0.0011746031746031746
0.27667161961367015,1.0,0.0011904761904761906
0.27675386444708683,1.0,0.0012121212121212121
0.2774962742175857,1.0,0.0012169312169312168
0.2775790101371497,1.0,0.0012222222222222224
0.27774463007159905,1.0,0.00125
0.27782751417487317,1.0,0.0012592592592592592
0.27791044776119406,1.0,0.0012698412698412698
0.27799343087488804,1.0,0.0012727272727272728
0.27815954586196595,1.0,0.0012857142857142856
0.27824267782426776,1.0,0.001296296296296296
0.2783258594917788,1.0,0.0013333333333333335
0.27874251497005986,1.0,0.0013398692810457516
0.27882599580712786,1.0,0.0013888888888888887
0.27890952666267227,1.0,0.001390013495276653
0.2789931075816602,1.0,0.0014074074074074073
0.2790767386091127,1.0,0.001414141414141414
0.27932793279327933,1.0,0.0014285714285714286
0.2795795795795796,1.0,0.0014444444444444444
0.27966356263142084,1.0,0.0014444444444444446
0.27991581479254357,1.0,0.0014814814814814814
0.28008423586040915,1.0,0.0015
0.28016852241950047,1.0,0.0015064102564102564
0.2803372478169226,1.0,0.0015067340067340066
0.280421686746988,1.0,0.0015151515151515152
0.2805907172995781,1.0,0.001537037037037037
0.2806753090141694,1.0,0.0015384615384615385
0.28092939046469523,1.0,0.0015437710437710436
0.28101418653788107,1.0,0.001553030303030303
0.28109903381642515,1.0,0.0015714285714285715
0.28118393234672306,1.0,0.001574074074074074
0.2812688821752266,1.0,0.001581196581196581
0.28135388334844363,1.0,0.001585081585081585
0.28143893591293834,1.0,0.0015873015873015873
0.2815240399153311,1.0,0.0016190476190476191
0.28160919540229884,1.0,0.001638888888888889
0.28169440242057486,1.0,0.0016666666666666668
0.2841880341880342,1.0,0.0016883116883116885
0.28427480916030534,1.0,0.0016984126984126984
0.2843616371411118,1.0,0.0017171717171717172
0.2845354523227384,1.0,0.0017222222222222224
0.28470948012232417,1.0,0.0017394179894179892
0.284796573875803,1.0,0.0017407407407407404
0.28488372093023256,1.0,0.0017467948717948718
0.2849709213345577,1.0,0.0017857142857142857
0.2850581751377832,1.0,0.0017948717948717949
0.28514548238897397,1.0,0.001818181818181818
0.2852328431372549,1.0,0.0018461538461538463
0.2853202574318112,1.0,0.001851851851851852
0.2854952468567924,1.0,0.001878787878787879
0.2855828220858896,1.0,0.0018803418803418803
0.28567045105860694,1.0,0.0019047619047619048
0.28593366093366096,1.0,0.0019163292847503373
0.2860215053763441,1.0,0.001923076923076923
0.28610940381069455,1.0,0.0019393939393939393
0.28628536285362854,1.0,0.0019413919413919412
0.2863734235619809,1.0,0.0019444444444444442
0.28654970760233917,1.0,0.0019444444444444446
0.2867262088081306,1.0,0.0019507575757575757
0.28681454097350584,1.0,0.00196078431372549
0.28725701943844495,1.0,0.001976190476190476
0.2873456790123457,1.0,0.002
0.28778979907264296,1.0,0.0020202020202020198
0.2878787878787879,1.0,0.0020476190476190477
0.28796783173523044,1.0,0.0020512820512820513
0.2880569306930693,1.0,0.0020634920634920637
0.28823529411764703,1.0,0.0020833333333333333
0.28859268443893366,1.0,0.002086894586894587
0.2886821705426357,1.0,0.0021025641025641025
0.2887717121588089,1.0,0.002121212121212121
0.2889509621353197,1.0,0.0021216931216931217
0.2890406705991928,1.0,0.0021313131313131315
0.2891304347826087,1.0,0.0021428571428571425
0.28931013051584836,1.0,0.0021481481481481477
0.28940006216972336,1.0,0.0021666666666666666
0.28949004975124376,1.0,0.0022222222222222222
0.2898505603985056,1.0,0.0022222222222222227
0.28994082840236685,1.0,0.0022424242424242424
0.2900311526479751,1.0,0.002252747252747253
0.290211970074813,1.0,0.002272727272727273
0.2903024633613969,1.0,0.0023076923076923075
0.2904836193447738,1.0,0.0023148148148148147
0.29057428214731584,1.0,0.0023232323232323234
0.2908466104342393,1.0,0.002333333333333333
0.2910284463894967,1.0,0.002380952380952381
0.29139280125195616,1.0,0.002407407407407407
0.2915753210147197,1.0,0.0024242424242424242
0.29194104735026655,1.0,0.002444444444444445
0.2923076923076923,1.0,0.002457912457912458
0.2924913603518693,1.0,0.002490842490842491
0.292583280955374,1.0,0.002492063492063492
0.2926752593524049,1.0,0.0025
0.29285938974520287,1.0,0.0025454545454545456
0.29295154185022027,1.0,0.002592592592592592
0.2931360201511335,1.0,0.0025925925925925925
0.29369085173501575,1.0,0.002611111111111111
0.2937835279267908,1.0,0.0026153846153846158
0.29406190777005686,1.0,0.002619047619047619
0.2942477876106195,1.0,0.0026249999999999997
0.2943408156813152,1.0,0.00264957264957265
0.2944339025932954,1.0,0.002666666666666667
0.29471351693573916,1.0,0.0026794871794871794
0.2948068397720076,1.0,0.002692307692307692
0.29490022172949004,1.0,0.0026984126984126986
0.2949936628643853,1.0,0.0027083333333333334
0.2950871632329635,1.0,0.0027222222222222222
0.29518072289156627,1.0,0.002728937728937729
0.2952743418966064,1.0,0.0027301587301587302
0.29536802030456855,1.0,0.0027777777777777775
0.2956494125119085,1.0,0.002787878787878788
0.2958373053701938,1.0,0.002807017543859649
0.29602543720190777,1.0,0.0028168498168498167
0.2961195928753181,1.0,0.0028190883190883195
0.2962138084632517,1.0,0.002833333333333333
0.29640241961158864,1.0,0.002857142857142857
0.2964968152866242,1.0,0.0028703703703703703
0.2965912711054476,1.0,0.0028787878787878787
0.29668578712555765,1.0,0.0028803418803418804
0.2967803634045266,1.0,0.0028888888888888888
0.296875,1.0,0.002888888888888889
0.296969696969697,1.0,0.002894179894179895
0.2970644543714103,1.0,0.002916666666666667
0.297444089456869,1.0,0.002925925925925926
0.2975391498881432,1.0,0.002953326629797218
0.2976342710997442,1.0,0.002962962962962963
0.297729453149984,1.0,0.0029734154734154736
0.2978246960972489,1.0,0.0029824561403508773
0.29792,1.0,0.0029966329966329966
0.2980153649167734,1.0,0.002996794871794872
0.29811079090618,1.0,0.0030158730158730157
0.2982062780269058,1.0,0.0030476190476190477
0.2983018263377123,1.0,0.0030555555555555553
0.2983974358974359,1.0,0.0030707282913165265
0.2984931067649888,1.0,0.0030952380952380953
0.29858883899935856,1.0,0.0031269841269841265
0.2986846326596086,1.0,0.003138888888888889
0.29878048780487804,1.0,0.003143097643097643
0.298876404494382,1.0,0.003148148148148148
0.2989723827874117,1.0,0.0031565656565656565
0.2990684227433344,1.0,0.003157894736842105
0.2991645244215938,1.0,0.0031601731601731604
0.29926068788171006,1.0,0.0031666666666666666
0.29974243399871214,1.0,0.0031862745098039215
0.29993556701030927,1.0,0.0031944444444444446
0.3000322268772156,1.0,0.003205128205128205
0.3001289490651193,1.0,0.0032142857142857142
0.3002257336343115,1.0,0.0032216905901116424
0.30032258064516126,1.0,0.0032222222222222222
0.30041949015811553,1.0,0.003223443223443223
0.3006134969325153,1.0,0.0032424242424242424
0.3007105943152455,1.0,0.0032437839937839935
0.30080775444264946,1.0,0.0032443019943019943
0.3009049773755656,1.0,0.0032531194295900177
0.3010022631749111,1.0,0.003253968253968254
0.3010996119016818,1.0,0.0032628205128205127
0.30119702361695244,1.0,0.003277777777777778
0.301294498381877,1.0,0.003287037037037037
0.30139203625768857,1.0,0.00329004329004329
0.3014896373056995,1.0,0.0033333333333333335
0.3027642276422764,1.0,0.0033544973544973543
0.30286271958360445,1.0,0.003383394383394383
0.30296127562642367,1.0,0.00338529526029526
0.3030598958333333,1.0,0.0033888888888888888
0.303158580267014,1.0,0.003402116402116402
0.303257328990228,1.0,0.003408443408443408
0.3033561420658195,1.0,0.00341991341991342
0.30345501955671444,1.0,0.003431235431235432
0.3036529680365297,1.0,0.003444444444444444
0.30385117493472585,1.0,0.003461538461538461
0.3039503754489063,1.0,0.003475783475783475
0.3040496407576747,1.0,0.0034920634920634916
0.30414897092453447,1.0,0.003492063492063492
0.30424836601307187,1.0,0.0034949494949494944
0.30434782608695654,1.0,0.0035132275132275133
0.30444735120994115,1.0,0.0035143288084464558
0.304546941445862,1.0,0.003514705882352941
0.30464659685863876,1.0,0.003547008547008547
0.30474631751227493,1.0,0.00354775828460039
0.3048461034708579,1.0,0.0035573870573870573
0.3049459547985588,1.0,0.003575757575757576
0.30504587155963303,1.0,0.0035858585858585855
0.3051458538184202,1.0,0.0035978835978835977
0.3052459016393443,1.0,0.0036060606060606066
0.3053460150869137,1.0,0.003611111111111111
0.3054461942257218,1.0,0.003617216117216118
0.3055464391204463,1.0,0.003619047619047619
0.3056467498358503,1.0,0.0036190476190476194
0.3057471264367816,1.0,0.003628787878787879
0.30584756898817345,1.0,0.0036428571428571434
0.3059480775550444,1.0,0.003645224171539961
0.3060486522024984,1.0,0.003666666666666667
0.30625,1.0,0.0036885521885521885
0.30635077328068444,1.0,0.003703703703703704
0.3064516129032258,1.0,0.0037222222222222223
0.30665349143610016,1.0,0.00375
0.30675453047775947,1.0,0.0037727272727272726
0.3068556361239288,1.0,0.0038047138047138046
0.3070580474934037,1.0,0.0038095238095238095
0.3071593533487298,1.0,0.0038500388500388506
0.3075652461182689,1.0,0.0038571428571428576
0.3076668869795109,1.0,0.0038761238761238757
0.3077685950413223,1.0,0.003915343915343914
0.30787037037037035,1.0,0.003928571428571429
0.30797221303341055,1.0,0.003929033929033929
0.30807412309728655,1.0,0.0039743589743589745
0.3081761006289308,1.0,0.003997354497354497
0.3082781456953642,1.0,0.003997668997668997
0.3083802583636966,1.0,0.004
0.308584686774942,1.0,0.004017094017094017
0.3086870026525199,1.0,0.004022727272727273
0.3087893864013267,1.0,0.004039682539682539
0.3088918380889184,1.0,0.0040404040404040395
0.3089943577829406,1.0,0.004071669071669073
0.3090969455511288,1.0,0.004086080586080586
0.30930232558139537,1.0,0.004090909090909091
0.30940511797939513,1.0,0.004102941176470589
0.30950797872340424,1.0,0.004106060606060606
0.3097139055222888,1.0,0.004127946127946129
0.30981697171381034,1.0,0.004154040404040404
0.3099201065246338,1.0,0.004166666666666667
0.31002331002331,1.0,0.004168831168831168
0.310126582278481,1.0,0.004181818181818182
0.3102299233588804,1.0,0.004194444444444444
0.31033333333333335,1.0,0.004222222222222222
0.3104368122707569,1.0,0.004236111111111111
0.31054036024016013,1.0,0.004249158249158249
0.31064397731064397,1.0,0.004263347763347763
0.3107476635514019,1.0,0.004269119769119769
0.31085141903171953,1.0,0.004279239279239279
0.3109552438209753,1.0,0.004300384800384801
0.31105913798864016,1.0,0.0043076923076923075
0.31116310160427807,1.0,0.004318699818699819
0.31126713473754597,1.0,0.0043262987012987015
0.311371237458194,1.0,0.004347662141779789
0.3114754098360656,1.0,0.004381766381766381
0.3115796519410977,1.0,0.004395604395604396
0.31168396384332103,1.0,0.00442002442002442
0.31178834561286,1.0,0.004424603174603175
0.311892797319933,1.0,0.0044411144411144405
0.31199731903485256,1.0,0.004481481481481481
0.31210191082802546,1.0,0.004523809523809524
0.31220657276995306,1.0,0.004529100529100529
0.3123113049312311,1.0,0.004537037037037037
0.3124161073825503,1.0,0.004567099567099567
0.3125209801946962,1.0,0.004574314574314574
0.31262592343854934,1.0,0.004583333333333333
0.31273093718508566,1.0,0.004590909090909092
0.31283602150537637,1.0,0.00461029711029711
0.3129411764705882,1.0,0.004612794612794613
0.31304640215198387,1.0,0.004642857142857143
0.3131516986209216,1.0,0.004666666666666666
0.313257065948856,1.0,0.004741064491064492
0.3133625042073376,1.0,0.004742063492063492
0.31346801346801345,1.0,0.004765151515151516
0.31357359380262717,1.0,0.004783549783549783
0.3136792452830189,1.0,0.004801587301587301
0.3137849679811257,1.0,0.004803030303030303
0.3138907619689818,1.0,0.004806435394670689
0.31399662731871836,1.0,0.0048162578162578165
0.3141025641025641,1.0,0.0048881673881673885
0.3142085723928451,1.0,0.004889145941777521
0.31431465226198513,1.0,0.004913419913419913
0.3144208037825059,1.0,0.00492526455026455
0.314527027027027,1.0,0.004986504723346828
0.31463332206826633,1.0,0.0049908424908424905
0.31473968897903987,1.0,0.005
0.31495263870094725,1.0,0.005059523809523809
0.31516587677725116,1.0,0.00509026159026159
0.3152726041313918,1.0,0.005094276094276094
0.31537940379403795,1.0,0.005097902097902098
0.31548627583869876,1.0,0.005100529100529101
0.31580732700135683,1.0,0.0051641414141414144
0.3159144893111639,1.0,0.005168350168350168
0.31602172437202986,1.0,0.005179193899782135
0.3161290322580645,1.0,0.005198412698412698
0.3163438668025824,1.0,0.005198412698412699
0.31645139360978924,1.0,0.005207264957264957
0.31655899353961237,1.0,0.005224867724867725
0.3167744130656686,1.0,0.005251230251230251
0.31688223281143635,1.0,0.005277777777777778
0.31699012597889004,1.0,0.0053055555555555555
0.3170980926430518,1.0,0.005341880341880341
0.317206132879046,1.0,0.005343915343915344
0.31742243436754175,1.0,0.005388888888888889
0.3175306957708049,1.0,0.005430911680911681
0.3176390310474241,1.0,0.005435786435786435
0.31774744027303753,1.0,0.005439393939393939
0.3178559235233868,1.0,0.005472222222222222
0.31796448087431695,1.0,0.005511636511636512
0.31807311240177655,1.0,0.005513024986709197
0.3182905982905983,1.0,0.005556166056166056
0.3183994528043776,1.0,0.0055681818181818185
0.31850838179952107,1.0,0.005570175438596491
0.3186173853524983,1.0,0.0055961399711399705
0.3187264635398836,1.0,0.005649548708372237
0.31894484412470026,1.0,0.005673400673400673
0.31905414667580534,1.0,0.005675879675879676
0.31916352416866645,1.0,0.005708624708624708
0.31927297668038407,1.0,0.005746151996151996
0.31938250428816467,1.0,0.00575
0.3194921070693205,1.0,0.0057503607503607505
0.3196017851012702,1.0,0.005755878108819284
0.31971153846153844,1.0,0.005781033781033782
0.3198213672277568,1.0,0.005797591297591298
0.3199312714776632,1.0,0.005801767676767677
0.32004125128910277,1.0,0.005808525839485591
0.3201513067400275,1.0,0.005809884559884559
0.3202614379084967,1.0,0.005825415325415325
0.3203716448726772,1.0,0.005840909090909091
0.3204819277108434,1.0,0.005902777777777778
0.32070272132276956,1.0,0.005913461538461539
0.3208132322536182,1.0,0.005939153439153438
0.32092381937263015,1.0,0.005968253968253968
0.3210344827586207,1.0,0.005974927849927849
0.32114522249051397,1.0,0.00599074074074074
0.321256038647343,1.0,0.005994172494172494
0.3213669313082499,1.0,0.00602910052910053
0.3214779005524862,1.0,0.0060360750360750354
0.32158894645941277,1.0,0.00607843137254902
0.32170006910850035,1.0,0.0061055611055611065
0.3218112685793294,1.0,0.006117845117845118
0.3219225449515906,1.0,0.006121212121212121
0.3220338983050847,1.0,0.006125615125615125
0.3221453287197232,1.0,0.006128205128205128
0.32225683627552787,1.0,0.006151515151515152
0.3223684210526316,1.0,0.006178303178303178
0.32248008313127813,1.0,0.006215728715728716
0.3225918225918226,1.0,0.006243284493284492
0.32270363951473136,1.0,0.0062678062678062675
0.32281553398058255,1.0,0.00628042328042328
0.32292750607006593,1.0,0.006285159285159285
0.32303955586398336,1.0,0.006303921568627451
0.32315168344324885,1.0,0.006311813186813187
0.3232638888888889,1.0,0.006342592592592593
0.32337617228204235,1.0,0.006353896103896104
0.3231410701876303,0.9989258861439313,0.00635897435897436
0.3232533889468196,0.9989258861439313,0.006382173382173382
0.32336578581363007,0.9989258861439313,0.006399272754535912
0.3234782608695652,0.9989258861439313,0.006413919413919413
0.3235908141962422,0.9989258861439313,0.006436274509803922
0.32370344587539157,0.9989258861439313,0.006452279202279202
0.32381615598885793,0.9989258861439313,0.006454906204906205
0.3239289446185998,0.9989258861439313,0.0064651211361737675
0.3240418118466899,0.9989258861439313,0.00651934723916148
0.32415475775531544,0.9989258861439313,0.0065216265216265215
0.32426778242677823,0.9989258861439313,0.006523476523476522
0.32438088594349496,0.9989258861439313,0.006527777777777778
0.3244940683879972,0.9989258861439313,0.006562830687830688
0.32460732984293195,0.9989258861439313,0.006568376068376069
0.32472067039106145,0.9989258861439313,0.006576719576719577
0.3248340901152637,0.9989258861439313,0.006588411588411588
0.3249475890985325,0.9989258861439313,0.006590428090428089
0.3250611674239776,0.9989258861439313,0.006666666666666667
0.3252885624344176,0.9989258861439313,0.006693121693121693
0.3254023792862141,0.9989258861439313,0.006715909090909091
0.32551627581379067,0.9989258861439313,0.0067418229918229915
0.32563025210084034,0.9989258861439313,0.00675
0.3257443082311734,0.9989258861439313,0.006790959040959042
0.3258584442887176,0.9989258861439313,0.0068106060606060595
0.32597266035751843,0.9989258861439313,0.006813492063492063
0.32608695652173914,0.9989258861439313,0.006843434343434342
0.32620133286566116,0.9989258861439313,0.0069042531542531545
0.3263157894736842,0.9989258861439313,0.006909090909090909
0.32643032643032643,0.9989258861439313,0.006924603174603175
0.3265449438202247,0.9989258861439313,0.006930977519212814
0.3266596417281349,0.9989258861439313,0.00693939393939394
0.32677442023893183,0.9989258861439313,0.006957264957264958
0.3268892794376098,0.9989258861439313,0.006957671957671958
0.3270042194092827,0.9989258861439313,0.006979023155493742
0.327119240239184,0.9989258861439313,0.006999389499389499
0.3274647887323944,0.9989258861439313,0.0070105820105820105
0.3276955602536998,0.9989258861439313,0.007033475783475783
0.32781106802960874,0.9989258861439313,0.007073618389407865
0.32792665726375175,0.9989258861439313,0.007074175824175824
0.328042328042328,0.9989258861439313,0.00708994708994709
0.32815808045165845,0.9989258861439313,0.007145969498910675
0.32827391457818567,0.9989258861439313,0.007195767195767197
0.3283898305084746,0.9989258861439313,0.007223484848484848
0.32850582832921227,0.9989258861439313,0.007299382716049383
0.3286219081272085,0.9989258861439313,0.0073513961671856426
0.32885431400282883,0.9989258861439313,0.0073759184285500075
0.328970640254687,0.9989258861439313,0.0073960113960113965
0.32908704883227174,0.9989258861439313,0.007413886766827944
0.3292035398230089,0.9989258861439313,0.007432659932659932
0.3293201133144476,0.9989258861439313,0.007447089947089947
0.3294367693942614,0.9989258861439313,0.007495726495726496
0.32955350815024803,0.9989258861439313,0.007512566137566138
0.32967032967032966,0.9989258861439313,0.007535612535612536
0.32978723404255317,0.9989258861439313,0.00754112554112554
0.32990422135509045,0.9989258861439313,0.007606060606060606
0.33002129169623845,0.9989258861439313,0.007662337662337662
0.3301384451544196,0.9989258861439313,0.007664918414918415
0.3302556818181818,0.9989258861439313,0.0076651126651126646
0.33037300177619894,0.9989258861439313,0.007690476190476191
0.3304904051172708,0.9989258861439313,0.00771012321012321
0.33060789193032347,0.9989258861439313,0.007812636165577343
0.3307254623044097,0.9989258861439313,0.007833333333333333
0.33084311632870866,0.9989258861439313,0.007837121212121212
0.33107867568529725,0.9989258861439313,0.007851851851851851
0.3311965811965812,0.9989258861439313,0.007944444444444445
0.33131457071606696,0.9989258861439313,0.007990818549642079
0.33143264433357095,0.9989258861439313,0.007992025518341307
0.3315508021390374,0.9989258861439313,0.008025974025974027
0.33166904422253923,0.9989258861439313,0.008034188034188034
0.33178737067427755,0.9989258861439313,0.008168059036480088
0.33190578158458245,0.9989258861439313,0.008188920012449424
0.3320242770439129,0.9989258861439313,0.00820921670921671
0.33214285714285713,0.9989258861439313,0.008226792213634319
0.3322615219721329,0.9989258861439313,0.00823005698005698
0.33238027162258754,0.9989258861439313,0.00829112554112554
0.3324991061851984,0.9989258861439313,0.008331279831279832
0.33261802575107297,0.9989258861439313,0.008333333333333333
0.33273703041144903,0.9989258861439313,0.008341880341880341
0.33285612025769507,0.9989258861439313,0.00841919191919192
0.33297529538131043,0.9989258861439313,0.008435638435638436
0.3330945558739255,0.9989258861439313,0.008518518518518519
0.3333333333333333,0.9989258861439313,0.008530397139092791
0.33345285048404444,0.9989258861439313,0.008578282828282827
0.3335724533715925,0.9989258861439313,0.008595441595441596
0.333692142088267,0.9989258861439313,0.008604497354497354
0.3338119167264896,0.9989258861439313,0.008626262626262626
0.3339317773788151,0.9989258861439313,0.00862926887926888
0.33405172413793105,0.9989258861439313,0.008637820512820513
0.3341717570966583,0.9989258861439313,0.00863830613830614
0.3342918763479511,0.9989258861439313,0.008639568764568764
0.3344120819848975,0.9989258861439313,0.008641238391238391
0.3345323741007194,0.9989258861439313,0.008695767195767196
0.33465275278877293,0.9989258861439313,0.00875
0.3347732181425486,0.9989258861439313,0.008753968253968254
0.3348937702556716,0.9989258861439313,0.008754010695187166
0.33513513513513515,0.9989258861439313,0.008773115773115774
0.33525594808940157,0.9989258861439313,0.008781158656158656
0.33537684817886765,0.9989258861439313,0.008837579087579088
0.3354978354978355,0.9989258861439313,0.008848651348651348
0.3356189101407434,0.9989258861439313,0.008855311355311354
0.33574007220216606,0.9989258861439313,0.008874977848662058
0.3358613217768147,0.9989258861439313,0.00889069264069264
0.33598265895953755,0.9989258861439313,0.008893912130754236
0.33610408384531987,0.9989258861439313,0.008949790949790948
0.3362255965292842,0.9989258861439313,0.008958014208014205
0.33634719710669075,0.9989258861439313,0.008968253968253967
0.33646888567293776,0.9989258861439313,0.009007480823270297
0.33659066232356133,0.9989258861439313,0.009014705882352942
0.33671252715423605,0.9989258861439313,0.009026936026936026
0.33683448026077506,0.9989258861439313,0.009030270655270654
0.33695652173913043,0.9989258861439313,0.009071428571428572
0.33707865168539325,0.9989258861439313,0.009156954156954156
0.33720087019579403,0.9989258861439313,0.009169871794871795
0.3373231773667029,0.9989258861439313,0.009253088958971312
0.3374455732946299,0.9989258861439313,0.009260961260961261
0.33756805807622503,0.9989258861439313,0.009264069264069263
0.33769063180827885,0.9989258861439313,0.009365079365079364
0.33781329458772247,0.9989258861439313,0.009380341880341881
0.3379360465116279,0.9989258861439313,0.009454811270600745
0.33805888767720826,0.9989258861439313,0.009455359455359455
0.3381818181818182,0.9989258861439313,0.009477078477078477
0.3383048381229538,0.9989258861439313,0.009483719983719984
0.3384279475982533,0.9989258861439313,0.009487179487179488
0.3385511467054969,0.9989258861439313,0.009537037037037037
0.33867443554260745,0.9989258861439313,0.009542207792207791
0.33879781420765026,0.9989258861439313,0.009573833573833573
0.3389212827988338,0.9989258861439313,0.009649237472766883
0.33904484141450963,0.9989258861439313,0.009652777777777777
0.33916849015317285,0.9989258861439313,0.009690476190476192
0.33929222911346224,0.9989258861439313,0.009728835978835977
0.33941605839416056,0.9989258861439313,0.009776889776889775
0.33953997809419495,0.9989258861439313,0.009797979797979799
0.33966398831263694,0.9989258861439313,0.009822705072705072
0.33978808914870295,0.9989258861439313,0.009867724867724869
0.3399122807017544,0.9989258861439313,0.009874194705077059
0.340036563071298,0.9989258861439313,0.009912698412698413
0.3401609363569861,0.9989258861439313,0.009971509971509971
0.3402854006586169,0.9989258861439313,0.010076923076923077
0.3404099560761347,0.9989258861439313,0.010079254079254078
0.34053460270963015,0.9989258861439313,0.010085858585858585
0.34065934065934067,0.9989258861439313,0.010119288119288118
0.3407841700256504,0.9989258861439313,0.010126515784410522
0.3409090909090909,0.9989258861439313,0.010142579642579643
0.341034103410341,0.9989258861439313,0.010148948273948273
0.34115920763022745,0.9989258861439313,0.010187590187590188
0.3412844036697248,0.9989258861439313,0.010214247740563532
0.34140969162995594,0.9989258861439313,0.010308080808080808
0.34153507161219243,0.9989258861439313,0.0103510101010101
0.34166054371785454,0.9989258861439313,0.010372423328305682
0.34178610804851156,0.9989258861439313,0.010398947457770988
0.34191176470588236,0.9989258861439313,0.010416063239592651
0.3420375137918352,0.9989258861439313,0.010445887445887446
0.34216335540838855,0.9989258861439313,0.010500559625559626
0.3422892896577107,0.9989258861439313,0.010535714285714287
0.34241531664212077,0.9989258861439313,0.010538712921065861
0.3425414364640884,0.9989258861439313,0.010567599067599067
0.3426676492262343,0.9989258861439313,0.010601010101010102
0.34279395503133064,0.9989258861439313,0.010622100122100122
0.34292035398230086,0.9989258861439313,0.010637566137566138
0.3430468461822206,0.9989258861439313,0.010665630665630668
0.34317343173431736,0.9989258861439313,0.010666666666666668
0.3433001107419712,0.9989258861439313,0.010696719402601754
0.3434268833087149,0.9989258861439313,0.010754808143353034
0.3436807095343681,0.9989258861439313,0.010765669515669518
0.3438077634011091,0.9989258861439313,0.010787545787545788
0.34406215316315203,0.9989258861439313,0.01079248366013072
0.3441894892672095,0.9989258861439313,0.010805313193858083
0.3445720637273064,0.9989258861439313,0.010806582306582305
0.3446997776130467,0.9989258861439313,0.010837810337810339
0.3448275862068966,0.9989258861439313,0.010843943093943093
0.3449554896142433,0.9989258861439313,0.010870172311348783
0.3450834879406308,0.9989258861439313,0.010881202131202132
0.34521158129175944,0.9989258861439313,0.010893246187363835
0.3453397697734868,0.9989258861439313,0.010939093314093313
0.34546805349182763,0.9989258861439313,0.010948787323787323
0.3455964325529543,0.9989258861439313,0.010961741961741963
0.34572490706319703,0.9989258861439313,0.011104293854293856
0.34585347712904424,0.9989258861439313,0.0111998371998372
0.34598214285714285,0.9989258861439313,0.011202797202797203
0.3461109043542985,0.9989258861439313,0.011362554112554112
0.3462397617274758,0.9989258861439313,0.011446275946275945
0.3463687150837989,0.9989258861439313,0.011587477337477338
0.3464977645305514,0.9989258861439313,0.01162071262071262
0.34662691017517705,0.9989258861439313,0.011684213934213932
0.34675615212527966,0.9989258861439313,0.01170995670995671
0.34688549048862366,0.9989258861439313,0.011807817182817181
0.34701492537313433,0.9989258861439313,0.011814879564879565
0.3471444568868981,0.9989258861439313,0.01185148185148185
0.3472740851381628,0.9989258861439313,0.011935199332258156
0.34740381023533806,0.9989258861439313,0.011960317460317461
0.3475336322869955,0.9989258861439313,0.011967245717245717
0.34766355140186916,0.9989258861439313,0.012000601250601251
0.34779356768885566,0.9989258861439313,0.012015720390720392
0.3479236812570146,0.9989258861439313,0.012066378066378065
0.34805389221556887,0.9989258861439313,0.01209657989069754
0.34818420067390493,0.9989258861439313,0.01221004921004921
0.34831460674157305,0.9989258861439313,0.012225108225108224
0.34844511052828775,0.9989258861439313,0.01223940873940874
0.34870641169853767,0.9989258861439313,0.01237333183385815
0.3488372093023256,0.9989258861439313,0.012384421134421134
0.34896810506566606,0.9989258861439313,0.012447408342145186
0.3490990990990991,0.9989258861439313,0.01247857697857698
0.34923019151333085,0.9989258861439313,0.012485449735449735
0.34936138241923365,0.9989258861439313,0.01249109224109224
0.34949267192784667,0.9989258861439313,0.012529914529914532
0.34962406015037595,0.9989258861439313,0.012546296296296297
0.3497555471981948,0.9989258861439313,0.012595339845339847
0.34988713318284426,0.9989258861439313,0.012625661375661375
0.35001881821603315,0.9989258861439313,0.012638530315000902
0.3501506024096386,0.9989258861439313,0.012659211159211158
0.3502824858757062,0.9989258861439313,0.012662144872671187
0.35041446872645066,0.9989258861439313,0.012694504569504569
0.3505465510742556,0.9989258861439313,0.012750305250305252
0.3506787330316742,0.9989258861439313,0.012760034556087187
0.35081101471142967,0.9989258861439313,0.012774998149998147
0.35094339622641507,0.9989258861439313,0.012792929292929295
0.3510758776896942,0.9989258861439313,0.012819264069264069
0.3512084592145015,0.9989258861439313,0.01284870684870685
0.3513411409142425,0.9989258861439313,0.012920584045584046
0.35147392290249435,0.9989258861439313,0.012938746438746438
0.3516068052930057,0.9989258861439313,0.012976736226736224
0.3517397881996974,0.9989258861439313,0.013000455426926016
0.3518728717366629,0.9989258861439313,0.01300231396284028
0.35200605601816803,0.9989258861439313,0.013026529026529027
0.35213934115865203,0.9989258861439313,0.013091750841750842
0.3522727272727273,0.9989258861439313,0.013105820105820107
0.35240621447518,0.9989258861439313,0.013106074481074481
0.3525398028809704,0.9989258861439313,0.013114649239649239
0.35267349260523323,0.9989258861439313,0.013211538461538462
0.35294117647058826,0.9989258861439313,0.013293650793650793
0.3530751708428246,0.9989258861439313,0.013295343545343544
0.3532092669958223,0.9989258861439313,0.013314851814851815
0.3533434650455927,0.9989258861439313,0.013334942834942834
0.35347776510832385,0.9989258861439313,0.013449466655349008
0.35361216730038025,0.9989258861439313,0.013452621452621454
0.35374667173830354,0.9989258861439313,0.013547383172383173
0.3538812785388128,0.9989258861439313,0.013576553076553078
0.3540159878188047,0.9989258861439313,0.013577959077959077
0.3541507996953541,0.9989258861439313,0.013617005271417036
0.35428571428571426,0.9989258861439313,0.013732683982683982
0.3544207317073171,0.9989258861439313,0.013742886742886743
0.3545558520777735,0.9989258861439313,0.013749893896952718
0.35469107551487417,0.9989258861439313,0.013754111872532922
0.3548264021365891,0.9989258861439313,0.013755632167396874
0.3549618320610687,0.9989258861439313,0.013796037296037294
0.3550973654066438,0.9989258861439313,0.013897907647907649
0.3552330022918258,0.9989258861439313,0.013967291967291967
0.3553687428353076,0.9989258861439313,0.013969752469752472
0.3555045871559633,0.9989258861439313,0.013992063492063493
0.35564053537284895,0.9989258861439313,0.013996901791019438
0.35577658760520275,0.9989258861439313,0.014018204018204018
0.3559127439724455,0.9989258861439313,0.014034391534391535
0.3560490045941807,0.9989258861439313,0.014040922040922043
0.3561853695901953,0.9989258861439313,0.014088411588411587
0.3563218390804598,0.9989258861439313,0.014092505447768605
0.3564584131851284,0.9989258861439313,0.01420225145225145
0.3565950920245399,0.9989258861439313,0.014336219336219338
0.3567318757192175,0.9989258861439313,0.014372201872201874
0.35686876438986953,0.9989258861439313,0.014382589632589633
0.3570057581573896,0.9989258861439313,0.014401576049795866
0.35714285714285715,0.9989258861439313,0.014411078028725089
0.35728006146753744,0.9989258861439313,0.014481546231546233
0.3574173712528824,0.9989258861439313,0.014498768116415177
0.3575547866205306,0.9989258861439313,0.01453030303030303
0.3576923076923077,0.9989258861439313,0.01457142857142857
0.357829934590227,0.9989258861439313,0.01458740333740334
0.3579676674364896,0.9989258861439313,0.014620663650075413
0.3581055063534848,0.9989258861439313,0.014666860916860914
0.35824345146379044,0.9989258861439313,0.014713393360452187
0.3583815028901734,0.9989258861439313,0.014725468975468977
0.35851966075558983,0.9989258861439313,0.014731481481481484
0.3586579251831855,0.9989258861439313,0.01474093499093499
0.3587962962962963,0.9989258861439313,0.0148490675990676
0.3589347742184485,0.9989258861439313,0.014853809044985514
0.3590733590733591,0.9989258861439313,0.014944384319384317
0.35921205098493625,0.9989258861439313,0.014953703703703702
0.35935085007727974,0.9989258861439313,0.015067014369645948
0.3594897564746811,0.9989258861439313,0.015134097384097383
0.35962877030162416,0.9989258861439313,0.015144063180827887
0.3597678916827853,0.9989258861439313,0.015163073281494336
0.35990712074303405,0.9989258861439313,0.015169973544973544
0.3600464576074332,0.9989258861439313,0.01517132867132867
0.3601859024012393,0.9989258861439313,0.015187412976886661
0.3603254552499031,0.9989258861439313,0.015219040219040218
0.36046511627906974,0.9989258861439313,0.015242424242424241
0.3606048856145793,0.9989258861439313,0.015293410293410293
0.360744763382467,0.9989258861439313,0.015377472201001613
0.3608847497089639,0.9989258861439313,0.015383190883190881
0.3610248447204969,0.9989258861439313,0.015461640211640211
0.3611650485436893,0.9989258861439313,0.015489898989898988
0.3613053613053613,0.9989258861439313,0.015580928330928332
0.3614457831325301,0.9989258861439313,0.015704861587214534
0.36158631415241055,0.9989258861439313,0.015723805434331755
0.3617269544924154,0.9989258861439313,0.015745791245791247
0.36186770428015563,0.9989258861439313,0.015766687016687014
0.36200856364344103,0.9989258861439313,0.015768939393939394
0.3621495327102804,0.9989258861439313,0.015795251045251046
0.362290611608882,0.9989258861439313,0.015879551004551004
0.36243180046765394,0.9989258861439313,0.01591015466015466
0.36257309941520466,0.9989258861439313,0.01593831168831169
0.3627145085803432,0.9989258861439313,0.01595850445850446
0.3628560280920796,0.9989258861439313,0.016091538091538092
0.3629976580796253,0.9989258861439313,0.016177812927812927
0.3631393986723936,0.9989258861439313,0.016203611203611204
0.36328125,0.9989258861439313,0.01623365523365523
0.3634232121922626,0.9989258861439313,0.016234968734968738
0.3635652853792025,0.9989258861439313,0.016331409331409332
0.36370746969104417,0.9989258861439313,0.016342287342287345
0.36384976525821594,0.9989258861439313,0.016356421356421354
0.3639921722113503,0.9989258861439313,0.016407601657601655
0.36442006269592475,0.9989258861439313,0.016471995869054692
0.364562916503332,0.9989258861439313,0.01650684500684501
0.36470588235294116,0.9989258861439313,0.016535644667223615
0.3648489603766183,0.9989258861439313,0.01653839678839679
0.3649921507064364,0.9989258861439313,0.016716135716135717
0.3651354534746761,0.9989258861439313,0.016821183174124354
0.3652788688138256,0.9989258861439313,0.01683068783068783
0.3654223968565815,0.9989258861439313,0.016842796092796094
0.36556603773584906,0.9989258861439313,0.017072709454288397
0.3657097915847424,0.9989258861439313,0.017112433862433864
0.36585365853658536,0.9989258861439313,0.01711367281955517
0.3659976387249115,0.9989258861439313,0.017179514929514927
0.3661417322834646,0.9989258861439313,0.017292366946778714
0.3662859393461993,0.9989258861439313,0.017343759726112667
0.3664302600472813,0.9989258861439313,0.017513098013098014
0.3665746945210879,0.9989258861439313,0.017583333333333333
0.3667192429022082,0.9989258861439313,0.017590740414269827
0.3668639053254438,0.9989258861439313,0.01759720834720835
0.367008681925809,0.9989258861439313,0.017609070753807597
0.3671535728385314,0.9989258861439313,0.017730413105413106
0.36729857819905215,0.9989258861439313,0.017774355274355277
0.36744369814302646,0.9989258861439313,0.01782503553091788
0.3675889328063241,0.9989258861439313,0.017883940133940134
0.36773428232502964,0.9989258861439313,0.017930761246550717
0.36787974683544306,0.9989258861439313,0.01797002235237529
0.36802532647407993,0.9989258861439313,0.017997659747659746
0.3681710213776722,0.9989258861439313,0.018039229289229287
0.3683168316831683,0.9989258861439313,0.018075757575757575
0.3684627575277338,0.9989258861439313,0.01809211159211159
0.3686087990487515,0.9989258861439313,0.018336589336589337
0.3687549563838224,0.9989258861439313,0.018340034965034963
0.36890122967076555,0.9989258861439313,0.01843722943722944
0.36904761904761907,0.9989258861439313,0.01845236245236245
0.36919412465263995,0.9989258861439313,0.0184973544973545
0.369340746624305,0.9989258861439313,0.018521330521330523
0.3694874851013111,0.9989258861439313,0.01858479020979021
0.3696343402225755,0.9989258861439313,0.01871424676687835
0.3697813121272366,0.9989258861439313,0.018770471931462644
0.36992840095465396,0.9989258861439313,0.01882886557886558
0.3700756068444091,0.9989258861439313,0.019135919635919634
0.37022292993630573,0.9989258861439313,0.019241883116883116
0.37037037037037035,0.9989258861439313,0.0193031413031413
0.3705179282868526,0.9989258861439313,0.01935114885114885
0.3706656038262256,0.9989258861439313,0.019389231139231137
0.3708133971291866,0.9989258861439313,0.019400502032080984
0.37096130833665736,0.9989258861439313,0.019433048433048432
0.37110933758978454,0.9989258861439313,0.019496059496059495
0.3712574850299401,0.9989258861439313,0.019643042143042147
0.37140575079872207,0.9989258861439313,0.019760239760239762
0.3715541350379545,0.9989258861439313,0.01978867428867429
0.37170263788968827,0.9989258861439313,0.019814075630252104
0.3718512594962015,0.9989258861439313,0.019822161770691182
0.372,0.9989258861439313,0.019931013431013427
0.37214885954381755,0.9989258861439313,0.019966699966699968
0.37229783827061647,0.9989258861439313,0.020031084656084656
0.37244693632358833,0.9989258861439313,0.0202002442002442
0.37259615384615385,0.9989258861439313,0.02022255522255522
0.3727454909819639,0.9989258861439313,0.02023129648129648
0.37289494787489974,0.9989258861439313,0.020267972767972764
0.3730445246690734,0.9989258861439313,0.020293148880105402
0.37319422150882825,0.9989258861439313,0.02030647130647131
0.3733440385387395,0.9989258861439313,0.020448634698634695
0.37349397590361444,0.9989258861439313,0.020477411477411476
0.37364403374849336,0.9989258861439313,0.020507252007252008
0.3737942122186495,0.9989258861439313,0.02051551226551226
0.37394451145958985,0.9989258861439313,0.020541393791393792
0.37409493161705554,0.9989258861439313,0.020837033337033337
0.37424547283702214,0.9989258861439313,0.020888840734428968
0.3743961352657005,0.9989258861439313,0.02104668990853201
0.37454691904953685,0.9989258861439313,0.02105074555074555
0.37484885126964934,0.9989258861439313,0.02117058867058867
0.375,0.9989258861439313,0.021289340289340288
0.3751512706736587,0.9989258861439313,0.021377269416743106
0.37530266343825663,0.9989258861439313,0.021450545068966122
0.3754541784416633,0.9989258861439313,0.02145172311348782
0.3756058158319871,0.9989258861439313,0.02151332654273831
0.37575757575757573,0.9989258861439313,0.021538239538239533
0.375909458367017,0.9989258861439313,0.021636424033482857
0.3760614638091387,0.9989258861439313,0.02167372953557164
0.3762135922330097,0.9989258861439313,0.021783956783956785
0.3763658437879401,0.9989258861439313,0.021812446812446814
0.3765182186234818,0.9989258861439313,0.021845765889883535
0.37667071688942894,0.9989258861439313,0.02188838476338476
0.37682333873581847,0.9989258861439313,0.021902560402560403
0.37697608431293067,0.9989258861439313,0.02192210567210567
0.3771289537712895,0.9989258861439313,0.021961471535000953
0.3772819472616633,0.9989258861439313,0.022059371184371183
0.37743506493506496,0.9989258861439313,0.022088535890780473
0.37758830694275275,0.9989258861439313,0.022088642294524646
0.3777416734362307,0.9989258861439313,0.02211465848965849
0.3778951645672491,0.9989258861439313,0.022147741147741148
0.3780487804878049,0.9989258861439313,0.022256271506271505
0.3782025213501423,0.9989258861439313,0.02231976356976357
0.37835638730675347,0.9989258861439313,0.022370520031510743
0.3785103785103785,0.9989258861439313,0.022487891737891737
0.3786644951140065,0.9989258861439313,0.02261143948643949
0.3788187372708758,0.9989258861439313,0.022654641654641653
0.37897310513447435,0.9989258861439313,0.022767834619227812
0.3791275988585406,0.9989258861439313,0.02279455315639526
0.3792822185970636,0.9989258861439313,0.022847705900337474
0.379436964504284,0.9989258861439313,0.023068573969889764
0.3795918367346939,0.9989258861439313,0.02309296138643965
0.379746835443038,0.9989258861439313,0.02315479836068071
0.3799019607843137,0.9989258861439313,0.023177812927812926
0.380057212913772,0.9989258861439313,0.023335550887021477
0.3802125919869174,0.9989258861439313,0.023338504088504086
0.3803680981595092,0.9989258861439313,0.023355325502384325
0.38052373158756136,0.9989258861439313,0.02339132164132164
0.38067949242734345,0.9989258861439313,0.023403686727216138
0.3808353808353808,0.9989258861439313,0.02351340163104869
0.3809913969684556,0.9989258861439313,0.023701671866145548
0.38114754098360654,0.9989258861439313,0.023712616087616087
0.3813038130381304,0.9989258861439313,0.02374272851904431
0.38146021328958163,0.9989258861439313,0.023760915497757603
0.3816167418957735,0.9989258861439313,0.023788100788100786
0.3817733990147783,0.9989258861439313,0.02380974580974581
0.38193018480492813,0.9989258861439313,0.023841709216709216
0.3820870994248151,0.9989258861439313,0.024032552632552634
0.38224414303329224,0.9989258861439313,0.02414125932546985
0.3824013157894737,0.9989258861439313,0.02414779081626908
0.3825586178527355,0.9989258861439313,0.024149498649498648
0.38271604938271603,0.9989258861439313,0.02431985606985607
0.38287361053931657,0.9989258861439313,0.024443690296631473
0.3830313014827018,0.9989258861439313,0.024534118659118656
0.3831891223733004,0.9989258861439313,0.024551578051578052
0.38334707337180546,0.9989258861439313,0.024622673622673622
0.3835051546391753,0.9989258861439313,0.02488950428656311
0.38366336633663367,0.9989258861439313,0.0249033128321054
0.38382170862567067,0.9989258861439313,0.02502066533684181
0.38398018166804293,0.9989258861439313,0.02503786612997139
0.38413878562577447,0.9989258861439313,0.025127932252932254
0.384297520661157,0.9989258861439313,0.02523070910570911
0.3844563869367507,0.9989258861439313,0.025276529026529024
0.38461538461538464,0.9989258861439313,0.025294764059469944
0.3847745138601572,0.9989258861439313,0.025321768645298053
0.3849337748344371,0.9989258861439313,0.025373094498094495
0.38509316770186336,0.9989258861439313,0.025485093610093608
0.3852526926263463,0.9989258861439313,0.025550925925925925
0.38541234977206795,0.9989258861439313,0.02567557496969262
0.3855721393034826,0.9989258861439313,0.025753170318959795
0.3857320613853173,0.9989258861439313,0.025909932659932654
0.38589211618257263,0.9989258861439313,0.026207283457283452
0.386052303860523,0.9989258861439313,0.02622276797276797
0.3862126245847176,0.9989258861439313,0.026241323491323493
0.38637307852098046,0.9989258861439313,0.026497872497872495
0.3865336658354115,0.9989258861439313,0.02651607651607651
0.3866943866943867,0.9989258861439313,0.02655714363609101
0.38685524126455906,0.9989258861439313,0.02658928489810843
0.38701622971285893,0.9989258861439313,0.026678230786926438
0.3871773522064946,0.9989258861439313,0.026723710929593286
0.3875,0.9989258861439313,0.026771489403842347
0.3876615256356815,0.9989258861439313,0.026790875790875787
0.3878231859883236,0.9989258861439313,0.026963758463758463
0.38814691151919867,0.9989258861439313,0.027503774003774007
0.3883089770354906,0.9989258861439313,0.02756672466966584
0.38847117794486213,0.9989258861439313,0.02775202112702112
0.38863351441704974,0.9989258861439313,0.02776587187036103
0.3887959866220736,0.9989258861439313,0.027861559736559734
0.3889585947302384,0.9989258861439313,0.027892353260774314
0.3891213389121339,0.9989258861439313,0.02795311632811633
0.38928421933863544,0.9989258861439313,0.027958971179431535
0.38944723618090454,0.9989258861439313,0.028075681725681728
0.38961038961038963,0.9989258861439313,0.028106043194278493
0.3897736797988265,0.9989258861439313,0.02815997401291519
0.389937106918239,0.9989258861439313,0.028178529803529806
0.3901006711409396,0.9989258861439313,0.028229161318557607
0.39026437263953,0.9989258861439313,0.028229668479668478
0.3904282115869018,0.9989258861439313,0.028263373079162553
0.39059218815623686,0.9989258861439313,0.028340833240833245
0.3907563025210084,0.9989258861439313,0.028371226268285088
0.39092055485498106,0.9989258861439313,0.02852838773427009
0.39108494533221194,0.9989258861439313,0.028568302068302066
0.391578947368421,0.9989258861439313,0.028625661375661374
0.3917438921651222,0.9989258861439313,0.028644166019166015
0.3919089759797724,0.9989258861439313,0.028655205905205913
0.3920741989881956,0.9989258861439313,0.028850102139575822
0.392239561366512,0.9989258861439313,0.028894818144818143
0.3924050632911392,0.9989258861439313,0.028990500240500233
0.39257070493879276,0.9989258861439313,0.029064523439523437
0.3927364864864865,0.9989258861439313,0.029373549108843235
0.3929024081115336,0.9989258861439313,0.02959902962534541
0.39306846999154693,0.9989258861439313,0.029652551152551155
0.39323467230443976,0.9989258861439313,0.02978042328042328
0.3934010152284264,0.9989258861439313,0.02989878803114097
0.39356749894202286,0.9989258861439313,0.02991055621937975
0.3937341236240474,0.9989258861439313,0.02993230380730381
0.39390088945362134,0.9989258861439313,0.02994917582417582
0.3940677966101695,0.9989258861439313,0.030057539682539686
0.39423484527342095,0.9989258861439313,0.03013551263551264
0.3944020356234097,0.9989258861439313,0.030236504236504244
0.3945693678404752,0.9989258861439313,0.030378225532637297
0.39473684210526316,0.9989258861439313,0.030400590150590153
0.39490445859872614,0.9989258861439313,0.03047159565580618
0.39507221750212407,0.9989258861439313,0.030695831945831937
0.39524011899702505,0.9989258861439313,0.030775432900432904
0.39557635048915357,0.9989258861439313,0.030949563594300435
0.39574468085106385,0.9989258861439313,0.031024329528973483
0.3959131545338442,0.9989258861439313,0.03108499289381643
0.39608177172061326,0.9989258861439313,0.031360206070732394
0.39625053259480186,0.9989258861439313,0.031376572501572504
0.39641943734015345,0.9989258861439313,0.031547820316937966
0.39658848614072495,0.9989258861439313,0.03158078958078959
0.3967576791808874,0.9989258861439313,0.03162382625426103
0.3969270166453265,0.9989258861439313,0.03167187877481995
0.39709649871904357,0.9989258861439313,0.03174255836755837
0.39726612558735586,0.9989258861439313,0.031849872349872355
0.3974358974358974,0.9989258861439313,0.03188603988603989
0.39760581445061993,0.9989258861439313,0.03190760084142437
0.397775876817793,0.9989258861439313,0.03208240370740371
0.3979460847240051,0.9989258861439313,0.032284872534872534
0.3981164383561644,0.9989258861439313,0.032307135445680334
0.39828693790149894,0.9989258861439313,0.032338645831292895
0.39845758354755784,0.9989258861439313,0.03237700697994816
0.39862837548221175,0.9989258861439313,0.03241204166204166
0.39879931389365353,0.9989258861439313,0.03247971911129805
0.398970398970399,0.9989258861439313,0.032578407975466794
0.39914163090128757,0.9989258861439313,0.03263202946291181
0.399313009875483,0.9989258861439313,0.032672257481081025
0.39948453608247425,0.9989258861439313,0.032788184310243135
0.39965620971207566,0.9989258861439313,0.03279980667480667
0.3998280309544282,0.9989258861439313,0.032856453731453725
0.4,0.9989258861439313,0.03291493691493691
0.40017211703958694,0.9989258861439313,0.03292729492729494
0.4003443822643134,0.9989258861439313,0.03300751198119619
0.4005167958656331,0.9989258861439313,0.03301610889110889
0.4006893580353296,0.9989258861439313,0.03305994930994931
0.40086206896551724,0.9989258861439313,0.0331104582551951
0.40103492884864167,0.9989258861439313,0.033148132640779704
0.4012079378774806,0.9989258861439313,0.033263652469534825
0.40138109624514456,0.9989258861439313,0.03336006477182948
0.4015544041450777,0.9989258861439313,0.03354107929107929
0.4017278617710583,0.9989258861439313,0.033686137936137936
0.40190146931719967,0.9989258861439313,0.03370069745069745
0.40207522697795073,0.9989258861439313,0.033705900580900575
0.4022491349480969,0.9989258861439313,0.033711815961815966
0.4024231934227607,0.9989258861439313,0.033735218241797184
0.4025974025974026,0.9989258861439313,0.033750163335689656
0.40277176266782155,0.9989258861439313,0.03386513024013025
0.40294627383015597,0.9989258861439313,0.03393971823383588
0.40312093628088425,0.9989258861439313,0.03419934670592566
0.4032957502168257,0.9989258861439313,0.03438654401154402
0.403470715835141,0.9989258861439313,0.034401140526140524
0.4036458333333333,0.9989258861439313,0.03445207679031208
0.40382110290924883,0.9989258861439313,0.03447001147001147
0.40399652476107734,0.9989258861439313,0.03452181152181152
0.4041720990873533,0.9989258861439313,0.03472412455965087
0.4043478260869565,0.9989258861439313,0.03489607614607614
0.40452370595911263,0.9989258861439313,0.03491161616161616
0.4046997389033943,0.9989258861439313,0.035201819966525855
0.40487592511972137,0.9989258861439313,0.035264923558267214
0.40505226480836237,0.9989258861439313,0.035307387601505244
0.40522875816993464,0.9989258861439313,0.03533186720686721
0.40540540540540543,0.9989258861439313,0.03533312415537479
0.40558220671609246,0.9989258861439313,0.035569874254858774
0.40575916230366493,0.9989258861439313,0.03562900062900064
0.40593627237014407,0.9989258861439313,0.03576327838827838
0.40611353711790393,0.9989258861439313,0.0364093760270231
0.40629095674967236,0.9989258861439313,0.03644207644207644
0.40646853146853146,0.9989258861439313,0.03652565952565953
0.40664626147791866,0.9989258861439313,0.03653267005898584
0.4068241469816273,0.9989258861439313,0.03669066608772491
0.40700218818380746,0.9989258861439313,0.0368181771931772
0.4071803852889667,0.9989258861439313,0.03684059921559923
0.4073587385019711,0.9989258861439313,0.036971046497362284
0.4075372480280456,0.9989258861439313,0.037097956781780295
0.4077159140727751,0.9989258861439313,0.037173382173382175
0.40789473684210525,0.9989258861439313,0.037245943870943876
0.40807371654234315,0.9989258861439313,0.037508947680000314
0.40825285338015804,0.9989258861439313,0.03768735918078023
0.40843214756258234,0.9989258861439313,0.03772796103678456
0.4086115992970123,0.9989258861439313,0.038032060260001416
0.4087912087912088,0.9989258861439313,0.038215328502480196
0.40897097625329815,0.9989258861439313,0.03824903321652547
0.409150901891773,0.9989258861439313,0.03830548618048618
0.40933098591549294,0.9989258861439313,0.03842060553825259
0.4095112285336856,0.9989258861439313,0.03859436879483319
0.40969162995594716,0.9989258861439313,0.03867407755643049
0.40987219039224326,0.9989258861439313,0.03885790951967423
0.41005291005291006,0.9989258861439313,0.03890491915491916
0.4102337891486546,0.9989258861439313,0.03910322085322085
0.41041482789055606,0.9989258861439313,0.0391378379600886
0.4105960264900662,0.9989258861439313,0.03914206237232553
0.41033568904593637,0.9978517722878625,0.03917155449220666
0.41051701281484754,0.9978517722878625,0.03920823904337836
0.41069849690539345,0.9978517722878625,0.039274933242425494
0.41088014153029634,0.9978517722878625,0.039481892834834005
0.41106194690265485,0.9978517722878625,0.03977626893803365
0.4112439132359451,0.9978517722878625,0.03993304380804381
0.4114260407440213,0.9978517722878625,0.04003059739824445
0.41160832964111654,0.9978517722878625,0.040409043570808274
0.41179078014184395,0.9978517722878625,0.0405055685055685
0.41197339246119735,0.9978517722878625,0.040761067636067634
0.4121561668145519,0.9978517722878625,0.04100511063011063
0.41233910341766533,0.9978517722878625,0.04101108151108151
0.41252220248667854,0.9978517722878625,0.04106468912351264
0.4127054642381164,0.9978517722878625,0.04110359711095005
0.4128888888888889,0.9978517722878625,0.04113424538424538
0.4130724766562917,0.9978517722878625,0.04125105369670587
0.41325622775800713,0.9978517722878625,0.041506174381174384
0.413440142412105,0.9978517722878625,0.041607313166136695
0.41362422083704364,0.9978517722878625,0.04161609686609686
0.41380846325167037,0.9978517722878625,0.041969327456169554
0.4139928698752228,0.9978517722878625,0.04222326284826284
0.41417744092732944,0.9978517722878625,0.04232929842488666
0.4143621766280107,0.9978517722878625,0.04233471620971621
0.4145470771976796,0.9978517722878625,0.04249975949975949
0.4147321428571429,0.9978517722878625,0.04250105450105449
0.41491737382760163,0.9978517722878625,0.04260727453374513
0.41510277033065235,0.9978517722878625,0.04268396597382665
0.4152883325882879,0.9978517722878625,0.04275726615432496
0.415474060822898,0.9978517722878625,0.04279375254375255
0.4156599552572707,0.9978517722878625,0.04281259481259481
0.41584601611459265,0.9978517722878625,0.04283389514968462
0.41603224361845054,0.9978517722878625,0.04306280048927109
0.41621863799283154,0.9978517722878625,0.0431273745317863
0.4164051994621246,0.9978517722878625,0.04313821826321826
0.41659192825112107,0.9978517722878625,0.043188940688940684
0.4167788245850157,0.9978517722878625,0.04331240273887334
0.41696588868940754,0.9978517722878625,0.04356398666692784
0.41715312079030087,0.9978517722878625,0.04356482300522548
0.417340521114106,0.9978517722878625,0.04375505975505977
0.41752808988764045,0.9978517722878625,0.04399672403619771
0.4177158273381295,0.9978517722878625,0.0442521769166506
0.4179037336932074,0.9978517722878625,0.044312510474275174
0.4180918091809181,0.9978517722878625,0.044602583146700805
0.41828005402971635,0.9978517722878625,0.04460520563887437
0.41846846846846847,0.9978517722878625,0.044941043705749584
0.41865705272645337,0.9978517722878625,0.04506534206534207
0.4188458070333634,0.9978517722878625,0.045653115131056306
0.4190347316193054,0.9978517722878625,0.04581495356495356
0.41922382671480146,0.9978517722878625,0.04581634471766051
0.41941309255079007,0.9978517722878625,0.04592138770815243
0.4196025293586269,0.9978517722878625,0.045992395948278295
0.41979213737008586,0.9978517722878625,0.04602948141183435
0.41998191681735986,0.9978517722878625,0.04603419075477898
0.42017186793306194,0.9978517722878625,0.04606363244598538
0.42036199095022625,0.9978517722878625,0.04617626110273169
0.4205522861023087,0.9978517722878625,0.04643488455988456
0.4207427536231884,0.9978517722878625,0.04659301346801346
0.4209333937471681,0.9978517722878625,0.04660411347911348
0.42112420670897555,0.9978517722878625,0.046776085026085025
0.42131519274376417,0.9978517722878625,0.04682405703458334
0.42150635208711434,0.9978517722878625,0.04686379143732085
0.42169768497503407,0.9978517722878625,0.0468793662764251
0.42188919164396005,0.9978517722878625,0.04692128486981428
0.42208087233075875,0.9978517722878625,0.04704683279683279
0.4222727272727273,0.9978517722878625,0.0476070473357625
0.42246475670759437,0.9978517722878625,0.04784216806585227
0.4226569608735214,0.9978517722878625,0.047875915750915744
0.42284934000910335,0.9978517722878625,0.04799894713130006
0.42304189435336975,0.9978517722878625,0.04802031682914036
0.4232346241457859,0.9978517722878625,0.048140515057697716
0.4234275296262534,0.9978517722878625,0.0481860538698774
0.4236206110351117,0.9978517722878625,0.04820760866813498
0.4238138686131387,0.9978517722878625,0.0485681216931217
0.4240073026015518,0.9978517722878625,0.048603498353498344
0.42420091324200915,0.9978517722878625,0.048659657507954715
0.42439470077661035,0.9978517722878625,0.0486905251181567
0.42458866544789764,0.9978517722878625,0.04870389795389794
0.4247828074988569,0.9978517722878625,0.04941718576973995
0.4249771271729186,0.9978517722878625,0.04958729505788329
0.4251716247139588,0.9978517722878625,0.04961796781649724
0.42536630036630035,0.9978517722878625,0.049622815293867924
0.4255611543747137,0.9978517722878625,0.04969377016745438
0.425756186984418,0.9978517722878625,0.04971987190369543
0.4259513984410821,0.9978517722878625,0.04986143649378943
0.4261467889908257,0.9978517722878625,0.04993150923150923
0.42634235888022026,0.9978517722878625,0.0500757915831445
0.4265381083562902,0.9978517722878625,0.05008613608613608
0.4267340376665136,0.9978517722878625,0.050280200191964886
0.42693014705882354,0.9978517722878625,0.05029542679542679
0.4271264367816092,0.9978517722878625,0.05034009046509046
0.4273229070837167,0.9978517722878625,0.050603539978539974
0.4275195582144501,0.9978517722878625,0.05071826485061779
0.42771639042357273,0.9978517722878625,0.05080051430051429
0.42791340396130817,0.9978517722878625,0.0510749666999667
0.42811059907834104,0.9978517722878625,0.05111198986198986
0.4283079760258183,0.9978517722878625,0.051240163130642995
0.42850553505535055,0.9978517722878625,0.05138677526177526
0.42870327641901246,0.9978517722878625,0.05142174492174492
0.4289012003693444,0.9978517722878625,0.05144626207126205
0.42909930715935335,0.9978517722878625,0.051451141451141456
0.42929759704251386,0.9978517722878625,0.0517250296000296
0.4294960702727693,0.9978517722878625,0.05199338624338624
0.4296947271045328,0.9978517722878625,0.05223527398527397
0.42989356779268856,0.9978517722878625,0.05225107082460024
0.4300925925925926,0.9978517722878625,0.052284211159211155
0.4302918017600741,0.9978517722878625,0.05231957367251486
0.4304911955514365,0.9978517722878625,0.0523677232353703
0.43069077422345853,0.9978517722878625,0.05261232585497292
0.43089053803339517,0.9978517722878625,0.05262988715815477
0.43109048723897914,0.9978517722878625,0.05290501709619356
0.43129062209842156,0.9978517722878625,0.05323059348059349
0.4314909428704134,0.9978517722878625,0.05351134214369509
0.4316914498141264,0.9978517722878625,0.05377021971836212
0.4318921431892143,0.9978517722878625,0.0539638916152074
0.43209302325581395,0.9978517722878625,0.05424738224738225
0.4322940902745463,0.9978517722878625,0.05428384224707754
0.43249534450651766,0.9978517722878625,0.054569028194028195
0.4326967862133209,0.9978517722878625,0.054608423167246706
0.43289841565703635,0.9978517722878625,0.05462213603390074
0.4331002331002331,0.9978517722878625,0.05482537723714195
0.43330223880597013,0.9978517722878625,0.0548602671837966
0.43350443303779745,0.9978517722878625,0.054921717171717184
0.43370681605975725,0.9978517722878625,0.05520004391743522
0.43390938813638485,0.9978517722878625,0.05533543431685846
0.43411214953271027,0.9978517722878625,0.05585356066935014
0.434315100514259,0.9978517722878625,0.056049766481655015
0.4345182413470533,0.9978517722878625,0.05619461556961554
0.4347215722976135,0.9978517722878625,0.05629855678090972
0.4349250936329588,0.9978517722878625,0.056448739985504696
0.4351288056206089,0.9978517722878625,0.056497198407028125
0.4353327085285848,0.9978517722878625,0.0566413246339717
0.4355368026254102,0.9978517722878625,0.0566471273824215
0.4357410881801126,0.9978517722878625,0.05677030839530841
0.4359455654622243,0.9978517722878625,0.05677075829036612
0.43615023474178405,0.9978517722878625,0.05681127206127205
0.4363550962893377,0.9978517722878625,0.056931284401872624
0.43656015037593987,0.9978517722878625,0.057021210720699204
0.43676539727315467,0.9978517722878625,0.05720773453126393
0.4369708372530574,0.9978517722878625,0.0576831670508141
0.4371764705882353,0.9978517722878625,0.05773960459830024
0.4373822975517891,0.9978517722878625,0.05778357916593212
0.437588318417334,0.9978517722878625,0.05801434789678495
0.43779453345900093,0.9978517722878625,0.05825572826153322
0.438000942951438,0.9978517722878625,0.05830177556648144
0.4382075471698113,0.9978517722878625,0.058479333288543815
0.43841434638980653,0.9978517722878625,0.058492130962719185
0.43862134088762983,0.9978517722878625,0.05867219817219818
0.43882853094000945,0.9978517722878625,0.05875347402282387
0.43903591682419657,0.9978517722878625,0.05877051298374828
0.4392434988179669,0.9978517722878625,0.05880220182580865
0.43945127719962157,0.9978517722878625,0.059193319895332275
0.43965925224798863,0.9978517722878625,0.059293569734359224
0.43986742424242425,0.9978517722878625,0.059324296317717386
0.44007579346281384,0.9978517722878625,0.05936673511673511
0.44028436018957345,0.9978517722878625,0.05947063421328127
0.44049312470365104,0.9978517722878625,0.05954999087313329
0.4407020872865275,0.9978517722878625,0.05956236818736818
0.4409112482202183,0.9978517722878625,0.05960127696234507
0.44112060778727447,0.9978517722878625,0.059722700187096474
0.44133016627078386,0.9978517722878625,0.05985660635660634
0.44153992395437264,0.9978517722878625,0.06016127499951028
0.44174988112220637,0.9978517722878625,0.06039190870189322
0.4419600380589914,0.9978517722878625,0.06057980875047439
0.4421703950499762,0.9978517722878625,0.061090686002450705
0.4419047619047619,0.9967776584317938,0.06123359973359971
0.4421152929966651,0.9967776584317938,0.06128071711856542
0.44232602478551003,0.9967776584317938,0.06129045001839118
0.44253695755841677,0.9967776584317938,0.06130097217597214
0.44274809160305345,0.9967776584317938,0.06143011073893427
0.44295942720763726,0.9967776584317938,0.06166085303585305
0.44317096466093603,0.9967776584317938,0.06207600701099153
0.44338270425226944,0.9967776584317938,0.062172269179622104
0.4435946462715105,0.9967776584317938,0.06246549637726107
0.44380679100908654,0.9967776584317938,0.06303627391127391
0.44401913875598087,0.9967776584317938,0.06354673050261286
0.44423168980373384,0.9967776584317938,0.06376664920047272
0.4444444444444444,0.9967776584317938,0.06378323528323529
0.44465740297077144,0.9967776584317938,0.06388955869838224
0.4448705656759348,0.9967776584317938,0.06410463120757237
0.445083932853717,0.9967776584317938,0.06452607066422855
0.44529750479846447,0.9967776584317938,0.06476390121746156
0.4455112818050888,0.9967776584317938,0.0652455044955045
0.4457252641690682,0.9967776584317938,0.06543647991442107
0.4459394521864488,0.9967776584317938,0.06544545051897992
0.4461538461538462,0.9967776584317938,0.06558705156499273
0.44636844636844636,0.9967776584317938,0.0658414846496688
0.4465832531280077,0.9967776584317938,0.06584793148028442
0.4467982667308618,0.9967776584317938,0.06590756465756464
0.44701348747591524,0.9967776584317938,0.06605604118104118
0.4472289156626506,0.9967776584317938,0.06673109162079749
0.4474445515911283,0.9967776584317938,0.06673129209971315
0.44766039556198745,0.9967776584317938,0.06692366865160983
0.44787644787644787,0.9967776584317938,0.06716291262343893
0.44809270883631097,0.9967776584317938,0.06719665492459609
0.44830917874396137,0.9967776584317938,0.0673829370663736
0.4485258579023683,0.9967776584317938,0.06741863234654995
0.44825918762088973,0.9957035445757251,0.0675999546262704
0.44847605224963716,0.9957035445757251,0.06778165353165355
0.44869312681510165,0.9957035445757251,0.06792696557828136
0.448910411622276,0.9957035445757251,0.067982326385594
0.4491279069767442,0.9957035445757251,0.06806714119214119
0.4493456131846825,0.9957035445757251,0.06861329438535324
0.4495635305528613,0.9957035445757251,0.06865396810791546
0.4497816593886463,0.9957035445757251,0.06870215106244515
0.45,0.9957035445757251,0.06870999614420667
0.4502185526954832,0.9957035445757251,0.06897796258322574
0.45043731778425655,0.9957035445757251,0.06900770963928858
0.45065629557608167,0.9957035445757251,0.06903180751710164
0.45087548638132297,0.9957035445757251,0.06907690537876296
0.4510948905109489,0.9957035445757251,0.06934429800219272
0.4513145082765336,0.9957035445757251,0.06954915065441379
0.45153433999025816,0.9957035445757251,0.06957696848215425
0.4517543859649123,0.9957035445757251,0.069825380372981
0.4519746465138957,0.9957035445757251,0.06984134112075288
0.4521951219512195,0.9957035445757251,0.07003614277878983
0.45241581259150804,0.9957035445757251,0.07056296943796941
0.45263671875,0.9957035445757251,0.07065214197567138
0.4528578407425501,0.9957035445757251,0.07090274938339955
0.45330073349633254,0.9957035445757251,0.07113843971932207
0.4535225048923679,0.9957035445757251,0.07139062326562325
0.45374449339207046,0.9957035445757251,0.07148570094622726
0.45396669931439765,0.9957035445757251,0.07162518851391851
0.4541891229789319,0.9957035445757251,0.07174471848813954
0.45441176470588235,0.9957035445757251,0.07178597592376366
0.4546346248160863,0.9957035445757251,0.07186642986642985
0.4548577036310108,0.9957035445757251,0.07193108171784637
0.45508100147275404,0.9957035445757251,0.07245514372681558
0.45530451866404714,0.9957035445757251,0.07260922686131663
0.45552825552825554,0.9957035445757251,0.07280553243053244
0.4557522123893805,0.9957035445757251,0.07289380173203702
0.455976389572061,0.9957035445757251,0.07294399473075944
0.4562007874015748,0.9957035445757251,0.07294560994560993
0.4564254062038405,0.9957035445757251,0.07300637788561129
0.4566502463054187,0.9957035445757251,0.07306396517425927
0.45687530803351406,0.9957035445757251,0.07314709228679817
0.45710059171597633,0.9957035445757251,0.07316534391534392
0.4573260976813024,0.9957035445757251,0.07343661497028368
0.4575518262586377,0.9957035445757251,0.0735634526292421
0.4577777777777778,0.9957035445757251,0.07396726832678845
0.45800395256917,0.9957035445757251,0.07424357559651676
0.45823035096391496,0.9957035445757251,0.07472489962737638
0.45845697329376855,0.9957035445757251,0.07530548754078166
0.458683819891143,0.9957035445757251,0.07553395085593226
0.45891089108910893,0.9957035445757251,0.07566714222596575
0.4591381872213967,0.9957035445757251,0.07619276447952919
0.4593657086223984,0.9957035445757251,0.07627830013124128
0.45982142857142855,0.9957035445757251,0.076381105006105
0.4600496277915633,0.9957035445757251,0.07639338585391214
0.4602780536246276,0.9957035445757251,0.07647688349662034
0.46050670640834573,0.9957035445757251,0.07675899508987741
0.46073558648111335,0.9957035445757251,0.07692623771996838
0.460964694181999,0.9957035445757251,0.0769869113228246
0.46119402985074626,0.9957035445757251,0.07707042467336582
0.46142359382777504,0.9957035445757251,0.07747298022181921
0.46165338645418325,0.9957035445757251,0.07824017839459013
0.4618834080717489,0.9957035445757251,0.07827411814860213
0.4621136590229312,0.9957035445757251,0.07832989938910992
0.46234413965087284,0.9957035445757251,0.07846827246827247
0.4625748502994012,0.9957035445757251,0.0786182465482001
0.46280579131303046,0.9957035445757251,0.07882476587739744
0.463036963036963,0.9957035445757251,0.07917362673085178
0.46326836581709147,0.9957035445757251,0.07996922685157978
0.4635,0.9957035445757251,0.08005018455057156
0.4637318659329665,0.9957035445757251,0.08023000200046236
0.46396396396396394,0.9957035445757251,0.08033993686625268
0.4641962944416625,0.9957035445757251,0.08065528863980875
0.46442885771543085,0.9957035445757251,0.0808087088350246
0.46466165413533833,0.9957035445757251,0.08086295267912917
0.46489468405215645,0.9957035445757251,0.08112177637177635
0.4651279478173608,0.9957035445757251,0.08140515994153762
0.46536144578313254,0.9957035445757251,0.08148341320129243
0.46559517830236063,0.9957035445757251,0.08153443179913768
0.4653266331658292,0.9946294307196563,0.08162693948065466
0.46556058320764204,0.9946294307196563,0.08166119202148613
0.46579476861167,0.9946294307196563,0.08200086460380579
0.46602918973326624,0.9946294307196563,0.08209826910562201
0.4662638469284995,0.9946294307196563,0.08286861243618208
0.4664987405541562,0.9946294307196563,0.08364159437900852
0.46673387096774194,0.9946294307196563,0.0840411870146525
0.4669692385274836,0.9946294307196563,0.08432873088097548
0.467204843592331,0.9946294307196563,0.08443660941455057
0.4674406865219586,0.9946294307196563,0.08481672999629657
0.4676767676767677,0.9946294307196563,0.08486920784504579
0.46791308741788784,0.9946294307196563,0.08536209769762401
0.46814964610717896,0.9946294307196563,0.0859485465514877
0.4683864441072332,0.9946294307196563,0.08595147907647904
0.4686234817813765,0.9946294307196563,0.0861995114735053
0.4688607594936709,0.9946294307196563,0.0862008536126183
0.4690982776089159,0.9946294307196563,0.08627808602073304
0.46933603649265077,0.9946294307196563,0.08637366799866797
0.4695740365111562,0.9946294307196563,0.08654449379023682
0.4698122780314561,0.9946294307196563,0.08654688802482914
0.4700507614213198,0.9946294307196563,0.08665659857571617
0.4702894870492636,0.9946294307196563,0.08670785368131918
0.47052845528455284,0.9946294307196563,0.0868222649290256
0.47076766649720386,0.9946294307196563,0.08716165778665778
0.47100712105798576,0.9946294307196563,0.08738214514530306
0.4712468193384224,0.9946294307196563,0.08738566894124504
0.4714867617107943,0.9946294307196563,0.08763882138959536
0.4717269485481406,0.9946294307196563,0.08776967640202935
0.47196738022426094,0.9946294307196563,0.08827911440411441
0.4722080571137175,0.9946294307196563,0.08845497510745189
0.47244897959183674,0.9946294307196563,0.08903177840677841
0.4726901480347116,0.9946294307196563,0.08922619850909322
0.4729315628192033,0.9946294307196563,0.08956831523596229
0.4731732243229433,0.9946294307196563,0.09010987792450643
0.4734151329243354,0.9946294307196563,0.09069322480351887
0.47365728900255755,0.9946294307196563,0.09131406716778236
0.47389969293756395,0.9946294307196563,0.09132482989719831
0.47414234511008707,0.9946294307196563,0.09160180152091915
0.47438524590163933,0.9946294307196563,0.0916690779321584
0.47462839569451565,0.9946294307196563,0.09167039197186257
0.4748717948717949,0.9946294307196563,0.09200163421603051
0.4751154438173422,0.9946294307196563,0.09239802327302327
0.4753593429158111,0.9946294307196563,0.09242473079895681
0.4756034925526451,0.9946294307196563,0.09255363155363155
0.47584789311408016,0.9946294307196563,0.09255581103336522
0.47609254498714654,0.9946294307196563,0.09267304209951266
0.4763374485596708,0.9946294307196563,0.09270015097466079
0.47658260422027793,0.9946294307196563,0.09298986008544834
0.4768280123583934,0.9946294307196563,0.09328179228179227
0.4770736733642452,0.9946294307196563,0.09339402002366398
0.477319587628866,0.9946294307196563,0.09412432824600009
0.4775657555440949,0.9946294307196563,0.09446910380927408
0.47781217750258,0.9946294307196563,0.09457201050583407
0.4780588538977801,0.9946294307196563,0.09462058312058313
0.47830578512396693,0.9946294307196563,0.0952317766656002
0.4785529715762274,0.9946294307196563,0.09525344823448537
0.4788004136504654,0.9946294307196563,0.09531604278074865
0.47904811174340406,0.9946294307196563,0.0956109307359307
0.47929606625258797,0.9946294307196563,0.09622821556954685
0.4795442775763853,0.9946294307196563,0.09725038169891112
0.47979274611398964,0.9946294307196563,0.09740354771933721
0.4800414722654225,0.9946294307196563,0.09797197056755877
0.4802904564315353,0.9946294307196563,0.09799654267301323
0.4805396990140114,0.9946294307196563,0.09818185163076802
0.48078920041536866,0.9946294307196563,0.09838164862313464
0.48103896103896104,0.9946294307196563,0.0989607206518971
0.4812889812889813,0.9946294307196563,0.09929182174035113
0.48153926157046284,0.9946294307196563,0.0997538975186034
0.481789802289282,0.9946294307196563,0.09994566462948816
0.48204060385216035,0.9946294307196563,0.10009786465397918
0.4822916666666667,0.9946294307196563,0.10049704672244046
0.4825429911412194,0.9946294307196563,0.10055124542353645
0.48279457768508866,0.9946294307196563,0.10058380032993039
0.48304642670839854,0.9946294307196563,0.10073934725405312
0.48329853862212946,0.9946294307196563,0.10118887013972153
0.4835509138381201,0.9946294307196563,0.10173162648897939
0.48380355276907,0.9946294307196563,0.10206684350221502
0.48405645582854157,0.9946294307196563,0.1021506203491497
0.48430962343096234,0.9946294307196563,0.10220488275054838
0.4845630559916274,0.9946294307196563,0.10228575055548737
0.4848167539267016,0.9946294307196563,0.10236005661005658
0.4850707176532216,0.9946294307196563,0.10257131838749486
0.48532494758909855,0.9946294307196563,0.10297522435138533
0.4855794441531201,0.9946294307196563,0.10330661542619747
0.4858342077649528,0.9946294307196563,0.10369373561657182
0.4860892388451444,0.9946294307196563,0.10380293658583131
0.48634453781512604,0.9946294307196563,0.10384890367045094
0.4866001050972149,0.9946294307196563,0.10394557546569931
0.4868559411146162,0.9946294307196563,0.10395000370000365
0.486586007364545,0.9935553168635876,0.10451891761489286
0.4868421052631579,0.9935553168635876,0.10521421687395316
0.48709847288046343,0.9935553168635876,0.10584461725638193
0.48735511064278186,0.9935553168635876,0.10607668692962813
0.48761201897733264,0.9935553168635876,0.1062440945134443
0.4878691983122363,0.9935553168635876,0.10668410755910757
0.48812664907651715,0.9935553168635876,0.10683906223921703
0.4883843717001056,0.9935553168635876,0.10742051494257379
0.4886423666138405,0.9935553168635876,0.1076823107519702
0.48890063424947144,0.9935553168635876,0.10796067603420549
0.48915917503966155,0.9935553168635876,0.10858779335559518
0.4894179894179894,0.9935553168635876,0.10868829890153418
0.4896770778189518,0.9935553168635876,0.1087519026810822
0.4899364406779661,0.9935553168635876,0.10999242782787676
0.49019607843137253,0.9935553168635876,0.11006073828132647
0.49045599151643693,0.9935553168635876,0.11057759560700738
0.4907161803713528,0.9935553168635876,0.11081779483559671
0.49097664543524416,0.9935553168635876,0.11092648698337552
0.49123738714816784,0.9935553168635876,0.11148928814563487
0.4914984059511158,0.9935553168635876,0.11164585560638189
0.49175970228601806,0.9935553168635876,0.11182308622749801
0.4920212765957447,0.9935553168635876,0.11204033840256754
0.49228312932410856,0.9935553168635876,0.11209571345407257
0.4925452609158679,0.9935553168635876,0.11224639875375172
0.4928076718167288,0.9935553168635876,0.11225337466397839
0.49307036247334757,0.9935553168635876,0.11270470730106948
0.49333333333333335,0.9935553168635876,0.11297119628737273
0.4935965848452508,0.9935553168635876,0.11302515624497048
0.4938601174586225,0.9935553168635876,0.11304713699438765
0.49412393162393164,0.9935553168635876,0.1132548146631839
0.4946524064171123,0.9935553168635876,0.1137115103678571
0.49491706795077584,0.9935553168635876,0.11379251848369497
0.49518201284796576,0.9935553168635876,0.11380943511825864
0.49544724156400644,0.9935553168635876,0.11384924584695753
0.4957127545551983,0.9935553168635876,0.11392104293291083
0.4959785522788204,0.9935553168635876,0.11423733559182474
0.49624463519313305,0.9935553168635876,0.11426955148394778
0.49651100375738055,0.9935553168635876,0.11435703348938643
0.4967776584317938,0.9935553168635876,0.11509715352014112
0.4970445996775927,0.9935553168635876,0.11550681273204494
0.49731182795698925,0.9935553168635876,0.11627121435209668
0.4975793437331899,0.9935553168635876,0.11631932177443009
0.49784714747039827,0.9935553168635876,0.11632220837870993
0.498115239633818,0.9935553168635876,0.11703152261395298
0.4983836206896552,0.9935553168635876,0.11731406227071862
0.49865229110512127,0.9935553168635876,0.11735833327033018
0.4989212513484358,0.9935553168635876,0.11792459854959851
0.4991905018888289,0.9935553168635876,0.11794625782477447
0.4994600431965443,0.9935553168635876,0.11886694841106603
0.4997298757428417,0.9935553168635876,0.11894820897404432
0.5,0.9935553168635876,0.11913156829410698
0.5002704164413196,0.9935553168635876,0.11995533767880318
0.5005411255411255,0.9935553168635876,0.12041215332144459
0.5008121277747699,0.9935553168635876,0.1204157153825918
0.5010834236186349,0.9935553168635876,0.12045461470551774
0.5013550135501355,0.9935553168635876,0.12058056534681921
0.5016268980477223,0.9935553168635876,0.1205946151801415
0.5018990775908845,0.9935553168635876,0.12158637445286051
0.502171552660152,0.9935553168635876,0.12187699137795044
0.5024443237370994,0.9935553168635876,0.12195710140679178
0.5027173913043478,0.9935553168635876,0.12259170758435461
0.5029907558455683,0.9935553168635876,0.12267520085979827
0.5027203482045702,0.9924812030075187,0.1230872045966776
0.5029940119760479,0.9924812030075187,0.1233041141435105
0.5027233115468409,0.99140708915145,0.12510420573578468
0.5029972752043597,0.99140708915145,0.1251461827302385
0.5032715376226826,0.99140708915145,0.12521450511859353
0.5035460992907801,0.99140708915145,0.12544104662680514
0.50382096069869,0.99140708915145,0.1258042758468455
0.5040961223375204,0.99140708915145,0.1263429283135165
0.5043715846994535,0.99140708915145,0.12646706875058605
0.5041006014215418,0.9903329752953813,0.126609464980966
0.5043763676148797,0.9903329752953813,0.12663225999719813
0.5046524356869184,0.9903329752953813,0.1266792649072061
0.5049288061336255,0.9903329752953813,0.12699203100247988
0.5052054794520547,0.9903329752953813,0.12700909381869133
0.5054824561403509,0.9903329752953813,0.1276589522784838
0.505759736697751,0.9903329752953813,0.12777370974971594
0.5060373216245884,0.9903329752953813,0.12786859363833047
0.5063152114222954,0.9903329752953813,0.1285720128541336
0.5065934065934066,0.9903329752953813,0.12880706630158104
0.5068719076415613,0.9903329752953813,0.12892700691694498
0.5071507150715071,0.9903329752953813,0.1294216573187161
0.507429829389103,0.9903329752953813,0.1297533284712077
0.5077092511013216,0.9903329752953813,0.1298943182913267
0.5079889807162534,0.9903329752953813,0.13007095528945709
0.5082690187431091,0.9903329752953813,0.13014130276029592
0.5085493656922229,0.9903329752953813,0.13023780780050137
0.5088300220750552,0.9903329752953813,0.1304400371730093
0.5091109884041966,0.9903329752953813,0.13052552521437968
0.5093922651933702,0.9903329752953813,0.13074418844604943
0.5096738529574351,0.9903329752953813,0.13202567736763124
0.5099557522123894,0.9903329752953813,0.13429922386694831
0.5102379634753735,0.9903329752953813,0.13460974576106158
0.5105204872646734,0.9903329752953813,0.13470339192398015
0.510803324099723,0.9903329752953813,0.13496631035192755
0.5110864745011087,0.9903329752953813,0.1351128106642812
0.5113699389905713,0.9903329752953813,0.13534285942528976
0.51165371809101,0.9903329752953813,0.1353582504452069
0.5119378123264853,0.9903329752953813,0.13543846948258717
0.5122222222222222,0.9903329752953813,0.13634239177002333
0.5125069483046136,0.9903329752953813,0.1363808975538852
0.5127919911012235,0.9903329752953813,0.1365825704939482
0.5130773511407902,0.9903329752953813,0.13818474804349418
0.5133630289532294,0.9903329752953813,0.13832256287171146
0.5136490250696378,0.9903329752953813,0.13897066250742718
0.5139353400222966,0.9903329752953813,0.13916117426605046
0.5142219743446738,0.9903329752953813,0.13926260820711628
0.5145089285714286,0.9903329752953813,0.13928095380997857
0.5147962032384142,0.9903329752953813,0.14028675627205042
0.5150837988826815,0.9903329752953813,0.14048433102844865
0.5153717160424819,0.9903329752953813,0.14056892649833827
0.5156599552572707,0.9903329752953813,0.1410324669316963
0.5159485170677113,0.9903329752953813,0.14169722431564538
0.5162374020156775,0.9903329752953813,0.14215143565298363
0.5165266106442578,0.9903329752953813,0.14253602791986592
0.5168161434977578,0.9903329752953813,0.14309701011635986
0.517106001121705,0.9903329752953813,0.14322132333897036
0.5168350168350169,0.9892588614393125,0.14354176184439346
0.5168539325842697,0.9881847475832438,0.1440694711108548
0.5171444631815627,0.9881847475832438,0.14416005788730243
0.5174353205849269,0.9881847475832438,0.1444530458648106
0.5177265053460889,0.9881847475832438,0.14447520505013092
0.5180180180180181,0.9881847475832438,0.1447789725467744
0.5183098591549296,0.9881847475832438,0.1454007782007008
0.5186020293122886,0.9881847475832438,0.14567546532510411
0.5188945290468133,0.9881847475832438,0.14608350304093334
0.5191873589164786,0.9881847475832438,0.14624972907209752
0.5194805194805194,0.9881847475832438,0.1464624677724523
0.519774011299435,0.9881847475832438,0.14655173860628834
0.5200678349349915,0.9881847475832438,0.14695530757798556
0.5203619909502263,0.9881847475832438,0.147460512526689
0.5206564799094511,0.9881847475832438,0.14762072948837657
0.5209513023782559,0.9881847475832438,0.14767470135016803
0.5212464589235127,0.9881847475832438,0.14793034276238617
0.5218377765173,0.9881847475832438,0.14906527012718962
0.5221339387060159,0.9881847475832438,0.14930439087056727
0.5224304372515616,0.9881847475832438,0.14954787585770896
0.5227272727272727,0.9881847475832438,0.14960473622238335
0.5230244457077885,0.9881847475832438,0.14988426404177177
0.5233219567690558,0.9881847475832438,0.149887343865285
0.5236198064883324,0.9881847475832438,0.1510180305752388
0.5242165242165242,0.9881847475832438,0.15124941969794908
0.5245153933865451,0.9881847475832438,0.15128975005329492
0.5248146035367941,0.9881847475832438,0.15254413812308548
0.5251141552511416,0.9881847475832438,0.15258724849282126
0.5254140491147915,0.9881847475832438,0.153522884369112
0.5257142857142857,0.9881847475832438,0.15366719685256838
0.5260148656375071,0.9881847475832438,0.1544161393850114
0.5263157894736842,0.9881847475832438,0.15523239485234708
0.5266170578133944,0.9881847475832438,0.15666692947575303
0.5269186712485682,0.9881847475832438,0.15693632964815157
0.5272206303724928,0.9881847475832438,0.15716697572579927
0.5275229357798165,0.9881847475832438,0.1574516235971345
0.5278255880665519,0.9881847475832438,0.1575078885924155
0.5281285878300803,0.9881847475832438,0.15750844172167702
0.5284319356691557,0.9881847475832438,0.1575166336943494
0.5287356321839081,0.9881847475832438,0.15778608003337105
0.5290396779758482,0.9881847475832438,0.15801180429606018
0.5293440736478712,0.9881847475832438,0.15861120442260798
0.5296488198042603,0.9881847475832438,0.1586121647629926
0.5299539170506913,0.9881847475832438,0.15906813784484067
0.5302593659942363,0.9881847475832438,0.15936239315380188
0.5305651672433679,0.9881847475832438,0.15938163331623084
0.5308713214079631,0.9881847475832438,0.15969091805740415
0.5311778290993071,0.9881847475832438,0.15972113131314322
0.5314846909300982,0.9881847475832438,0.15991256374344617
0.5317919075144508,0.9881847475832438,0.16070134302389655
0.5320994794679005,0.9881847475832438,0.16102531727531716
0.5324074074074074,0.9881847475832438,0.1613638368288557
0.5321366531557614,0.9871106337271751,0.16177056186847213
0.5324449594438007,0.9871106337271751,0.16234442465784166
0.5327536231884058,0.9871106337271751,0.16271329307087826
0.5330626450116009,0.9871106337271751,0.16286508865729826
0.5333720255368544,0.9871106337271751,0.16384381617246066
0.5336817653890824,0.9871106337271751,0.1651666021600233
0.5339918651946542,0.9871106337271751,0.16531330515889342
0.5343023255813953,0.9871106337271751,0.1654194335724151
0.5346131471785922,0.9871106337271751,0.16548596610548083
0.5349243306169965,0.9871106337271751,0.16582131658904103
0.5352358765288293,0.9871106337271751,0.16600830110261058
0.5355477855477856,0.9871106337271751,0.1660239709407667
0.5358600583090379,0.9871106337271751,0.16622367833977736
0.5361726954492415,0.9871106337271751,0.16634209293458527
0.5364856976065382,0.9871106337271751,0.16761741686819087
0.5367990654205608,0.9871106337271751,0.1676617682331046
0.5371127995324372,0.9871106337271751,0.16797242691948575
0.5374269005847954,0.9871106337271751,0.16826394877052772
0.5377413692217671,0.9871106337271751,0.169204601676149
0.538056206088993,0.9871106337271751,0.1692084467533384
0.5383714118336262,0.9871106337271751,0.16956494514544063
0.5386869871043376,0.9871106337271751,0.16965180581086156
0.5390029325513197,0.9871106337271751,0.16966320915353425
0.5393192488262911,0.9871106337271751,0.16970090102249547
0.5396359365825014,0.9871106337271751,0.16997902206725735
0.5399529964747356,0.9871106337271751,0.17000781516957994
0.540270429159318,0.9871106337271751,0.170584675243344
0.5405882352941176,0.9871106337271751,0.17061011221657
0.5409064155385521,0.9871106337271751,0.17072045083113196
0.5412249705535924,0.9871106337271751,0.17092849472471566
0.5415439010017679,0.9871106337271751,0.17104048543612746
0.5418632075471698,0.9871106337271751,0.1716569251039066
0.5421828908554572,0.9871106337271751,0.17297464379657476
0.5425029515938606,0.9871106337271751,0.17378572843465495
0.542232722976964,0.9860365198711063,0.17421549500762723
0.5419621749408984,0.9849624060150376,0.1749064597683019
0.5422826729745712,0.9849624060150376,0.1751230699081857
0.5420118343195266,0.9838882921589689,0.17530462130462132
0.5417406749555951,0.9828141783029001,0.17548293018234468
0.5420616113744076,0.9828141783029001,0.17593578742939367
0.5423829282750444,0.9828141783029001,0.1770828488390408
0.5427046263345195,0.9828141783029001,0.17782506398257178
0.543026706231454,0.9828141783029001,0.17784828206982928
0.5427553444180523,0.9817400644468314,0.17808077749563822
0.5430778371954843,0.9817400644468314,0.178880584284996
0.5434007134363853,0.9817400644468314,0.17951122790751273
0.5437239738251041,0.9817400644468314,0.17974721418645576
0.544047619047619,0.9817400644468314,0.17977792798303627
0.5443716497915426,0.9817400644468314,0.17988105395922738
0.5446960667461264,0.9817400644468314,0.1798871023272357
0.545020870602266,0.9817400644468314,0.1798966034491061
0.545346062052506,0.9817400644468314,0.18108078734704122
0.5456716417910448,0.9817400644468314,0.18108386694145212
0.5459976105137395,0.9817400644468314,0.1818154442242173
0.5463239689181112,0.9817400644468314,0.18198266803142968
0.5460526315789473,0.9806659505907627,0.1828178003340542
0.5463794135248354,0.9806659505907627,0.1828271166541291
0.5467065868263473,0.9806659505907627,0.18367341917341923
0.5470341521869383,0.9806659505907627,0.18383338568821148
0.5473621103117506,0.9806659505907627,0.18407970509595897
0.5476904619076185,0.9806659505907627,0.18422816045610163
0.5480192076830732,0.9806659505907627,0.1845549957295314
0.5483483483483483,0.9806659505907627,0.1845928800445054
0.5486778846153846,0.9806659505907627,0.18496956005299994
0.5490078171978352,0.9806659505907627,0.18545573671541168
0.549338146811071,0.9806659505907627,0.1854710749135301
0.5496688741721855,0.9806659505907627,0.1856229233872423
0.55,0.9806659505907627,0.1874909974070191
0.5503315250150693,0.9806659505907627,0.1880962410673453
0.5506634499396864,0.9806659505907627,0.1884781778535648
0.5513285024154589,0.9806659505907627,0.18866332526644702
0.5516616314199396,0.9806659505907627,0.18871214218535934
0.5519951632406288,0.9806659505907627,0.18883718934269142
0.5523290986085905,0.9806659505907627,0.18907662828937563
0.5526634382566586,0.9806659505907627,0.18919972092103274
0.5529981829194428,0.9806659505907627,0.18949001707786547
0.5533333333333333,0.9806659505907627,0.18952818722671663
0.553668890236507,0.9806659505907627,0.19028309641854535
0.554004854368932,0.9806659505907627,0.19046975741931893
0.554341226472374,0.9806659505907627,0.19092776036313192
0.554678007290401,0.9806659505907627,0.19147796185296187
0.5544072948328268,0.9795918367346939,0.19220687247809004
0.5547445255474452,0.9795918367346939,0.19270839768246886
0.5550821667681071,0.9795918367346939,0.1932221264717396
0.5548112058465287,0.9785177228786252,0.1937069069760549
0.5551492992078001,0.9785177228786252,0.19391628431904706
0.5554878048780488,0.9785177228786252,0.1944777480192856
0.5558267236119585,0.9785177228786252,0.19562082499792824
0.5561660561660562,0.9785177228786252,0.1959079719493302
0.5565058032987171,0.9785177228786252,0.19600301665379416
0.5568459657701712,0.9785177228786252,0.19683582785980916
0.5571865443425077,0.9785177228786252,0.19727837277101987
0.5575275397796817,0.9785177228786252,0.19778199738135455
0.5572565829761176,0.9774436090225563,0.19792063529960846
0.5575980392156863,0.9774436090225563,0.19829120253384963
0.5579399141630901,0.9774436090225563,0.199533325449347
0.558282208588957,0.9774436090225563,0.20047059111339305
0.5586249232658073,0.9774436090225563,0.20057921191009428
0.558968058968059,0.9774436090225563,0.20078479285019524
0.5593116164720344,0.9774436090225563,0.20125201559120998
0.5596555965559655,0.9774436090225563,0.20219685632851275
0.56,0.9774436090225563,0.20280686658891334
0.5603448275862069,0.9774436090225563,0.20282034646353533
0.5606900800985829,0.9774436090225563,0.20294070412868379
0.561035758323058,0.9774436090225563,0.20374899353885423
0.5613818630475016,0.9774436090225563,0.20377834355735158
0.5617283950617284,0.9774436090225563,0.20429099880454368
0.5620753551575046,0.9774436090225563,0.20517696437549365
0.5624227441285538,0.9774436090225563,0.20520879557605562
0.5627705627705628,0.9774436090225563,0.20545216248892723
0.5631188118811881,0.9774436090225563,0.20597497563757497
0.5634674922600619,0.9774436090225563,0.20629539850128084
0.5631970260223048,0.9763694951664876,0.20645264309470457
0.5635461872287663,0.9763694951664876,0.20676444560771182
0.5638957816377171,0.9763694951664876,0.20679255820432293
0.5642458100558659,0.9763694951664876,0.2071207140875905
0.5645962732919255,0.9763694951664876,0.20763537068914645
0.564947172156619,0.9763694951664876,0.20812483481717223
0.5646766169154229,0.9752953813104189,0.20875441407004885
0.5650280024891101,0.9752953813104189,0.20926814120305845
0.5653798256537983,0.9752953813104189,0.20976203250080952
0.5657320872274143,0.9752953813104189,0.2107461196211196
0.5660847880299252,0.9752953813104189,0.21126608833414948
0.5664379288833438,0.9752953813104189,0.2115614849804478
0.5667915106117354,0.9752953813104189,0.21266999597745992
0.5671455340412243,0.9752953813104189,0.21275995459686078
0.5675,0.9752953813104189,0.21309590306207965
0.5678549093183239,0.9752953813104189,0.21361516748358858
0.5682102628285357,0.9752953813104189,0.21486988669225515
0.5679398872886663,0.9742212674543501,0.21491746362798997
0.568295739348371,0.9742212674543501,0.21498447542583704
0.5686520376175549,0.9742212674543501,0.21521558808109836
0.56900878293601,0.9742212674543501,0.2157798240578762
0.5693659761456371,0.9742212674543501,0.21592723029800703
0.5697236180904522,0.9742212674543501,0.21614078999489214
0.5700817096165933,0.9742212674543501,0.21641707633038915
0.570440251572327,0.9742212674543501,0.21779525682386094
0.5707992448080553,0.9742212674543501,0.21863505736609448
0.5711586901763224,0.9742212674543501,0.21943373629867438
0.571518588531821,0.9742212674543501,0.2197998257189434
0.5718789407313998,0.9742212674543501,0.21982075647091137
0.5722397476340694,0.9742212674543501,0.21983651533651538
0.57260101010101,0.9742212674543501,0.22021877808103293
0.572962728995578,0.9742212674543501,0.22169097889840916
0.5733249051833123,0.9742212674543501,0.2216962997312136
0.5736875395319418,0.9742212674543501,0.22258030833688727
0.5740506329113924,0.9742212674543501,0.2232849051016538
0.5744141861937936,0.9742212674543501,0.22350576924222423
0.5747782002534855,0.9742212674543501,0.2240302629240193
0.575142675967026,0.9742212674543501,0.22430627401112435
0.575507614213198,0.9742212674543501,0.22508836044989294
0.5758730158730159,0.9742212674543501,0.22526710011756787
0.5762388818297332,0.9742212674543501,0.22698911190288906
0.5766052129688494,0.9742212674543501,0.22756853001086744
0.5769720101781171,0.9742212674543501,0.22780239541671088
0.5773392743475493,0.9742212674543501,0.22807617648948925
0.5777070063694267,0.9742212674543501,0.22939139340573797
0.5780752071383046,0.9742212674543501,0.2300308006235251
0.5784438775510204,0.9742212674543501,0.23049966006981762
0.5788130185067007,0.9742212674543501,0.23060861514783298
0.5791826309067688,0.9742212674543501,0.23104071004226473
0.579552715654952,0.9742212674543501,0.23122308807463596
0.579923273657289,0.9742212674543501,0.23166306826464986
0.5802943058221369,0.9742212674543501,0.23177208166217458
0.5806658130601793,0.9742212674543501,0.23179070300471238
0.5810377962844331,0.9742212674543501,0.23190299629912975
0.5814102564102565,0.9742212674543501,0.23196905482431787
0.581783194355356,0.9742212674543501,0.23209861472758794
0.5821566110397947,0.9742212674543501,0.23274932453578634
0.5825305073859988,0.9742212674543501,0.23345169137450508
0.5829048843187661,0.9742212674543501,0.23348309320252067
0.5836550836550837,0.9742212674543501,0.23507714117908396
0.5840309079201546,0.9742212674543501,0.23530908482069493
0.5837628865979382,0.9731471535982814,0.23570900057974362
0.5841392649903289,0.9731471535982814,0.23571546204178465
0.584516129032258,0.9731471535982814,0.2358642150190137
0.5848934796642995,0.9731471535982814,0.2360840946219194
0.5852713178294574,0.9731471535982814,0.23830735813320955
0.5856496444731739,0.9731471535982814,0.23843598107259117
0.5860284605433377,0.9731471535982814,0.23846772551556172
0.5864077669902913,0.9731471535982814,0.2390962804968223
0.5867875647668394,0.9731471535982814,0.23933271683883148
0.5871678548282566,0.9731471535982814,0.2396826036027309
0.5875486381322957,0.9731471535982814,0.2397733413817005
0.5879299156391953,0.9731471535982814,0.23991010432922194
0.5883116883116883,0.9731471535982814,0.2399234591317409
0.5884265279583876,0.9720730397422127,0.24132755311847381
0.5888093689004554,0.9720730397422127,0.2414974882458394
0.5891927083333334,0.9720730397422127,0.24166466587248317
0.5889250814332248,0.9709989258861439,0.24183011348529926
0.5893089960886571,0.9709989258861439,0.24338421608839902
0.5896934116112198,0.9709989258861439,0.24349518045880283
0.5900783289817232,0.9709989258861439,0.24353957514793426
0.5904637491835402,0.9709989258861439,0.2435599873123095
0.5901960784313726,0.9699248120300752,0.2438056728958263
0.5905820797907129,0.9699248120300752,0.24597340780134905
0.5909685863874345,0.9699248120300752,0.24613729548172283
0.591743119266055,0.9699248120300752,0.24617689706857168
0.5914754098360656,0.9688506981740065,0.24803808169166885
0.5918635170603674,0.9688506981740065,0.24880752138298576
0.5922521339461589,0.9688506981740065,0.248941939715883
0.5926412614980289,0.9688506981740065,0.2492936077309917
0.5930309007232084,0.9688506981740065,0.24932814117140747
0.593421052631579,0.9688506981740065,0.24938676037634513
0.5938117182356814,0.9688506981740065,0.2494151556819513
0.5942028985507246,0.9688506981740065,0.2495983544939944
0.5939353988134476,0.9677765843179377,0.24989356097405627
0.5943271767810027,0.9677765843179377,0.25136003208178115
0.5947194719471948,0.9677765843179377,0.2522444922264883
0.595112285336856,0.9677765843179377,0.25292215561767317
0.5955056179775281,0.9677765843179377,0.252988336006452
0.5958994708994709,0.9677765843179377,0.25299803518921166
0.5962938451356717,0.9677765843179377,0.25324626757196084
0.5966887417218543,0.9677765843179377,0.25346867639011605
0.5970841616964877,0.9677765843179377,0.2541715899454289
0.596816976127321,0.966702470461869,0.25425338249641655
0.59721300597213,0.966702470461869,0.25425413698352517
0.5976095617529881,0.966702470461869,0.2552930073194778
0.5980066445182725,0.966702470461869,0.2553458307165233
0.5977393617021277,0.9656283566058003,0.255417969486081
0.5981370592149036,0.9656283566058003,0.2559562273531349
0.5985352862849534,0.9656283566058003,0.2562965264010155
0.5989340439706862,0.9656283566058003,0.2566233842861049
0.5993333333333334,0.9656283566058003,0.2566341348572806
0.5997331554369579,0.9656283566058003,0.2566612117134597
0.6001335113484646,0.9656283566058003,0.25723008902575456
0.6005344021376086,0.9656283566058003,0.26121167775539383
0.6002673796791443,0.9645542427497314,0.26193908354587647
0.6,0.9634801288936627,0.26193914005073343
0.6004016064257028,0.9634801288936627,0.2632903904330915
0.6001339584728734,0.9624060150375939,0.2640022527339381
0.6005361930294906,0.9624060150375939,0.26478075393818423
0.6009389671361502,0.9624060150375939,0.26485772957406095
0.6013422818791946,0.9624060150375939,0.2648764111711513
0.6017461383478845,0.9624060150375939,0.26488161344159794
0.6021505376344086,0.9624060150375939,0.2650247175043357
0.6025554808338938,0.9624060150375939,0.26510785756634797
0.6029609690444145,0.9624060150375939,0.2652791481957219
0.6033670033670033,0.9624060150375939,0.26642482737993584
0.6037735849056604,0.9624060150375939,0.266492459778198
0.6041807147673635,0.9624060150375939,0.2681271198844729
0.6045883940620783,0.9624060150375939,0.2685545393938325
0.6043214044564483,0.9613319011815252,0.2701567565418185
0.6047297297297297,0.9613319011815252,0.2708875476375477
0.6051386071670047,0.9613319011815252,0.2719390134289516
0.6055480378890392,0.9613319011815252,0.27254211240828896
0.6052809749492214,0.9602577873254565,0.2732874790172295
0.6056910569105691,0.9602577873254565,0.2754013619367973
0.6054237288135593,0.9591836734693877,0.27562712941276674
0.6058344640434192,0.9591836734693877,0.2762071677935692
0.606245756958588,0.9591836734693877,0.27860504490922455
0.6066576086956522,0.9591836734693877,0.278806236224793
0.6070700203942896,0.9591836734693877,0.27974735768822795
0.6074829931972789,0.9591836734693877,0.27987659834718653
0.6078965282505105,0.9591836734693877,0.2803190423226321
0.6083106267029973,0.9591836734693877,0.28175125772919873
0.6080436264485344,0.958109559613319,0.28272744079297224
0.6084583901773534,0.958109559613319,0.28273543689139674
0.6088737201365187,0.958109559613319,0.28288879989406307
0.6092896174863388,0.958109559613319,0.28313693367176335
0.6097060833902939,0.958109559613319,0.2837318201332975
0.6101231190150479,0.958109559613319,0.28383268446803245
0.6105407255304586,0.958109559613319,0.2840499345941298
0.6109589041095891,0.958109559613319,0.2843587947999714
0.6113776559287183,0.958109559613319,0.2843747604933667
0.6117969821673526,0.958109559613319,0.2847226206233206
0.6122168840082362,0.958109559613319,0.2849902871864778
0.6126373626373627,0.958109559613319,0.2850097248382852
0.6130584192439863,0.958109559613319,0.28549501130133903
0.6134800550206327,0.958109559613319,0.2855575646883193
0.6139022711631108,0.958109559613319,0.286507727748339
0.6143250688705234,0.958109559613319,0.28682779684565474
0.6147484493452792,0.958109559613319,0.28719328208472134
0.6151724137931035,0.958109559613319,0.2893130809678798
0.6155969634230504,0.958109559613319,0.28948473839392536
0.6160220994475138,0.958109559613319,0.2896545604998907
0.6164478230822391,0.958109559613319,0.2903407967668187
0.6168741355463347,0.958109559613319,0.2924617792836428
0.6173010380622838,0.958109559613319,0.29248777715519203
0.6177285318559557,0.958109559613319,0.29482483535747217
0.6174636174636174,0.9570354457572503,0.2956120810476073
0.6178918169209431,0.9570354457572503,0.29571123751578504
0.6183206106870229,0.9570354457572503,0.29726519725034006
0.6180555555555556,0.9559613319011815,0.29880612523298283
0.6184850590687978,0.9559613319011815,0.3007737175634774
0.6189151599443672,0.9559613319011815,0.3008542850768083
0.6193458594293667,0.9559613319011815,0.30093013228887844
0.6197771587743732,0.9559613319011815,0.30184807012272036
0.6202090592334495,0.9559613319011815,0.30188613419878046
0.6199442119944212,0.9548872180451128,0.3022674234190252
0.6203768318213538,0.9548872180451128,0.30246551590824033
0.6208100558659218,0.9548872180451128,0.3044666129185805
0.6212438853948288,0.9548872180451128,0.30455925552626
0.6216783216783217,0.9548872180451128,0.30511582998649284
0.622113365990203,0.9548872180451128,0.30693797369628567
0.6225490196078431,0.9548872180451128,0.3070698661904544
0.6229852838121934,0.9548872180451128,0.30714371776600874
0.623422159887798,0.9548872180451128,0.30795059733855334
0.623859649122807,0.9548872180451128,0.308656664786309
0.6242977528089888,0.9548872180451128,0.30886375439183683
0.6247364722417428,0.9548872180451128,0.30967413647870323
0.6251758087201125,0.9548872180451128,0.3104306169599781
0.625615763546798,0.9548872180451128,0.31077554793847356
0.6260563380281691,0.9548872180451128,0.31146209498031185
0.6264975334742776,0.9548872180451128,0.31149300700496
0.6269393511988717,0.9548872180451128,0.3121759305079737
0.6273817925194072,0.9548872180451128,0.31269711632536706
0.6278248587570622,0.9548872180451128,0.3142258993042274
0.6282685512367491,0.9548872180451128,0.31453680030553083
0.6287128712871287,0.9548872180451128,0.3150992245296021
0.6291578202406228,0.9548872180451128,0.31522517490822444
0.6296033994334278,0.9548872180451128,0.31540311297562607
0.630049610205528,0.9548872180451128,0.31678398812217623
0.6304964539007092,0.9548872180451128,0.3170282558640514
0.630943931866572,0.9548872180451128,0.31704741835379546
0.6313920454545454,0.9548872180451128,0.3175692160293554
0.6311300639658849,0.9538131041890441,0.31766631555292546
0.631578947368421,0.9538131041890441,0.3188642793886938
0.6320284697508897,0.9538131041890441,0.31912114350089416
0.6324786324786325,0.9538131041890441,0.3193680360379614
0.6329294369208838,0.9538131041890441,0.3195940683699971
0.6333808844507846,0.9538131041890441,0.3201088130271408
0.6338329764453962,0.9538131041890441,0.32033863523530703
0.6342857142857142,0.9538131041890441,0.32187238825559256
0.6347390993566834,0.9538131041890441,0.322068428958034
0.6351931330472103,0.9538131041890441,0.32327192058202275
0.635647816750179,0.9538131041890441,0.32411795802548277
0.6361031518624641,0.9538131041890441,0.3267221857806222
0.63584229390681,0.9527389903329753,0.3275277665986184
0.6362984218077475,0.9527389903329753,0.32840909240323685
0.6360373295046662,0.9516648764769066,0.32902681369908116
0.6364942528735632,0.9516648764769066,0.32905926383682454
0.6369518332135155,0.9516648764769066,0.33003640283864744
0.637410071942446,0.9516648764769066,0.3308826444968861
0.6371490280777538,0.9505907626208379,0.3309212076479878
0.6376080691642652,0.9505907626208379,0.33105774199103705
0.6380677721701514,0.9505907626208379,0.33133968078704934
0.6385281385281385,0.9505907626208379,0.3337244164933795
0.6389891696750902,0.9505907626208379,0.3358049996957421
0.638728323699422,0.949516648764769,0.3359221106793628
0.6391901663051338,0.949516648764769,0.3362646649988212
0.6396526772793053,0.949516648764769,0.33630756944007717
0.6401158580738595,0.949516648764769,0.3363502817048045
0.6405797101449275,0.949516648764769,0.3364036792125331
0.6410442349528644,0.949516648764769,0.3369223816495993
0.6415094339622641,0.949516648764769,0.3376695683172462
0.6419753086419753,0.949516648764769,0.3377118275227712
0.6424418604651163,0.949516648764769,0.33802565009448515
0.6429090909090909,0.949516648764769,0.3387952392329887
0.6433770014556041,0.949516648764769,0.339326981240294
0.6438455935906774,0.949516648764769,0.3399911181382545
0.6443148688046647,0.949516648764769,0.34118571432642986
0.6447848285922684,0.949516648764769,0.3449027852522435
0.6445255474452555,0.9484425349087003,0.34549396375748526
0.6447368421052632,0.9473684210526315,0.34671826806365424
0.6452084857351865,0.9473684210526315,0.3483847092362875
0.6456808199121523,0.9473684210526315,0.351953798327766
0.6454212454212455,0.9462943071965628,0.3521524670725941
0.6458944281524927,0.9462943071965628,0.3522364591238765
0.6463683052090976,0.9462943071965628,0.35250454610636667
0.6468428781204112,0.9462943071965628,0.3527403974664104
0.6473181484202792,0.9462943071965628,0.3538290885470453
0.6477941176470589,0.9462943071965628,0.3539961861810933
0.6475349521707138,0.9452201933404941,0.3543974339838911
0.6480117820324006,0.9452201933404941,0.35484810912914627
0.6484893146647015,0.9452201933404941,0.3556924914946856
0.6489675516224189,0.9452201933404941,0.35660905661532594
0.6494464944649446,0.9452201933404941,0.3567083134606096
0.6499261447562777,0.9452201933404941,0.3572031450518292
0.6504065040650406,0.9452201933404941,0.3573264344027571
0.650887573964497,0.9452201933404941,0.3584752060899737
0.6513693560325685,0.9452201933404941,0.3587922425871341
0.6518518518518519,0.9452201933404941,0.360032921463546
0.6523350630096367,0.9452201933404941,0.3601615693892414
0.6520771513353115,0.9441460794844253,0.36020492099197193
0.6525612472160356,0.9441460794844253,0.36025172370106073
0.6530460624071323,0.9441460794844253,0.36044247663353535
0.6535315985130111,0.9441460794844253,0.36046811434466214
0.6540178571428571,0.9441460794844253,0.3604837498485867
0.6545048399106478,0.9441460794844253,0.360800739376436
0.6549925484351714,0.9441460794844253,0.36089586861292317
0.6547352721849367,0.9430719656283566,0.3612151662884377
0.655223880597015,0.9430719656283566,0.3614618507965861
0.655713218820015,0.9430719656283566,0.3624303427539816
0.656203288490284,0.9430719656283566,0.36264377347512045
0.655946148092745,0.9419978517722879,0.362664957380131
0.656437125748503,0.9419978517722879,0.36615966273435324
0.6569288389513108,0.9419978517722879,0.36764336715529644
0.6574212893553223,0.9419978517722879,0.3688863573599127
0.6579144786196549,0.9419978517722879,0.3690547627931563
0.6584084084084084,0.9419978517722879,0.3696242206938801
0.6589030803906837,0.9419978517722879,0.3707236496781127
0.6593984962406015,0.9419978517722879,0.3718556312968077
0.6598946576373212,0.9419978517722879,0.37269606522934695
0.6603915662650602,0.9419978517722879,0.37296603284455265
0.6608892238131123,0.9419978517722879,0.373078298789498
0.6613876319758673,0.9419978517722879,0.3733944750775513
0.6618867924528302,0.9419978517722879,0.3736580845502939
0.6623867069486404,0.9419978517722879,0.3738256144726734
0.6621315192743764,0.9409237379162191,0.3740954520059043
0.6626323751891074,0.9409237379162191,0.3749486699715161
0.6631339894019682,0.9409237379162191,0.3756560600811172
0.6636363636363637,0.9409237379162191,0.375954315202902
0.6641394996209249,0.9409237379162191,0.37723726363935345
0.6646433990895296,0.9409237379162191,0.37728996249397057
0.6651480637813212,0.9409237379162191,0.37764334468707517
0.6653992395437263,0.9398496240601504,0.3784703978804631
0.6659056316590564,0.9398496240601504,0.37946323877074656
0.6664127951256664,0.9398496240601504,0.3811467590449117
0.666920731707317,0.9398496240601504,0.3816119052926588
0.6674294431731502,0.9398496240601504,0.3818893930106576
0.667175572519084,0.9387755102040817,0.38300251568750004
0.6676852559205501,0.9387755102040817,0.383013923823269
0.6681957186544343,0.9387755102040817,0.38364153980619514
0.6687069625095639,0.9387755102040817,0.3836557351566438
0.669218989280245,0.9387755102040817,0.384368623639912
0.6697318007662836,0.9387755102040817,0.38535936350396244
0.6702453987730062,0.9387755102040817,0.3856396004093374
0.6699923254029163,0.9377013963480129,0.3856629590453117
0.6705069124423964,0.9377013963480129,0.3865420256458005
0.671022290545734,0.9377013963480129,0.38657405106360176
0.6707692307692308,0.9366272824919442,0.39027894180852307
0.6712856043110085,0.9366272824919442,0.39041700204518226
0.6718027734976888,0.9366272824919442,0.3921198027266419
0.6723207401696222,0.9366272824919442,0.3922111322125625
0.6728395061728395,0.9366272824919442,0.3932941030131433
0.6733590733590734,0.9366272824919442,0.3934090571855918
0.6738794435857806,0.9366272824919442,0.39346153569861364
0.674400618716164,0.9366272824919442,0.3960288451228855
0.6749226006191951,0.9366272824919442,0.396298998034864
0.6746707978311387,0.9355531686358755,0.3966987880574752
0.6751937984496124,0.9355531686358755,0.39751981125805014
0.6749418153607447,0.9344790547798066,0.3975353347087396
0.6754658385093167,0.9344790547798066,0.3977510025473133
0.675990675990676,0.9344790547798066,0.3978854774374156
0.6757387247278382,0.9334049409237379,0.39965449383063706
0.6762645914396888,0.9334049409237379,0.39991719821186766
0.67601246105919,0.9323308270676691,0.39999770118406525
0.676539360872954,0.9323308270676691,0.40012497235727373
0.6770670826833073,0.9323308270676691,0.4002138497926332
0.6768149882903981,0.9312567132116004,0.40057449909400733
0.67734375,0.9312567132116004,0.40113843860244774
0.6778733385457388,0.9312567132116004,0.4016801921431246
0.6784037558685446,0.9312567132116004,0.4020600443399216
0.6789350039154268,0.9312567132116004,0.40255988047962066
0.6794670846394985,0.9312567132116004,0.4032570386686781
0.68,0.9312567132116004,0.4036205581819157
0.6805337519623234,0.9312567132116004,0.4039323435708884
0.6810683424980362,0.9312567132116004,0.4056343251892016
0.6808176100628931,0.9301825993555317,0.40722507988613793
0.6813532651455547,0.9301825993555317,0.40855421332119096
0.6818897637795276,0.9301825993555317,0.4089900610311602
0.6824271079590228,0.9301825993555317,0.40999018506346196
0.6829652996845426,0.9301825993555317,0.41050134396047716
0.6835043409629045,0.9301825993555317,0.4107123062695817
0.684044233807267,0.9301825993555317,0.4112919255293396
0.6845849802371542,0.9301825993555317,0.4116688512903717
0.685126582278481,0.9301825993555317,0.4122299552086076
0.6848772763262074,0.9291084854994629,0.4124933701346239
0.6854199683042789,0.9291084854994629,0.41254483542279097
0.6859635210150674,0.9291084854994629,0.41343919699952913
0.6865079365079365,0.9291084854994629,0.4146758024552983
0.687053216838761,0.9291084854994629,0.4148181194948593
0.6875993640699523,0.9291084854994629,0.41585842281051955
0.6881463802704852,0.9291084854994629,0.41594527399122533
0.6878980891719745,0.9280343716433942,0.4162631012491692
0.6876494023904383,0.9269602577873255,0.4166413228799064
0.6881977671451356,0.9269602577873255,0.41665929645129396
0.6887470071827614,0.9269602577873255,0.4173786492357297
0.689297124600639,0.9269602577873255,0.41854154125364923
0.6898481215027977,0.9269602577873255,0.41863561525130594
0.6904,0.9269602577873255,0.41970585836899155
0.6909527622097679,0.9269602577873255,0.42026312408781447
0.6907051282051282,0.9258861439312567,0.4246839558551377
0.6912590216519647,0.9258861439312567,0.42528480872412755
0.6918138041733547,0.9258861439312567,0.42638270718502924
0.6923694779116466,0.9258861439312567,0.4265763686985676
0.6921221864951769,0.924812030075188,0.42820003931534056
0.6926790024135157,0.924812030075188,0.4297854097513124
0.6932367149758454,0.924812030075188,0.42993475606386267
0.693795326349718,0.924812030075188,0.43020711470033374
0.6943548387096774,0.924812030075188,0.43021434818764526
0.6949152542372882,0.924812030075188,0.4302671115104316
0.6946688206785138,0.9237379162191193,0.4311190042539481
0.6952303961196443,0.9237379162191193,0.43333781221358625
0.6949838187702265,0.9226638023630505,0.4337644375748091
0.6955465587044535,0.9226638023630505,0.43411969459660316
0.6961102106969206,0.9226638023630505,0.43455956998901335
0.6966747769667477,0.9226638023630505,0.43458814318188077
0.6972402597402597,0.9226638023630505,0.43536827497598884
0.6978066612510154,0.9226638023630505,0.4359538798267933
0.6983739837398374,0.9226638023630505,0.43702678914428456
0.6989422294548413,0.9226638023630505,0.4376775243017502
0.6995114006514658,0.9226638023630505,0.4392775561075131
0.700081499592502,0.9226638023630505,0.43984358955943603
0.700652528548124,0.9226638023630505,0.44048002841509704
0.7012244897959183,0.9226638023630505,0.4418637464902946
0.7009803921568627,0.9215896885069818,0.4420619187270655
0.7015535568274734,0.9215896885069818,0.442281941590563
0.7021276595744681,0.9215896885069818,0.4426708307315895
0.7018837018837019,0.920515574650913,0.4431017571329524
0.7024590163934427,0.920515574650913,0.44389169068220097
0.7030352748154225,0.920515574650913,0.443950776922791
0.7036124794745484,0.920515574650913,0.44753799591697696
0.7041906327033689,0.920515574650913,0.447768117305437
0.7047697368421053,0.920515574650913,0.4483759882179959
0.7053497942386832,0.920515574650913,0.4484549022614813
0.7059308072487644,0.920515574650913,0.44922736459366036
0.7065127782357791,0.920515574650913,0.449506459624864
0.7070957095709571,0.920515574650913,0.45165608356477566
0.7076796036333609,0.920515574650913,0.4516616830308783
0.7082644628099174,0.920515574650913,0.45198960252704024
0.7080231596360629,0.9194414607948442,0.45241962188425
0.7086092715231788,0.9194414607948442,0.45328319836911163
0.7083678541839271,0.9183673469387755,0.4540909263665997
0.7089552238805971,0.9183673469387755,0.454170570471267
0.7095435684647303,0.9183673469387755,0.4541998353813371
0.7101328903654485,0.9183673469387755,0.45441139823281756
0.7107231920199502,0.9183673469387755,0.45564841997697625
0.7113144758735441,0.9183673469387755,0.45578760372318383
0.7119067443796836,0.9183673469387755,0.45610912329296355
0.7125,0.9183673469387755,0.45623953460506916
0.713094245204337,0.9183673469387755,0.45650846139572054
0.7136894824707847,0.9183673469387755,0.45759765861484775
0.7142857142857143,0.9183673469387755,0.4581547562106131
0.7148829431438127,0.9183673469387755,0.4582002033789285
0.7146443514644352,0.9172932330827067,0.45854383288709905
0.7144053601340034,0.916219119226638,0.45901830194254484
0.7150041911148366,0.916219119226638,0.4594104876485343
0.7156040268456376,0.916219119226638,0.46016467445012654
0.7162048698572628,0.916219119226638,0.46071850055776215
0.7168067226890756,0.916219119226638,0.4612764069544219
0.7165685449957948,0.9151450053705693,0.46162336303880674
0.7171717171717171,0.9151450053705693,0.46275324641324517
0.7177759056444819,0.9151450053705693,0.46383300451411924
0.718381112984823,0.9151450053705693,0.4650785786252503
0.7181434599156118,0.9140708915145005,0.46635486543613475
0.71875,0.9140708915145005,0.46794696640042666
0.7193575655114116,0.9140708915145005,0.469016711401981
0.7191201353637902,0.9129967776584318,0.46942237214615146
0.7197290431837426,0.9129967776584318,0.46956868690367465
0.7194915254237289,0.9119226638023631,0.4705459778165729
0.7201017811704835,0.9119226638023631,0.4715214437480097
0.7207130730050934,0.9119226638023631,0.4717848851565185
0.7213254035683943,0.9119226638023631,0.473412524391082
0.7219387755102041,0.9119226638023631,0.4736180534684604
0.7225531914893617,0.9119226638023631,0.4738476063983028
0.7231686541737649,0.9119226638023631,0.4740345437449187
0.7237851662404092,0.9119226638023631,0.474653751605155
0.7244027303754266,0.9119226638023631,0.4758906591685627
0.7250213492741246,0.9119226638023631,0.4761258594346831
0.7256410256410256,0.9119226638023631,0.4766834934943359
0.7262617621899059,0.9119226638023631,0.47721901072272904
0.7268835616438356,0.9119226638023631,0.477230531947923
0.7275064267352185,0.9119226638023631,0.4796597319861553
0.7281303602058319,0.9119226638023631,0.4811335045440443
0.728755364806867,0.9119226638023631,0.48316270770628694
0.729381443298969,0.9119226638023631,0.48336305099310967
0.7291487532244196,0.9108485499462943,0.48460216699004216
0.7289156626506024,0.9097744360902256,0.48476601055388585
0.7295434969853575,0.9097744360902256,0.4852541042495656
0.7301724137931035,0.9097744360902256,0.4868947825050767
0.730802415875755,0.9097744360902256,0.4880473448588252
0.731433506044905,0.9097744360902256,0.4889749396658839
0.7320656871218669,0.9097744360902256,0.48987594448541966
0.7326989619377162,0.9097744360902256,0.4902500244677581
0.7333333333333333,0.9097744360902256,0.4903391934962132
0.733102253032929,0.9087003222341569,0.4912231694152006
0.7337380745880312,0.9087003222341569,0.4931972831537058
0.734375,0.9087003222341569,0.49533286770537416
0.73501303214596,0.9087003222341569,0.4960662385614468
0.7347826086956522,0.907626208378088,0.4961133150076813
0.7354221061792864,0.907626208378088,0.4971456353854383
0.7360627177700348,0.907626208378088,0.49732277142871906
0.7367044463818657,0.907626208378088,0.49756537236625065
0.7373472949389179,0.907626208378088,0.49777696801535803
0.7379912663755459,0.907626208378088,0.4983760648548642
0.7386363636363636,0.907626208378088,0.49867413167539715
0.7392825896762905,0.907626208378088,0.4992909255633713
0.7399299474605955,0.907626208378088,0.500247517162795
0.7397020157756354,0.9065520945220193,0.5007924482796919
0.7394736842105263,0.9054779806659506,0.502094796972893
0.7401229148375769,0.9054779806659506,0.5033980311894238
0.7407732864674869,0.9054779806659506,0.5038341330177375
0.741424802110818,0.9054779806659506,0.5043683035054556
0.7420774647887324,0.9054779806659506,0.50500612354659
0.7418502202643171,0.9044038668098818,0.5066022356743178
0.7425044091710759,0.9044038668098818,0.506980277513345
0.7422771403353927,0.9033297529538131,0.5080300454202221
0.7420494699646644,0.9022556390977443,0.5095385042522373
0.7427055702917772,0.9022556390977443,0.5100219861551133
0.7433628318584071,0.9022556390977443,0.5119622317386708
0.7431355181576617,0.9011815252416756,0.5133001152115274
0.7437943262411347,0.9011815252416756,0.513521675660272
0.743566992014197,0.9001074113856069,0.5135983013712911
0.7442273534635879,0.9001074113856069,0.5141846899330408
0.7448888888888889,0.9001074113856069,0.5141893548510803
0.744661921708185,0.8990332975295381,0.5144127077517754
0.7453250222617988,0.8990332975295381,0.5147025700832574
0.7450980392156863,0.8979591836734694,0.5152459161104155
0.7457627118644068,0.8979591836734694,0.515948622770825
0.7455357142857143,0.8968850698174007,0.5168014139862471
0.7462019660411081,0.8968850698174007,0.5169096009505829
0.7468694096601073,0.8968850698174007,0.5174131745852617
0.747538048343778,0.8968850698174007,0.5179779600176524
0.7473118279569892,0.8958109559613319,0.5180547470727062
0.747982062780269,0.8958109559613319,0.5188908579100561
0.7477558348294434,0.8947368421052632,0.5214181994932658
0.7484276729559748,0.8947368421052632,0.5214982662239122
0.7491007194244604,0.8947368421052632,0.5215318096611182
0.7497749774977498,0.8947368421052632,0.5215539541783651
0.7495495495495496,0.8936627282491945,0.5217444897744703
0.7502254283137962,0.8936627282491945,0.5242272880215176
0.7509025270758123,0.8936627282491945,0.5242676594185655
0.7515808491418248,0.8936627282491945,0.5250270683774813
0.7522603978300181,0.8936627282491945,0.5261282737215456
0.7529411764705882,0.8936627282491945,0.5275959328134328
0.7527173913043478,0.8925886143931256,0.5277183767949042
0.7533998186763372,0.8925886143931256,0.5278525087749579
0.7531760435571688,0.8915145005370569,0.528116125274794
0.7538601271571299,0.8915145005370569,0.5282457021542194
0.7536363636363637,0.8904403866809882,0.5287635676863328
0.7534121929026387,0.8893662728249194,0.528987646818922
0.7540983606557377,0.8893662728249194,0.5292009317794919
0.7547857793983591,0.8893662728249194,0.5299086854264874
0.7554744525547445,0.8893662728249194,0.5301563036894305
0.7552511415525114,0.8882921589688507,0.5324143383133321
0.7559414990859232,0.8882921589688507,0.5338596467713947
0.7566331198536139,0.8882921589688507,0.5352784331133535
0.7564102564102564,0.8872180451127819,0.5370961502948088
0.7571035747021082,0.8872180451127819,0.537197708609473
0.7568807339449541,0.8861439312567132,0.5373625386251073
0.7566574839302111,0.8850698174006445,0.5375598171679895
0.7573529411764706,0.8850698174006445,0.5382803573138749
0.7580496780128795,0.8850698174006445,0.5387027316944533
0.7578268876611418,0.8839957035445757,0.5388376538256368
0.7576036866359447,0.882921589688507,0.5392371300276241
0.7583025830258303,0.882921589688507,0.5412838773968635
0.7590027700831025,0.882921589688507,0.5416502964699559
0.7597042513863216,0.882921589688507,0.5418086801073685
0.759481961147086,0.8818474758324383,0.5422708627515129
0.7601851851851852,0.8818474758324383,0.5434609408193001
0.7599629286376274,0.8807733619763695,0.5439818412823804
0.7606679035250464,0.8807733619763695,0.544064199290632
0.7613741875580315,0.8807733619763695,0.5444379839665475
0.7620817843866171,0.8807733619763695,0.5445008935300998
0.761860465116279,0.8796992481203008,0.5448529514007879
0.7625698324022346,0.8796992481203008,0.5452172295368889
0.7632805219012115,0.8796992481203008,0.5453646885089205
0.7639925373134329,0.8796992481203008,0.5462262853286913
0.7647058823529411,0.8796992481203008,0.5463155672728731
0.7654205607476635,0.8796992481203008,0.5474976195819807
0.7661365762394762,0.8796992481203008,0.5486945315675201
0.7659176029962547,0.878625134264232,0.5489058282045898
0.7656982193064668,0.8775510204081632,0.5494860698311756
0.7654784240150094,0.8764769065520945,0.549901151814207
0.7661971830985915,0.8764769065520945,0.5502895483420822
0.7669172932330827,0.8764769065520945,0.5507044292385365
0.768361581920904,0.8764769065520945,0.5509554520441048
0.7690857681432611,0.8764769065520945,0.5521210305350263
0.7688679245283019,0.8754027926960258,0.5525011192231036
0.7695939565627951,0.8754027926960258,0.5526984483773135
0.7703213610586012,0.8754027926960258,0.5527973793609826
0.771050141911069,0.8754027926960258,0.5528297145627438
0.771780303030303,0.8754027926960258,0.5530231363198649
0.7725118483412322,0.8754027926960258,0.5539082313446658
0.7732447817836812,0.8754027926960258,0.5543477174809656
0.7739791073124407,0.8754027926960258,0.5544578785559459
0.7737642585551331,0.874328678839957,0.5551429319518868
0.7735490009514748,0.8732545649838883,0.5557543664106903
0.7733333333333333,0.8721804511278195,0.5558615827883461
0.7740705433746425,0.8721804511278195,0.5559929488792882
0.7748091603053435,0.8721804511278195,0.5560169547928127
0.775549188156638,0.8721804511278195,0.5561903919673302
0.7762906309751434,0.8721804511278195,0.5566250726944113
0.7770334928229665,0.8721804511278195,0.5600654959302623
0.7777777777777778,0.8721804511278195,0.5609732674085212
0.7785234899328859,0.8721804511278195,0.5612478889434817
0.7783109404990403,0.8711063372717508,0.5618293767642096
0.7780979827089337,0.8700322234156821,0.561939270921783
0.7788461538461539,0.8700322234156821,0.5634576223469178
0.7795957651588066,0.8700322234156821,0.5639401483210824
0.7803468208092486,0.8700322234156821,0.5643007476284179
0.781099324975892,0.8700322234156821,0.5646221889162123
0.7818532818532818,0.8700322234156821,0.5648582335047029
0.782608695652174,0.8700322234156821,0.5651045240956031
0.7823984526112185,0.8689581095596133,0.5653632277456089
0.782187802516941,0.8678839957035446,0.5658178430390669
0.7819767441860465,0.8668098818474759,0.5660561790056392
0.7817652764306499,0.8657357679914071,0.5661809757268599
0.7825242718446602,0.8657357679914071,0.5675828518635656
0.783284742468416,0.8657357679914071,0.5699908169757193
0.7840466926070039,0.8657357679914071,0.5703809588163639
0.7838364167478091,0.8646616541353384,0.571274860907577
0.783625730994152,0.8635875402792696,0.5713219594303188
0.784390243902439,0.8635875402792696,0.5721654120791172
0.7841796875,0.8625134264232008,0.572919162053453
0.7849462365591398,0.8625134264232008,0.5741568923995394
0.7857142857142857,0.8625134264232008,0.5758558460087101
0.7864838393731636,0.8625134264232008,0.5779990030250214
0.7862745098039216,0.8614393125671321,0.5785152034456916
0.7870461236506379,0.8614393125671321,0.5787461378061219
0.7868369351669942,0.8603651987110634,0.5788928916109923
0.7866273352999017,0.8592910848549946,0.5790752040718385
0.7864173228346457,0.8582169709989259,0.5795701541091629
0.7862068965517242,0.8571428571428571,0.5795947385758543
0.7859960552268245,0.8560687432867884,0.5807744040194447
0.7857847976307996,0.8549946294307197,0.5812912099863179
0.7853610286844708,0.8528464017185822,0.5819359800559489
0.7861386138613862,0.8528464017185822,0.5842853204236654
0.7859266600594648,0.8517722878625135,0.5844750947937313
0.7857142857142857,0.8506981740064447,0.5847909279874132
0.7864945382323734,0.8506981740064447,0.585840295575236
0.7870646766169154,0.849624060150376,0.5865937964397708
0.7868525896414342,0.8485499462943072,0.5876754900156601
0.7876370887337986,0.8485499462943072,0.5880515402861645
0.7874251497005988,0.8474758324382384,0.588221928825347
0.7882117882117882,0.8474758324382384,0.5888615677523212
0.789,0.8474758324382384,0.5892397370915777
0.7887887887887888,0.8464017185821697,0.5906919137702439
0.7885771543086172,0.8453276047261009,0.5926151043107196
0.7893681043129388,0.8453276047261009,0.5927480072425789
0.7891566265060241,0.8442534908700322,0.5932454586572613
0.7899497487437186,0.8442534908700322,0.593484351859335
0.789738430583501,0.8431793770139635,0.5937757172028103
0.7895266868076536,0.8421052631578947,0.5937812366854465
0.7903225806451613,0.8421052631578947,0.5948006766113442
0.7901109989909183,0.841031149301826,0.5954812201829766
0.7909090909090909,0.841031149301826,0.5956107663750074
0.7917087967644085,0.841031149301826,0.5985072859295486
0.791497975708502,0.8399570354457573,0.5991433409827137
0.7922998986828774,0.8399570354457573,0.5994853937066322
0.7920892494929006,0.8388829215896885,0.6014661113625505
0.7928934010152284,0.8388829215896885,0.6018472497481284
0.7936991869918699,0.8388829215896885,0.602315683071932
0.7934893184130214,0.8378088077336198,0.6040577171127995
0.7942973523421588,0.8378088077336198,0.604991886043749
0.7951070336391437,0.8378088077336198,0.6058626867198434
0.7948979591836735,0.8367346938775511,0.6059945868219131
0.7957099080694586,0.8367346938775511,0.6074878433298422
0.7965235173824131,0.8367346938775511,0.6076543557912544
0.797338792221085,0.8367346938775511,0.6078606567281365
0.7971311475409836,0.8356605800214822,0.6092273465773078
0.7979487179487179,0.8356605800214822,0.6099628570384663
0.7987679671457906,0.8356605800214822,0.6106924226460251
0.7995889003083247,0.8356605800214822,0.6107022320576131
0.8004115226337448,0.8356605800214822,0.6115845412820679
0.800205973223481,0.8345864661654135,0.6118523785065881
0.8,0.8335123523093448,0.6123695560163565
0.8008255933952528,0.8335123523093448,0.6128250987059037
0.8016528925619835,0.8335123523093448,0.6149634999607181
0.8014477766287487,0.832438238453276,0.6150991780861882
0.8022774327122153,0.832438238453276,0.6154281782129071
0.8031088082901554,0.832438238453276,0.6169667091980325
0.8029045643153527,0.8313641245972073,0.6172349956655814
0.8037383177570093,0.8313641245972073,0.6177347987163787
0.8045738045738046,0.8313641245972073,0.6180495759444138
0.8043704474505723,0.8302900107411385,0.6184403872311359
0.8052083333333333,0.8302900107411385,0.6189510243525486
0.8060479666319083,0.8302900107411385,0.619031705248406
0.8058455114822547,0.8292158968850698,0.6211611185781056
0.8066875653082549,0.8292158968850698,0.6213223689946316
0.8064853556485355,0.8281417830290011,0.6224821007031321
0.806282722513089,0.8270676691729323,0.62391115342043
0.8071278825995807,0.8270676691729323,0.6244310507722134
0.8069254984260231,0.8259935553168636,0.6268870162050303
0.8077731092436975,0.8259935553168636,0.6270297389658845
0.8086225026288117,0.8259935553168636,0.6272603441684279
0.8084210526315789,0.8249194414607949,0.6276556839794021
0.80927291886196,0.8249194414607949,0.6280192562761712
0.810126582278481,0.8249194414607949,0.6285710119837914
0.8099260823653643,0.8238453276047261,0.6299264482136055
0.8107822410147991,0.8238453276047261,0.630106020477655
0.8105820105820106,0.8227712137486574,0.6306776751010562
0.8114406779661016,0.8227712137486574,0.632792848023627
0.8123011664899258,0.8227712137486574,0.6330343393921806
0.8121019108280255,0.8216970998925887,0.633153792357366
0.8129649309245484,0.8216970998925887,0.6338651210236147
0.8138297872340425,0.8216970998925887,0.6345874885761533
0.8146964856230032,0.8216970998925887,0.634935838056541
0.8155650319829424,0.8216970998925887,0.6363888705367907
0.8153681963713981,0.8206229860365198,0.6366619550102861
0.8151709401709402,0.8195488721804511,0.6368431029353624
0.8149732620320855,0.8184747583243824,0.6370684027974042
0.815845824411135,0.8184747583243824,0.6372906226389538
0.8156484458735263,0.8174006444683136,0.6373271492406243
0.8165236051502146,0.8174006444683136,0.637409867640423
0.8174006444683136,0.8174006444683136,0.6375958608349799
0.8182795698924731,0.8174006444683136,0.6376451470891666
0.8180839612486545,0.8163265306122449,0.6403657445189366
0.8189655172413793,0.8163265306122449,0.6411874557908949
0.8187702265372169,0.8152524167561761,0.6426837618687545
0.8196544276457883,0.8152524167561761,0.6447332040644228
0.8205405405405405,0.8152524167561761,0.6460871882280994
0.8214285714285714,0.8152524167561761,0.6462507648061379
0.8212351029252438,0.8141783029001074,0.6468074137618859
0.8221258134490239,0.8141783029001074,0.6472879703085583
0.8219326818675353,0.8131041890440387,0.6473919961699924
0.8217391304347826,0.8120300751879699,0.6485821036567678
0.8226332970620239,0.8120300751879699,0.648726667438949
0.8235294117647058,0.8120300751879699,0.6488037624811687
0.8244274809160306,0.8120300751879699,0.648994841101999
0.8253275109170306,0.8120300751879699,0.6503928934412679
0.825136612021858,0.8109559613319012,0.6525883009153524
0.8260393873085339,0.8109559613319012,0.6528975071836839
0.8258488499452354,0.8098818474758325,0.6530346636316702
0.8256578947368421,0.8088077336197637,0.6545095194667473
0.8254665203073546,0.807733619763695,0.6547747344579129
0.8252747252747252,0.8066595059076263,0.6548646716426672
0.8261826182618262,0.8066595059076263,0.6551328897528217
0.8259911894273128,0.8055853920515574,0.6558949352350686
0.8269018743109151,0.8055853920515574,0.6565715843629251
0.8278145695364238,0.8055853920515574,0.6568477828628049
0.8287292817679558,0.8055853920515574,0.657589469030651
0.8296460176991151,0.8055853920515574,0.6581386039681005
0.8305647840531561,0.8055853920515574,0.65884601906235
0.8314855875831486,0.8055853920515574,0.6601969241790967
0.8312985571587126,0.8045112781954887,0.6607726753094405
0.8322222222222222,0.8045112781954887,0.6612249228274798
0.8331479421579533,0.8045112781954887,0.661434481733748
0.8340757238307349,0.8045112781954887,0.6616858787323007
0.8338907469342252,0.80343716433942,0.661746985723222
0.8348214285714286,0.80343716433942,0.6627837688979942
0.8346368715083798,0.8023630504833512,0.6648593153826639
0.8355704697986577,0.8023630504833512,0.6649053837647696
0.8353863381858903,0.8012889366272825,0.6653593903459226
0.8352017937219731,0.8002148227712137,0.6653741890418899
0.835016835016835,0.799140708915145,0.6668718448994155
0.8359550561797753,0.799140708915145,0.667570038690655
0.8368953880764904,0.799140708915145,0.6685429245539962
0.8367117117117117,0.7980665950590763,0.6713745774922244
0.8376550169109357,0.7980665950590763,0.6723650221599544
0.8386004514672686,0.7980665950590763,0.6724750451368655
0.8395480225988701,0.7980665950590763,0.6726482758640541
0.8393665158371041,0.7969924812030075,0.6737216192608647
0.840317100792752,0.7969924812030075,0.6737532613712246
0.8412698412698413,0.7969924812030075,0.674119178606101
0.8410896708286039,0.7959183673469388,0.6748518357069813
0.8420454545454545,0.7959183673469388,0.6751541892851113
0.8418657565415245,0.7948442534908701,0.6769889259089724
0.8416856492027335,0.7937701396348013,0.6770242444814327
0.8415051311288484,0.7926960257787325,0.6775233851078846
0.8424657534246576,0.7926960257787325,0.6792999355735423
0.8422857142857143,0.7916219119226638,0.6809237907919073
0.8442153493699885,0.7916219119226638,0.6809843068108722
0.8440366972477065,0.790547798066595,0.6815555860565549
0.8450057405281286,0.790547798066595,0.6819669111236116
0.8459770114942529,0.790547798066595,0.682286827366756
0.8469505178365938,0.790547798066595,0.6827575611017458
0.8467741935483871,0.7894736842105263,0.6830228814641183
0.8477508650519031,0.7894736842105263,0.6831825638816876
0.848729792147806,0.7894736842105263,0.6833291904504212
0.8497109826589595,0.7894736842105263,0.683505226592113
0.8495370370370371,0.7883995703544576,0.683808109480121
0.8493626882966396,0.7873254564983888,0.683905534857523
0.8491879350348028,0.7862513426423201,0.683911402724719
0.8501742160278746,0.7862513426423201,0.684144630609067
0.8511627906976744,0.7862513426423201,0.6843266523638866
0.8521536670547147,0.7862513426423201,0.6850576396751102
0.8531468531468531,0.7862513426423201,0.6857523437608856
0.8541423570595099,0.7862513426423201,0.6868289195342643
0.8551401869158879,0.7862513426423201,0.6877324710488154
0.856140350877193,0.7862513426423201,0.6888047670965453
0.8559718969555035,0.7851772287862513,0.6891386660836957
0.8558030480656507,0.7841031149301826,0.6895275597156681
0.8556338028169014,0.7830290010741139,0.6900369358736752
0.8566392479435958,0.7830290010741139,0.6904040854442431
0.8576470588235294,0.7830290010741139,0.692450837735822
0.8574793875147232,0.7819548872180451,0.6926408446718778
0.8573113207547169,0.7808807733619764,0.6938965965187587
0.8571428571428571,0.7798066595059077,0.6953509843933556
0.8581560283687943,0.7798066595059077,0.6954770847115267
0.8591715976331361,0.7798066595059077,0.6970798736286619
0.8601895734597157,0.7798066595059077,0.6972136902191356
0.8600237247924081,0.7787325456498388,0.6977485517257277
0.8610451306413301,0.7787325456498388,0.6987248499430351
0.8608799048751486,0.7776584317937701,0.6993631150232041
0.861904761904762,0.7776584317937701,0.7010342575149676
0.8629320619785459,0.7776584317937701,0.7013608009339557
0.8627684964200477,0.7765843179377014,0.7017232311244287
0.8637992831541219,0.7765843179377014,0.7024529456888333
0.8636363636363636,0.7755102040816326,0.7030209576941602
0.8634730538922155,0.7744360902255639,0.7030845392229667
0.8645083932853717,0.7744360902255639,0.7036805206478209
0.8643457382953181,0.7733619763694952,0.704560041112317
0.8641826923076923,0.7722878625134264,0.7045615485304229
0.865222623345367,0.7722878625134264,0.7064350107028292
0.8662650602409638,0.7722878625134264,0.7070091918088158
0.8661037394451147,0.7712137486573577,0.7072695165533027
0.8671497584541062,0.7712137486573577,0.7085123908338911
0.8681983071342201,0.7712137486573577,0.7087561976412499
0.8692493946731235,0.7712137486573577,0.708912837503129
0.8690909090909091,0.7701396348012889,0.7098354412113462
0.8689320388349514,0.7690655209452202,0.7099757119259844
0.8687727825030377,0.7679914070891515,0.7101165743397273
0.8686131386861314,0.7669172932330827,0.7113943748014244
0.8696711327649208,0.7669172932330827,0.7125709134863618
0.8695121951219512,0.765843179377014,0.7130819057222173
0.8693528693528694,0.7647690655209453,0.7155250458433762
0.8691931540342298,0.7636949516648764,0.7157337981425005
0.8690330477356181,0.7626208378088077,0.7157443040809113
0.8688725490196079,0.761546723952739,0.7160631043963388
0.8687116564417178,0.7604726100966702,0.7168306729519812
0.8685503685503686,0.7593984962406015,0.7201067607884306
0.8694581280788177,0.7583243823845328,0.721949078398506
0.8692971639950678,0.757250268528464,0.7226588108044059
0.8691358024691358,0.7561761546723953,0.7236867202002515
0.8689740420271941,0.7551020408163265,0.7243395106731242
0.870049504950495,0.7551020408163265,0.7243843133173795
0.8698884758364313,0.7540279269602578,0.7253830855954493
0.8709677419354839,0.7540279269602578,0.7261114316131195
0.8720496894409938,0.7540279269602578,0.7270632295449754
0.8718905472636815,0.7529538131041891,0.7271893465548339
0.8729763387297634,0.7529538131041891,0.727636054216186
0.8740648379052369,0.7529538131041891,0.7283529388711278
0.8751560549313359,0.7529538131041891,0.7284043251008308
0.87625,0.7529538131041891,0.7289599350213475
0.8760951188986232,0.7518796992481203,0.7293511137984816
0.8759398496240601,0.7508055853920516,0.7293550149738363
0.875784190715182,0.7497314715359829,0.7293643645268792
0.8768844221105527,0.7497314715359829,0.7312217921041765
0.8779874213836478,0.7497314715359829,0.7313333933723479
0.8778337531486146,0.748657357679914,0.7315485248253588
0.8776796973518285,0.7475832438238453,0.7334421599179413
0.8775252525252525,0.7465091299677766,0.7347219739337454
0.8786346396965866,0.7465091299677766,0.7350339524806632
0.879746835443038,0.7465091299677766,0.7366709061255118
0.8808618504435995,0.7465091299677766,0.7370901017443988
0.881979695431472,0.7465091299677766,0.7378837723690203
0.8818297331639136,0.7454350161117078,0.7385094965719881
0.8816793893129771,0.7443609022556391,0.739602954945275
0.8815286624203822,0.7432867883995704,0.7400816774956321
0.8813775510204082,0.7422126745435016,0.7401475798776255
0.8825031928480205,0.7422126745435016,0.7406434945943344
0.8823529411764706,0.7411385606874329,0.7415855674832487
0.8834827144686299,0.7411385606874329,0.7424672501358919
0.8846153846153846,0.7411385606874329,0.7432064270002233
0.8844672657252889,0.7400644468313641,0.7445138607517523
0.8856041131105399,0.7400644468313641,0.7453229187426056
0.8854568854568855,0.7389903329752954,0.7455334766182052
0.8853092783505154,0.7379162191192267,0.7480280013630392
0.8864516129032258,0.7379162191192267,0.7488939401128726
0.8863049095607235,0.7368421052631579,0.7493743455371296
0.88745148771022,0.7368421052631579,0.7501053118358723
0.8873056994818653,0.7357679914070892,0.7501302005760434
0.8884565499351491,0.7357679914070892,0.7505973585125816
0.8883116883116883,0.7346938775510204,0.7514077507627949
0.8881664499349805,0.7336197636949516,0.7520750875454626
0.8893229166666666,0.7336197636949516,0.7532219923415003
0.8904823989569752,0.7336197636949516,0.7534633162797812
0.8903394255874674,0.7325456498388829,0.753661650639327
0.8901960784313725,0.7314715359828142,0.7539400655536913
0.8913612565445026,0.7314715359828142,0.7545552845270471
0.8925294888597641,0.7314715359828142,0.7546981373553485
0.8937007874015748,0.7314715359828142,0.7560195083171963
0.8935611038107752,0.7303974221267454,0.7562057047734666
0.8947368421052632,0.7303974221267454,0.7586309681159288
0.8959156785243741,0.7303974221267454,0.7600648819677566
0.895778364116095,0.7293233082706767,0.7602348653431282
0.8956406869220608,0.728249194414608,0.7617114161981808
0.8968253968253969,0.728249194414608,0.7626417942900242
0.8980132450331125,0.728249194414608,0.7630749027976228
0.8978779840848806,0.7271750805585392,0.7633171850114604
0.897742363877822,0.7261009667024705,0.7647552851020855
0.8976063829787234,0.7250268528464017,0.7650187828210042
0.8988015978695073,0.7250268528464017,0.765287916007887
0.9,0.7250268528464017,0.7655470775994673
0.8998664886515354,0.723952738990333,0.7657034557305998
0.8997326203208557,0.7228786251342643,0.7684529643615469
0.8995983935742972,0.7218045112781954,0.7700047706780823
0.900804289544236,0.7218045112781954,0.7700078571643801
0.9020134228187919,0.7218045112781954,0.7712639367343882
0.9018817204301075,0.7207303974221267,0.7714263902538121
0.9030955585464334,0.7207303974221267,0.771523945433353
0.9043126684636119,0.7207303974221267,0.7718168043639722
0.9041835357624831,0.719656283566058,0.7722763500000647
0.9054054054054054,0.719656283566058,0.7730407384180904
0.9052774018944519,0.7185821697099892,0.7741299848010977
0.9065040650406504,0.7185821697099892,0.774740367615115
0.9063772048846676,0.7175080558539205,0.7748911665688824
0.90625,0.7164339419978518,0.7751564215609116
0.9061224489795918,0.715359828141783,0.7753541196848001
0.9073569482288828,0.715359828141783,0.7763175020109008
0.9072305593451568,0.7142857142857143,0.7769160910375116
0.9084699453551912,0.7142857142857143,0.7771455947218388
0.908344733242134,0.7132116004296455,0.777462699585727
0.9095890410958904,0.7132116004296455,0.7779929251736649
0.9094650205761317,0.7121374865735768,0.778908283595526
0.9107142857142857,0.7121374865735768,0.7789606570048022
0.9105914718019257,0.7110633727175081,0.7795805494148182
0.9104683195592287,0.7099892588614393,0.7797331828070823
0.9117241379310345,0.7099892588614393,0.779749631276913
0.9129834254143646,0.7099892588614393,0.7812436088068178
0.9128630705394191,0.7089151450053706,0.7814058818515504
0.9127423822714681,0.7078410311493019,0.7822409174201505
0.912621359223301,0.706766917293233,0.7831473671326417
0.9138888888888889,0.706766917293233,0.7832464626320234
0.913769123783032,0.7056928034371643,0.7842391259678655
0.915041782729805,0.7056928034371643,0.7857412640478428
0.9149232914923291,0.7046186895810956,0.7872617506823241
0.914804469273743,0.7035445757250268,0.7880504771792021
0.9146853146853147,0.7024704618689581,0.7895599204247442
0.9159663865546218,0.7024704618689581,0.7899628536500326
0.9158485273492286,0.7013963480128894,0.7901757824155624
0.9171348314606742,0.7013963480128894,0.7903251498359524
0.9170182841068917,0.7003222341568206,0.7908461548040258
0.9169014084507042,0.6992481203007519,0.791437001748461
0.9167842031029619,0.6981740064446831,0.7914417923804153
0.9180790960451978,0.6981740064446831,0.7916542945319301
0.917963224893918,0.6970998925886144,0.792118344249787
0.9178470254957507,0.6960257787325457,0.7922612572297141
0.9177304964539007,0.6949516648764769,0.7926781633219984
0.9176136363636364,0.6938775510204082,0.7926887168153081
0.9174964438122333,0.6928034371643395,0.7937642764290394
0.9173789173789174,0.6917293233082706,0.7938379110065239
0.9172610556348074,0.6906552094522019,0.7946872377042475
0.9185714285714286,0.6906552094522019,0.7962082589861189
0.9198855507868383,0.6906552094522019,0.7962941440371648
0.9197707736389685,0.6895810955961332,0.7967093488369676
0.921090387374462,0.6895810955961332,0.7968148364038969
0.9224137931034483,0.6895810955961332,0.7970895526001079
0.9223021582733812,0.6885069817400644,0.7979897162766498
0.9236311239193083,0.6885069817400644,0.798248002364845
0.9235209235209235,0.6874328678839957,0.7999672634643804
0.9248554913294798,0.6874328678839957,0.80005421406789
0.9261939218523878,0.6874328678839957,0.8015079058044801
0.927536231884058,0.6874328678839957,0.8016516184835857
0.9274310595065312,0.686358754027927,0.8016843111547701
0.9273255813953488,0.6852846401718582,0.8019022689192754
0.9272197962154294,0.6842105263157895,0.8023126431675592
0.9271137026239067,0.6831364124597207,0.8023258780221919
0.927007299270073,0.682062298603652,0.8029844144981714
0.9269005847953217,0.6809881847475833,0.803953443169274
0.9267935578330894,0.6799140708915145,0.8039865987309898
0.9266862170087976,0.6788399570354458,0.8043118539652135
0.9265785609397944,0.677765843179377,0.8059820005764612
0.9279411764705883,0.677765843179377,0.806588914965597
0.9278350515463918,0.6766917293233082,0.8082254870486184
0.9277286135693216,0.6756176154672395,0.8083544936041905
0.9290989660265879,0.6756176154672395,0.8084443861761468
0.9289940828402367,0.6745435016111708,0.8100668660277951
0.93026706231454,0.673469387755102,0.8115889848602975
0.9301634472511144,0.6723952738990333,0.8119709296376253
0.9315476190476191,0.6723952738990333,0.8121217243294234
0.9329359165424739,0.6723952738990333,0.8122878545451094
0.9328358208955224,0.6713211600429646,0.8133479336380808
0.9342301943198804,0.6713211600429646,0.8133907418221704
0.9341317365269461,0.6702470461868958,0.813892984915128
0.9355322338830585,0.6702470461868958,0.8146341677710753
0.9369369369369369,0.6702470461868958,0.8146754387478079
0.9383458646616541,0.6702470461868958,0.815547126315601
0.9397590361445783,0.6702470461868958,0.8165032628653703
0.9411764705882353,0.6702470461868958,0.8166164521524483
0.9410876132930514,0.6691729323308271,0.8170046472616732
0.9425113464447806,0.6691729323308271,0.8181731907519795
0.943939393939394,0.6691729323308271,0.8187287678169227
0.9453717754172989,0.6691729323308271,0.8188058617999507
0.9468085106382979,0.6691729323308271,0.8191262646146805
0.9467275494672754,0.6680988184747583,0.8197874987824563
0.9466463414634146,0.6670247046186896,0.8203652390672128
0.9465648854961832,0.6659505907626209,0.8206065320679532
0.9480122324159022,0.6659505907626209,0.8206661052518668
0.9479326186830015,0.664876476906552,0.8209078784504823
0.9478527607361963,0.6638023630504833,0.8220668800105518
0.9477726574500768,0.6627282491944146,0.8222220776589008
0.9476923076923077,0.6616541353383458,0.8227889430630142
0.9476117103235747,0.6605800214822771,0.822986696088719
0.9475308641975309,0.6595059076262084,0.8239074609551115
0.9489953632148377,0.6595059076262084,0.8242613473119461
0.9489164086687306,0.6584317937701396,0.824896831689518
0.9488372093023256,0.6573576799140709,0.825243712919082
0.9487577639751553,0.6562835660580022,0.8270554162754926
0.9486780715396579,0.6552094522019334,0.8273191285629161
0.9485981308411215,0.6541353383458647,0.8273387867789451
0.9485179407176287,0.6530612244897959,0.8275604681079676
0.9484375,0.6519871106337272,0.8289958451676549
0.9483568075117371,0.6509129967776585,0.8293153426703467
0.9482758620689655,0.6498388829215896,0.8298274779492303
0.9481946624803768,0.6487647690655209,0.8303966926071424
0.9481132075471698,0.6476906552094522,0.831267199119561
0.9480314960629921,0.6466165413533834,0.8312755485804586
0.9479495268138801,0.6455424274973147,0.8316339782218396
0.9478672985781991,0.644468313641246,0.8322033152717967
0.9477848101265823,0.6433941997851772,0.8328157184587898
0.9492868462757528,0.6433941997851772,0.8329043437009979
0.9492063492063492,0.6423200859291085,0.8351551927933683
0.9507154213036566,0.6423200859291085,0.836558124364223
0.9506369426751592,0.6412459720730398,0.8373812766571319
0.9521531100478469,0.6412459720730398,0.8380717991696646
0.952076677316294,0.640171858216971,0.8405000268191748
0.9536,0.640171858216971,0.8415040219748692
0.9535256410256411,0.6390977443609023,0.8418653656713126
0.9534510433386838,0.6380236305048335,0.8430769581364376
0.9533762057877814,0.6369495166487648,0.8430967026008875
0.9533011272141707,0.635875402792696,0.8436344958463725
0.9532258064516129,0.6348012889366272,0.843754598136517
0.9547657512116317,0.6348012889366272,0.8441890295748595
0.9546925566343042,0.6337271750805585,0.8443791960159049
0.9546191247974068,0.6326530612244898,0.8452390003116904
0.9545454545454546,0.631578947368421,0.8456873749922689
0.9544715447154472,0.6305048335123523,0.8459883062736508
0.9543973941368078,0.6294307196562836,0.8468072037067393
0.9543230016313213,0.6283566058002148,0.8473751802394619
0.954248366013072,0.6272824919441461,0.8475069386240607
0.9541734860883797,0.6262083780880774,0.850566410018069
0.9540983606557377,0.6251342642320086,0.8515218887127584
0.9540229885057471,0.6240601503759399,0.8517098940649528
0.9539473684210527,0.6229860365198711,0.8518020849017816
0.9538714991762768,0.6219119226638024,0.8525666762898065
0.9537953795379538,0.6208378088077336,0.853263518243696
0.9553719008264463,0.6208378088077336,0.8533796402952593
0.9552980132450332,0.6197636949516648,0.8534819827263952
0.9552238805970149,0.6186895810955961,0.8534823522068806
0.9551495016611296,0.6176154672395274,0.8538728918705552
0.956738768718802,0.6176154672395274,0.8541161733898798
0.9566666666666667,0.6165413533834586,0.8541864071878571
0.9582637729549248,0.6165413533834586,0.8547644471530741
0.9581939799331104,0.6154672395273899,0.8548025753133905
0.9581239530988275,0.6143931256713212,0.8550457362631433
0.9580536912751678,0.6133190118152524,0.8552032842668064
0.957983193277311,0.6122448979591837,0.8558211170084807
0.9579124579124579,0.611170784103115,0.8562968577929003
0.9578414839797639,0.6100966702470462,0.8563292207784737
0.9577702702702703,0.6090225563909775,0.856364981050974
0.9576988155668359,0.6079484425349087,0.8569305322215183
0.9576271186440678,0.60687432867884,0.8581581590741905
0.9575551782682513,0.6058002148227712,0.8582866611086422
0.9574829931972789,0.6047261009667024,0.8583913037481756
0.9574105621805792,0.6036519871106337,0.858711570742435
0.9573378839590444,0.602577873254565,0.8592229122118185
0.9572649572649573,0.6015037593984962,0.8603032731205666
0.9571917808219178,0.6004296455424275,0.8607489224117736
0.9588336192109777,0.6004296455424275,0.8622894236209786
0.9587628865979382,0.5993555316863588,0.8626303180761047
0.9586919104991394,0.59828141783029,0.8626550251838815
0.9586206896551724,0.5972073039742213,0.8633038850266659
0.9585492227979274,0.5961331901181526,0.8639413432015167
0.9584775086505191,0.5950590762620838,0.8648426249157444
0.9601386481802426,0.5950590762620838,0.8654784360193146
0.9600694444444444,0.5939849624060151,0.865484471583181
0.96,0.5929108485499462,0.8656244305587661
0.9599303135888502,0.5918367346938775,0.8660115765606858
0.9598603839441536,0.5907626208378088,0.866686252235074
0.9597902097902098,0.58968850698174,0.8679085131387044
0.9597197898423818,0.5886143931256713,0.8681884093576095
0.9596491228070175,0.5875402792696026,0.8688821909134414
0.9595782073813708,0.5864661654135338,0.8693853762455439
0.9595070422535211,0.5853920515574651,0.8704562210541454
0.9594356261022927,0.5843179377013964,0.870745607934489
0.9611307420494699,0.5843179377013964,0.8713626456765216
0.9610619469026549,0.5832438238453276,0.8714995396055776
0.9627659574468085,0.5832438238453276,0.8717373150678609
0.9626998223801065,0.5821697099892589,0.8721073214879866
0.9626334519572953,0.5810955961331902,0.8722020386116434
0.9625668449197861,0.5800214822771214,0.8728409340518626
0.9625,0.5789473684210527,0.8741115717218939
0.962432915921288,0.5778732545649838,0.8741814591940935
0.9623655913978495,0.5767991407089151,0.8748155081403826
0.9622980251346499,0.5757250268528464,0.8748157400895138
0.9622302158273381,0.5746509129967776,0.8749490491315878
0.9621621621621622,0.5735767991407089,0.8751142874106512
0.9620938628158845,0.5725026852846402,0.8752233158007992
0.9620253164556962,0.5714285714285714,0.8768947985997693
0.9619565217391305,0.5703544575725027,0.8773438213429099
0.9618874773139746,0.569280343716434,0.8774383342338551
0.9618181818181818,0.5682062298603652,0.8779107935195329
0.9617486338797814,0.5671321160042965,0.8780284560640597
0.9635036496350365,0.5671321160042965,0.8798837408620455
0.9634369287020109,0.5660580021482277,0.8800171426995275
0.9633699633699634,0.564983888292159,0.8805756157557295
0.963302752293578,0.5639097744360902,0.8814065669441461
0.9632352941176471,0.5628356605800214,0.8814148727790079
0.9631675874769797,0.5617615467239527,0.8816366133303755
0.9630314232902033,0.5596133190118152,0.881694482205098
0.9628942486085343,0.5574650912996778,0.8818037330521756
0.9628252788104089,0.556390977443609,0.8819628800796036
0.9646182495344506,0.556390977443609,0.8823085792538375
0.9645522388059702,0.5553168635875403,0.8832774088644197
0.9644859813084112,0.5542427497314716,0.8834328834123075
0.9644194756554307,0.5531686358754028,0.885390211437252
0.9661654135338346,0.5520945220193341,0.8867991365931296
0.9661016949152542,0.5510204081632653,0.8869146272454871
0.9660377358490566,0.5499462943071965,0.8872566626734617
0.9659735349716446,0.5488721804511278,0.8884359216434291
0.9678030303030303,0.5488721804511278,0.88932218397818
0.967741935483871,0.547798066595059,0.8894056181845138
0.967680608365019,0.5467239527389903,0.8899144957888562
0.9676190476190476,0.5456498388829216,0.8903788552784717
0.9675572519083969,0.5445757250268528,0.8905649673117199
0.9674952198852772,0.5435016111707841,0.8911536892627823
0.9674329501915708,0.5424274973147154,0.8916104875314926
0.9692898272552783,0.5424274973147154,0.8916162515853915
0.9692307692307692,0.5413533834586466,0.8920913959926441
0.9691714836223507,0.5402792696025779,0.8928880947150727
0.9691119691119691,0.5392051557465092,0.8931087973223494
0.9690522243713733,0.5381310418904404,0.893580635501335
0.9689922480620154,0.5370569280343717,0.8939094770073904
0.9689320388349515,0.5359828141783028,0.8939584964782614
0.9688715953307393,0.5349087003222341,0.8945698295634967
0.9688109161793372,0.5338345864661654,0.8947059620672938
0.96875,0.5327604726100966,0.8953545849575258
0.9686888454011742,0.5316863587540279,0.8956770353022324
0.9686274509803922,0.5306122448979592,0.8957995780961082
0.9685658153241651,0.5295381310418904,0.8958501687898179
0.968503937007874,0.5284640171858217,0.8963426489929962
0.9704142011834319,0.5284640171858217,0.896999793892985
0.9703557312252964,0.527389903329753,0.8973456113158769
0.9702970297029703,0.5263157894736842,0.8982385005880282
0.9702380952380952,0.5252416756176155,0.8988835901247835
0.9701789264413518,0.5241675617615468,0.8990623507557469
0.9701195219123506,0.523093447905478,0.8993485433164543
0.9700598802395209,0.5220193340494093,0.8993746528866275
0.97,0.5209452201933404,0.8994092045186032
0.9719438877755511,0.5209452201933404,0.8994550155639466
0.9718875502008032,0.5198711063372717,0.8996760411087702
0.971830985915493,0.518796992481203,0.90010394488266
0.9717741935483871,0.5177228786251342,0.9013561442997802
0.9717171717171718,0.5166487647690655,0.901850833984769
0.97165991902834,0.5155746509129968,0.902096935192198
0.9716024340770791,0.514500537056928,0.9024143019184246
0.9715447154471545,0.5134264232008593,0.9033611850028598
0.9714867617107943,0.5123523093447906,0.9038923480349983
0.9714285714285714,0.5112781954887218,0.90426224751042
0.9713701431492843,0.5102040816326531,0.9046704081714771
0.9713114754098361,0.5091299677765844,0.9047082230411131
0.971252566735113,0.5080558539205156,0.9048435634081445
0.9711934156378601,0.5069817400644469,0.9049238008893885
0.9711340206185567,0.505907626208378,0.9051802611992349
0.9710743801652892,0.5048335123523093,0.9053749260721429
0.9710144927536232,0.5037593984962406,0.9055457482457575
0.970954356846473,0.5026852846401718,0.908611091183844
0.9708939708939709,0.5016111707841031,0.9089641642457722
0.9708333333333333,0.5005370569280344,0.9093847272975253
0.9707724425887265,0.49946294307196565,0.9097977267330009
0.9707112970711297,0.4983888292158969,0.9098053798248441
0.9706498951781971,0.49731471535982813,0.9099189823305919
0.9705882352941176,0.49624060150375937,0.9100608449770514
0.9705263157894737,0.49516648764769067,0.9100724672581362
0.9704641350210971,0.4940923737916219,0.9100821142957094
0.9704016913319239,0.49301825993555315,0.9101764359716934
0.972457627118644,0.49301825993555315,0.9102791563427994
0.9723991507430998,0.49194414607948445,0.9104833710898229
0.9723404255319149,0.4908700322234157,0.9107929068027109
0.9722814498933902,0.4897959183673469,0.9114263371892148
0.9722222222222222,0.48872180451127817,0.9122067290649705
0.9721030042918455,0.4865735767991407,0.9123794617541019
0.9720430107526882,0.48549946294307195,0.9124498724842212
0.9719827586206896,0.48442534908700324,0.9126548462193824
0.9740820734341252,0.48442534908700324,0.9142470017013007
0.974025974025974,0.4833512352309345,0.9143366051522914
0.9739696312364425,0.4822771213748657,0.9147979853593159
0.9739130434782609,0.48120300751879697,0.914814634980017
0.9738562091503268,0.48012889366272826,0.9160151464022251
0.9737991266375546,0.4790547798066595,0.9163272865436906
0.973741794310722,0.47798066595059074,0.916444796039508
0.9736842105263158,0.47690655209452204,0.9167464348077865
0.9736263736263736,0.4758324382384533,0.9167524838558393
0.973568281938326,0.4747583243823845,0.916769829998286
0.9757174392935982,0.4747583243823845,0.9169959035959044
0.9756637168141593,0.47368421052631576,0.917113149394199
0.975609756097561,0.47261009667024706,0.9178844837701441
0.9755555555555555,0.4715359828141783,0.9179008140894667
0.9755011135857461,0.47046186895810954,0.9180303796485958
0.9754464285714286,0.46938775510204084,0.9180531348925904
0.9753914988814317,0.4683136412459721,0.918180101357191
0.9775784753363229,0.4683136412459721,0.9196341589233195
0.9775280898876404,0.4672395273899033,0.919654304249562
0.9774774774774775,0.46616541353383456,0.9197199345783496
0.9796839729119639,0.46616541353383456,0.9209390126834145
0.9796380090497737,0.46509129967776586,0.9215485206515801
0.981859410430839,0.46509129967776586,0.9218779515884276
0.9818181818181818,0.4640171858216971,0.9219471244705799
0.9840546697038725,0.4640171858216971,0.9231122767826091
0.9840182648401826,0.46294307196562834,0.9234604743134467
0.9839816933638444,0.46186895810955964,0.9241673432110231
0.9839449541284404,0.4607948442534909,0.924286508796715
0.9839080459770115,0.4597207303974221,0.9250764923672197
0.9838709677419355,0.45864661654135336,0.9251194192066947
0.9838337182448037,0.45757250268528465,0.9256794422139918
0.9837962962962963,0.4564983888292159,0.9257637244713133
0.9837209302325581,0.45435016111707843,0.9259797437747935
0.986013986013986,0.45435016111707843,0.9260822399618616
0.985981308411215,0.4532760472610097,0.9262174933116489
0.9859484777517564,0.4522019334049409,0.9264962108756759
0.9859154929577465,0.45112781954887216,0.927163992980068
0.9858823529411764,0.45005370569280345,0.9275904931511506
0.9858490566037735,0.4489795918367347,0.9288670837308943
0.9858156028368794,0.44790547798066593,0.9293374279092579
0.985781990521327,0.44683136412459723,0.929366536122627
0.9857482185273159,0.44575725026852847,0.9297137646083513
0.9857142857142858,0.4446831364124597,0.9301224057044792
0.9856801909307876,0.44360902255639095,0.9301296021436927
0.9880382775119617,0.44360902255639095,0.9301398870357317
0.988009592326139,0.44253490870032225,0.9310380112039586
0.9879807692307693,0.4414607948442535,0.9318793734898663
0.9879518072289156,0.44038668098818473,0.9319490057005805
0.9879227053140096,0.439312567132116,0.9319694528546192
0.9878934624697336,0.43823845327604727,0.9321665864814505
0.9878640776699029,0.4371643394199785,0.9322106128862775
0.9878345498783455,0.43609022556390975,0.9329202100696233
0.9878048780487805,0.43501611170784105,0.933055987370616
0.9877750611246944,0.4339419978517723,0.9336270417624236
0.9877450980392157,0.43286788399570353,0.9340633674718812
0.9877149877149877,0.4317937701396348,0.9349769945598178
0.9876847290640394,0.43071965628356607,0.9354807749188588
0.9876543209876543,0.4296455424274973,0.935631478044074
0.9876237623762376,0.42857142857142855,0.9360688113243987
0.9875930521091811,0.42749731471535984,0.9361867358890344
0.9875621890547264,0.4264232008592911,0.9364773432792936
0.9875311720698254,0.4253490870032223,0.9370475218337451
0.9875,0.4242749731471536,0.937787305563141
0.9874686716791979,0.42320085929108486,0.9377879474476257
0.9874371859296482,0.4221267454350161,0.9382500598197979
0.9899244332493703,0.4221267454350161,0.9384088420749186
0.98989898989899,0.42105263157894735,0.9385039458314847
0.9898734177215189,0.41997851772287864,0.9386882075269074
0.9898477157360406,0.4189044038668099,0.9387720293029381
0.989821882951654,0.4178302900107411,0.9390395320759368
0.9897959183673469,0.4167561761546724,0.9393626233294875
0.989769820971867,0.41568206229860366,0.9395473325285512
0.9897435897435898,0.4146079484425349,0.940124931880636
0.9897172236503856,0.41353383458646614,0.9403443662373531
0.9896907216494846,0.41245972073039744,0.9406650279178949
0.9896640826873385,0.4113856068743287,0.9407404327288797
0.9896373056994818,0.4103114930182599,0.9408028032078473
0.9896103896103896,0.4092373791621912,0.9410371582608422
0.9895833333333334,0.40816326530612246,0.9411136878468579
0.9895561357702349,0.4070891514500537,0.9412830267097835
0.9895287958115183,0.40601503759398494,0.9414235505641413
0.989501312335958,0.40494092373791624,0.9423873810085109
0.9894736842105263,0.4038668098818475,0.9425375046835874
0.9894459102902374,0.4027926960257787,0.9429675662597585
0.9894179894179894,0.40171858216971,0.9429921187772113
0.9893899204244032,0.40064446831364126,0.943070516565341
0.9893617021276596,0.3995703544575725,0.9432220261585081
0.9893333333333333,0.39849624060150374,0.9433137874821085
0.9893048128342246,0.39742212674543503,0.9434678558031059
0.9892761394101877,0.3963480128893663,0.944209441041178
0.989247311827957,0.3952738990332975,0.9445672236635206
0.9892183288409704,0.3941997851772288,0.9446995756584919
0.9891891891891892,0.39312567132116005,0.9451220911497528
0.989159891598916,0.3920515574650913,0.9456875358404272
0.9891304347826086,0.39097744360902253,0.946997097691538
0.989100817438692,0.38990332975295383,0.9475186117336843
0.9890710382513661,0.38882921589688507,0.9478726357148181
0.989041095890411,0.3877551020408163,0.9484484798399414
0.989010989010989,0.3866809881847476,0.9485400799806676
0.9889807162534435,0.38560687432867885,0.9489474257538031
0.988950276243094,0.3845327604726101,0.9494759079313023
0.9889196675900277,0.38345864661654133,0.9498595369720791
0.9888888888888889,0.38238453276047263,0.9499767004533516
0.9888579387186629,0.38131041890440387,0.95009142931646
0.9888268156424581,0.3802363050483351,0.9505221113606027
0.988795518207283,0.3791621911922664,0.9509458695619967
0.9887640449438202,0.37808807733619765,0.9511838149564162
0.9887323943661972,0.3770139634801289,0.9512361461389025
0.9887005649717514,0.37593984962406013,0.9515823328101731
0.9886685552407932,0.3748657357679914,0.9524152221717003
0.9886363636363636,0.37379162191192267,0.9527078805649497
0.9886039886039886,0.3727175080558539,0.952888938337653
0.9885714285714285,0.3716433941997852,0.9532610321477745
0.9885386819484241,0.37056928034371645,0.9533594102759329
0.9885057471264368,0.3694951664876477,0.9533708727677284
0.9884726224783862,0.3684210526315789,0.9534320166467493
0.9884393063583815,0.3673469387755102,0.9534773369885371
0.9884057971014493,0.36627282491944146,0.9534778098290783
0.9883720930232558,0.3651987110633727,0.9544646779803776
0.9883381924198251,0.364124597207304,0.9544694418044676
0.9883040935672515,0.36305048335123524,0.9549764759760431
0.9882697947214076,0.3619763694951665,0.9549773446037917
0.9882352941176471,0.3609022556390977,0.9551357413041914
0.9882005899705014,0.359828141783029,0.9560125475279769
0.9881656804733728,0.35875402792696026,0.9563749726521468
0.9881305637982196,0.3576799140708915,0.956627982507912
0.9880952380952381,0.35660580021482274,0.9566299249911784
0.9880597014925373,0.35553168635875404,0.9572436499261329
0.9880239520958084,0.3544575725026853,0.958548300355189
0.987987987987988,0.3533834586466165,0.9585812585297373
0.9879518072289156,0.3523093447905478,0.9590021957513992
0.9909365558912386,0.3523093447905478,0.9590725432550262
0.990909090909091,0.35123523093447906,0.9602993120827015
0.9908814589665653,0.3501611170784103,0.9608557973063965
0.9908536585365854,0.34908700322234154,0.9617114556271182
0.9908256880733946,0.34801288936627284,0.9626866519522665
0.99079754601227,0.3469387755102041,0.9631408208048068
0.9907692307692307,0.3458646616541353,0.9639084452536725
0.9907407407407407,0.3447905477980666,0.9639526787704299
0.9907120743034056,0.34371643394199786,0.9645285588894491
0.9906832298136646,0.3426423200859291,0.9646496224563093
0.9906542056074766,0.34156820622986034,0.9649700891113195
0.990625,0.34049409237379163,0.9649991649460455
0.9905956112852664,0.3394199785177229,0.9659543506957603
0.9905660377358491,0.3383458646616541,0.966710840484528
0.9905362776025236,0.3372717508055854,0.9668799545974751
0.990506329113924,0.33619763694951665,0.9673348780039451
0.9904761904761905,0.3351235230934479,0.9677899918478395
0.9904458598726115,0.33404940923737914,0.967967372253943
0.9904153354632588,0.33297529538131043,0.968247397800571
0.9903846153846154,0.3319011815252417,0.9684831935293234
0.9903536977491961,0.3308270676691729,0.9685930456574795
0.9935483870967742,0.3308270676691729,0.9688773646985203
0.9935275080906149,0.3297529538131042,0.968907356320852
0.9935064935064936,0.32867883995703545,0.9694508362008363
0.993485342019544,0.3276047261009667,0.9701447796562379
0.9934640522875817,0.32653061224489793,0.9701899662378023
0.9934426229508196,0.32545649838882923,0.9703498670343648
0.993421052631579,0.32438238453276047,0.9707634752214779
0.9933993399339934,0.3233082706766917,0.9716147235173852
0.9933774834437086,0.322234156820623,0.9719751948021569
0.9933554817275747,0.32116004296455425,0.9723878039315347
0.9933333333333333,0.3200859291084855,0.9731862537760371
0.9933110367892977,0.31901181525241673,0.9731902974480655
0.9966442953020134,0.31901181525241673,0.973193801549917
0.9966329966329966,0.317937701396348,0.9735785929718332
0.9966216216216216,0.31686358754027927,0.9740133032214838
0.9966101694915255,0.3157894736842105,0.9740665554638499
0.9965986394557823,0.3147153598281418,0.9743477469669418
0.9965870307167235,0.31364124597207305,0.9747510788384112
0.9965753424657534,0.3125671321160043,0.9748482372002496
0.9965635738831615,0.31149301825993553,0.9750373284923897
0.996551724137931,0.3104189044038668,0.975881819705349
0.9965397923875432,0.30934479054779807,0.9762909837520387
0.9965277777777778,0.3082706766917293,0.9768238462932503
0.9965156794425087,0.3071965628356606,0.9798031192835365
0.9965034965034965,0.30612244897959184,0.9800959566319474
0.9964912280701754,0.3050483351235231,0.9804346027595792
0.9964788732394366,0.3039742212674543,0.9808635144238861
0.9964664310954063,0.3029001074113856,0.980939491579847
0.9964539007092199,0.30182599355531686,0.981545368484509
0.99644128113879,0.3007518796992481,0.9817877906948117
0.9964285714285714,0.2996777658431794,0.9829180338258781
0.996415770609319,0.29860365198711064,0.9831913058706929
0.9964028776978417,0.2975295381310419,0.9834262796027502
0.9963898916967509,0.2964554242749731,0.9836989342528817
0.9963768115942029,0.2953813104189044,0.9840890115266546
0.9963636363636363,0.29430719656283566,0.9841786111064503
0.9963503649635036,0.2932330827067669,0.9848187064109969
0.9963369963369964,0.2921589688506982,0.9848394288080313
0.9963235294117647,0.29108485499462944,0.9849450636179504
0.996309963099631,0.2900107411385607,0.985481458948306
0.9962962962962963,0.2889366272824919,0.9860672459776009
0.9962825278810409,0.2878625134264232,0.9861586265185334
0.996268656716418,0.28678839957035446,0.9863193047019437
1.0,0.28678839957035446,0.9864378908371711
1.0,0.2857142857142857,0.9871807838323933
1.0,0.284640171858217,0.9872433040722012
1.0,0.28356605800214824,0.9874304761622369
1.0,0.2824919441460795,0.9879432436806017
1.0,0.2814178302900107,0.9879537231394312
1.0,0.280343716433942,0.9881051236967916
1.0,0.27926960257787325,0.9882522375814712
1.0,0.2781954887218045,0.9885388817408941
1.0,0.2771213748657358,0.9890727141128685
1.0,0.27604726100966703,0.9893570057157014
1.0,0.2749731471535983,0.9894706754280552
1.0,0.2738990332975295,0.9907140946095597
1.0,0.2728249194414608,0.9909235639231769
1.0,0.27175080558539205,0.9911227210279852
1.0,0.2706766917293233,0.9915470738411915
1.0,0.2696025778732546,0.9915718556946627
1.0,0.26852846401718583,0.9918790071584188
1.0,0.26745435016111707,0.992690029817951
1.0,0.2663802363050483,0.99310407838349
1.0,0.2653061224489796,0.9931713705684295
1.0,0.26423200859291085,0.993176356442947
1.0,0.2631578947368421,0.9933333333333333
1.0,0.2620837808807734,0.9933812587201165
1.0,0.26100966702470463,0.9940740740740741
1.0,0.25993555316863587,0.994102564102564
1.0,0.2588614393125671,0.9942223769429146
1.0,0.2577873254564984,0.9943543143582114
1.0,0.25671321160042965,0.9943773649860608
1.0,0.2556390977443609,0.9951641604010028
1.0,0.2545649838882922,0.9951851851851852
1.0,0.2534908700322234,0.9956238119179295
1.0,0.25241675617615467,0.9958128895957844
1.0,0.2513426423200859,0.9958298309877259
1.0,0.2502685284640172,0.9963529411764704
1.0,0.24919441460794844,0.996551724137931
1.0,0.24812030075187969,0.9966650375939847
1.0,0.24704618689581095,0.9966666666666667
1.0,0.24597207303974222,0.9971465919701215
1.0,0.24489795918367346,0.9972027972027971
1.0,0.24382384532760473,0.9972222222222222
1.0,0.24274973147153597,0.9974971804511279
1.0,0.24167561761546724,0.9975694444444444
1.0,0.24060150375939848,0.9978947550034506
1.0,0.23952738990332975,0.9984848484848483
1.0,0.23845327604726102,0.9985791910331384
1.0,0.23737916219119226,0.9986666666666667
1.0,0.23523093447905477,0.9987521367521367
1.0,0.23415682062298604,0.9988888888888889
1.0,0.23308270676691728,0.99892784992785
1.0,0.23200859291084855,0.9989377104377104
1.0,0.23093447905477982,0.9992789968652037
1.0,0.22986036519871106,0.9992857142857142
1.0,0.22878625134264233,0.9997619047619049
1.0,0.22663802363050484,0.9998245614035087
1.0,0.22556390977443608,1.0
1.0,0.0,
